{"type":"FeatureCollection","features":[{"type":"Feature","properties":{"@id":"relation/1942601","ISO3166-2":"IN-HR","admin_level":4,"boundary":"administrative","is_in:country":"India","is_in:country_code":"IN","name":"Haryana","name:ar":"هاريانا","name:cs":"Harijána","name:de":"Haryana","name:en":"Haryana","name:es":"Haryana","name:fr":"Haryana","name:hi":"हरियाणा","name:ja":"ハリヤーナー","name:kn":"ಹರಿಯಾಣ","name:ko":"하리아나","name:ku":"Haryana","name:ml":"ഹരിയാണ","name:pa":"ਹਰਿਆਣਾ","name:ru":"Харьяна","name:ta":"அரியானா","name:uk":"Гар'яна","name:ur":"ہریانہ","name:zh":"哈里亚纳邦","old_name:uk":"Хар'яна","ref":"HR","ref:LGD:state":6,"type":"boundary","wikidata":"Q1174","wikipedia":"en:Haryana"},"geometry":{"type":"MultiPolygon","coordinates":[[[[76.4679479,30.0987766],[76.461668,30.1036281],[76.4607561,30.1060134],[76.4594364,30.1079161],[76.4578056,30.1107747],[76.4569473,30.1142829],[76.4571833,30.1175868],[76.458106,30.121967],[76.4591789,30.1254191],[76.4592862,30.1276833],[76.4601016,30.1299475],[76.458857,30.1313765],[76.4580275,30.1318146],[76.4565825,30.1316363],[76.455059,30.131859],[76.4529133,30.1321374],[76.451261,30.1322302],[76.44948,30.1320632],[76.4478493,30.1319704],[76.4463901,30.1315992],[76.4444375,30.131228],[76.4431975,30.131503],[76.4419269,30.1317848],[76.4398026,30.1332323],[76.4387083,30.1352365],[76.4372062,30.1384469],[76.437571,30.1407109],[76.4384508,30.1419356],[76.4397597,30.1427706],[76.4403391,30.1434201],[76.4404678,30.1441252],[76.4387083,30.1446448],[76.43682,30.1457024],[76.4356184,30.1463333],[76.4322281,30.147892],[76.4305115,30.1492836],[76.4292455,30.1507865],[76.4292669,30.1521039],[76.4301467,30.1529759],[76.4333224,30.1560188],[76.434803,30.1568537],[76.4359402,30.1569093],[76.4369702,30.1572433],[76.4376569,30.1584678],[76.4386868,30.1602118],[76.4395666,30.1615476],[76.4409399,30.165592],[76.4407253,30.1674842],[76.4400387,30.1687643],[76.4377427,30.1717881],[76.4358759,30.1739585],[76.4347386,30.1769265],[76.4331507,30.1779096],[76.4319706,30.1785032],[76.4310264,30.1791895],[76.4323354,30.1804694],[76.4341807,30.1816009],[76.4347815,30.1823614],[76.4348674,30.1834372],[76.4339661,30.1848469],[76.4296317,30.1875919],[76.4272499,30.189558],[76.4248681,30.1916167],[76.4237523,30.1927852],[76.4216065,30.193323],[76.4192033,30.1931932],[76.4175939,30.1927852],[76.4163762,30.1927399],[76.4155984,30.192711],[76.4121008,30.1925441],[76.4110708,30.19132],[76.4100837,30.1911345],[76.4093113,30.1914869],[76.4078736,30.1915982],[76.4067578,30.1908748],[76.4059424,30.189966],[76.4049554,30.1888346],[76.4041185,30.188],[76.4036035,30.1868871],[76.4035821,30.1855331],[76.4037752,30.1840122],[76.4028311,30.182992],[76.4018655,30.1822872],[76.4001703,30.1815452],[76.3984966,30.181063],[76.3954496,30.1789855],[76.394012,30.1777241],[76.3928532,30.1770192],[76.3915229,30.1762587],[76.3907289,30.1756094],[76.3897848,30.1745521],[76.3878751,30.172122],[76.3877034,30.1711945],[76.3899565,30.1702855],[76.3920378,30.1691167],[76.3935399,30.1683561],[76.3935828,30.16741],[76.3928532,30.1666865],[76.3920808,30.165963],[76.3919091,30.1653322],[76.3921881,30.1645902],[76.3928962,30.1635883],[76.3942694,30.1602489],[76.3964796,30.1582266],[76.3992047,30.1566867],[76.4034748,30.1538109],[76.4084315,30.1488012],[76.4098906,30.1473724],[76.4103842,30.1460921],[76.4097404,30.1457581],[76.4080882,30.1454426],[76.4070368,30.1449788],[76.4061141,30.1444221],[76.4051914,30.143717],[76.4041614,30.1429005],[76.4021873,30.1415273],[76.4017367,30.1399129],[76.4010286,30.1392263],[76.3999557,30.1394676],[76.3990974,30.1400799],[76.3982606,30.140748],[76.3969731,30.1402284],[76.3955784,30.139115],[76.3930464,30.1363685],[76.3918662,30.1355891],[76.3916731,30.1350324],[76.3921666,30.1340489],[76.3943338,30.1302073],[76.39575,30.126013],[76.3953208,30.1243056],[76.3954067,30.1224496],[76.3975954,30.1219299],[76.3985395,30.1198883],[76.3994407,30.1187747],[76.3989687,30.1169557],[76.3979683,30.1166391],[76.3972091,30.1163989],[76.3949346,30.1158421],[76.3933038,30.1150996],[76.3915443,30.1140602],[76.3885831,30.1142458],[76.3842058,30.1151739],[76.3821458,30.1155822],[76.3796567,30.1162133],[76.376481,30.1168444],[76.3733053,30.1172527],[76.3703012,30.117661],[76.3684558,30.118255],[76.3628768,30.1204822],[76.3612032,30.1217443],[76.3617181,30.1236003],[76.3639926,30.1245654],[76.3655805,30.1257532],[76.3649368,30.1271637],[76.3632202,30.1290196],[76.3612032,30.1311724],[76.3603448,30.1334365],[76.3599586,30.1352551],[76.359744,30.13815],[76.3593578,30.1408964],[76.35674,30.1418985],[76.3550663,30.1426036],[76.3539934,30.1438283],[76.3528347,30.145721],[76.3508176,30.1472425],[76.3479852,30.1469828],[76.3476848,30.1459066],[76.3480281,30.1435685],[76.3458824,30.1434943],[76.3437795,30.1438654],[76.34099,30.1439397],[76.3385009,30.1437541],[76.3361835,30.143049],[76.3346386,30.1419727],[76.3339948,30.1405253],[76.333909,30.1385583],[76.3353681,30.1365541],[76.3373422,30.1348097],[76.3394451,30.1322488],[76.3403034,30.1306156],[76.34099,30.1283144],[76.3422346,30.1264585],[76.346569,30.1247881],[76.348114,30.1237117],[76.3508176,30.1235632],[76.3558601,30.1226129],[76.3584995,30.1221155],[76.3598299,30.1202595],[76.3581991,30.119183],[76.3559246,30.117958],[76.3539934,30.1157307],[76.3521909,30.1135404],[76.3517479,30.1131519],[76.3502168,30.1116843],[76.3472127,30.1083059],[76.3463974,30.1064868],[76.3441228,30.1022172],[76.3429212,30.1008064],[76.341505,30.1000638],[76.3397455,30.0995069],[76.3381576,30.099841],[76.334896,30.1002495],[76.3322782,30.1001381],[76.3296175,30.0996183],[76.3277721,30.0986158],[76.3258838,30.0975019],[76.3233947,30.0961653],[76.3211631,30.0955712],[76.3188028,30.0968336],[76.3152837,30.101289],[76.3103485,30.1054473],[76.3067436,30.1091598],[76.3036966,30.1114615],[76.3013362,30.1131321],[76.297903,30.1149511],[76.2951135,30.1135776],[76.2932682,30.111313],[76.2917232,30.1099766],[76.2890195,30.1076748],[76.2871313,30.1070437],[76.2850284,30.1071922],[76.2828826,30.1078233],[76.2805223,30.1094197],[76.2779903,30.1110903],[76.276617,30.1129836],[76.2755012,30.1150254],[76.2736558,30.1154337],[76.2679481,30.1150996],[76.2651586,30.1162133],[76.26194,30.1176239],[76.2593221,30.1195542],[76.2538719,30.1228208],[76.2554168,30.1248252],[76.2549877,30.1267554],[76.2520051,30.1286484],[76.2475233,30.131118],[76.245718,30.1297619],[76.2442159,30.1295021],[76.2437868,30.1301702],[76.2429714,30.1319147],[76.2421131,30.1336592],[76.2402248,30.1351067],[76.2325,30.1409707],[76.2336158,30.1439768],[76.2331867,30.145721],[76.2310838,30.1461663],[76.2285089,30.1457952],[76.2268352,30.1454241],[76.2244749,30.1476136],[76.2205267,30.1478363],[76.2180805,30.1483559],[76.2167501,30.1486898],[76.2151622,30.1506938],[76.2148618,30.1532172],[76.2145614,30.1546273],[76.2130165,30.1565939],[76.210227,30.1566682],[76.2087249,30.1567424],[76.2087678,30.1556663],[76.2094116,30.1543304],[76.2089824,30.1535511],[76.2083387,30.1526605],[76.2074804,30.1516957],[76.2069225,30.149432],[76.2069654,30.1476879],[76.2074804,30.1465374],[76.2091112,30.1451643],[76.2120723,30.1434572],[76.2139606,30.1419727],[76.2141752,30.1409707],[76.2146473,30.1367026],[76.215806,30.1349211],[76.2178659,30.1333994],[76.2205696,30.1321374],[76.2225008,30.1302445],[76.223917,30.1279432],[76.221385,30.1272379],[76.2193679,30.1267925],[76.217823,30.126013],[76.2170076,30.1248252],[76.2169218,30.1234147],[76.2171363,30.1217814],[76.2174797,30.1202224],[76.2186384,30.1181065],[76.2202692,30.1162504],[76.2194967,30.1149882],[76.2179517,30.1141344],[76.2160205,30.1125752],[76.2164068,30.1109047],[76.2179517,30.1105334],[76.2194538,30.1112759],[76.2216425,30.112204],[76.2236595,30.1125381],[76.2248611,30.1116843],[76.2264919,30.1103849],[76.2283372,30.1079347],[76.2299251,30.1066724],[76.2312126,30.1063012],[76.2342166,30.1055215],[76.2361049,30.1069694],[76.2373924,30.1057814],[76.2370061,30.1037394],[76.2390232,30.1031454],[76.240096,30.1027741],[76.2411689,30.1012519],[76.2419414,30.0993212],[76.2432289,30.0973163],[76.2449026,30.0954969],[76.2486791,30.093529],[76.2537002,30.0898901],[76.2512111,30.0879593],[76.2497949,30.0860655],[76.2493658,30.0840974],[76.2488508,30.082612],[76.2472629,30.0816836],[76.2447309,30.0809409],[76.2416839,30.0760761],[76.2397098,30.0734393],[76.2382936,30.0710624],[76.2368774,30.0694654],[76.2340879,30.0668284],[76.229496,30.0616657],[76.2272644,30.0603286],[76.2261486,30.0589172],[76.2270069,30.0568371],[76.2279081,30.055017],[76.2273931,30.0536055],[76.2258482,30.051971],[76.2228441,30.0504109],[76.2220287,30.0498537],[76.2212776,30.0419142],[76.2212058,30.0411552],[76.2213016,30.0369062],[76.219051,30.034564],[76.2146553,30.032387],[76.214261,30.0308697],[76.2138319,30.0286404],[76.2138748,30.022584],[76.2175655,30.0214321],[76.221857,30.0199086],[76.2271356,30.0182736],[76.2299251,30.0176419],[76.2315559,30.0167501],[76.2305259,30.0144833],[76.2290239,30.0126625],[76.2275648,30.0113247],[76.2264061,30.0103584],[76.2246465,30.0090578],[76.2216854,30.0086861],[76.2201833,30.0086118],[76.2156772,30.0083517],[76.2140035,30.0074969],[76.2098041,30.0052283],[76.2093257,30.0049698],[76.209712,30.0032603],[76.2104845,30.0021453],[76.209712,30.000733],[76.2098836,29.9991721],[76.2103986,29.9977226],[76.2106561,29.9961616],[76.2096691,29.9950094],[76.207652,29.9943775],[76.2064933,29.9937457],[76.2070512,29.992482],[76.208167,29.9912926],[76.2094116,29.990512],[76.2101626,29.9891181],[76.209476,29.9881145],[76.2079954,29.9862188],[76.2069011,29.9865905],[76.2057423,29.9876871],[76.2047338,29.9889323],[76.204133,29.9895456],[76.2032532,29.9896943],[76.2024164,29.9894712],[76.20188,29.9887278],[76.2013864,29.9876499],[76.2012791,29.9865348],[76.2014079,29.985494],[76.2024593,29.984416],[76.2032103,29.9831522],[76.2051415,29.9815538],[76.2052059,29.9804758],[76.2051201,29.9793606],[76.2048626,29.9780595],[76.2050557,29.9769071],[76.2052703,29.9757918],[76.2050128,29.9747695],[76.2042618,29.9739888],[76.2031245,29.973078],[76.2022447,29.9724832],[76.1997771,29.9703084],[76.1979317,29.9686354],[76.1964726,29.9675759],[76.1955285,29.9665906],[76.1948848,29.9656984],[76.1944771,29.9646759],[76.1944556,29.9635792],[76.1952066,29.9631516],[76.1963653,29.9631702],[76.1964512,29.9625195],[76.1954212,29.9621663],[76.1938977,29.962315],[76.1929965,29.9621291],[76.1924386,29.9611439],[76.1922884,29.960233],[76.1916446,29.959824],[76.1910224,29.9584297],[76.1906791,29.9575001],[76.1903572,29.956459],[76.1902714,29.9556782],[76.1913228,29.954823],[76.1922884,29.9540236],[76.1930179,29.9523503],[76.1916876,29.9512534],[76.1898637,29.9502494],[76.1889195,29.9491711],[76.1871385,29.9486505],[76.1854005,29.9487435],[76.1832976,29.9483902],[76.1808729,29.9468656],[76.1789202,29.9445973],[76.1778903,29.9426449],[76.1776328,29.9402092],[76.1774826,29.9343704],[76.1764312,29.9329386],[76.1745643,29.9318043],[76.1731052,29.930484],[76.1722469,29.9290149],[76.1719894,29.9281595],[76.1721182,29.9262626],[76.1728692,29.9251654],[76.1758733,29.9238636],[76.1766672,29.9237706],[76.1778688,29.9235475],[76.1796498,29.9236405],[76.1809158,29.9237334],[76.1822676,29.9228594],[76.1835336,29.9219667],[76.1843705,29.9212786],[76.186409,29.920795],[76.1869669,29.9189353],[76.1872673,29.9178008],[76.1872458,29.9164431],[76.1873102,29.915197],[76.1876106,29.9140252],[76.18819,29.9123699],[76.188426,29.908278],[76.1874604,29.9049671],[76.1863231,29.9024002],[76.1857867,29.897322],[76.1855721,29.8929132],[76.185658,29.8909971],[76.1878896,29.8906436],[76.1893701,29.8896576],[76.1903357,29.8882251],[76.1913442,29.8868112],[76.1923742,29.8863647],[76.194005,29.886402],[76.1947131,29.8867368],[76.1970734,29.8881321],[76.199305,29.8884112],[76.1995625,29.8874624],[76.1992407,29.8861415],[76.1990905,29.884895],[76.1991763,29.8845043],[76.2003779,29.884002],[76.201365,29.8839462],[76.2024593,29.8843741],[76.2040901,29.8849694],[76.207416,29.8859555],[76.2082529,29.8870903],[76.208725,29.8883368],[76.2089395,29.8891739],[76.2094331,29.890532],[76.2100553,29.8909599],[76.2107634,29.8898809],[76.2117076,29.8885042],[76.2126517,29.8869601],[76.2136173,29.885602],[76.2152695,29.8844113],[76.2179732,29.8836485],[76.2192392,29.8838904],[76.2206554,29.8846904],[76.2220931,29.884988],[76.2242174,29.8839648],[76.2252044,29.8844299],[76.2257409,29.8857694],[76.2273502,29.8862345],[76.2304401,29.885509],[76.2328648,29.8841136],[76.2346887,29.8828485],[76.2360406,29.8813787],[76.2381863,29.8791275],[76.2404179,29.8787182],[76.2422633,29.8778995],[76.2442159,29.8775088],[76.2458038,29.8769506],[76.246233,29.8762064],[76.2461042,29.8754249],[76.2452459,29.8742341],[76.2446451,29.8733782],[76.2429713,29.8658051],[76.2440013,29.8577662],[76.2425851,29.8522203],[76.2402677,29.8521831],[76.2371778,29.8525553],[76.2344741,29.853337],[76.2316846,29.8532997],[76.2294101,29.8524064],[76.2270927,29.8516248],[76.2247324,29.8506198],[76.2235736,29.8499498],[76.2205696,29.8479771],[76.2200546,29.844962],[76.2199688,29.8431008],[76.2200546,29.8409417],[76.2197542,29.8382243],[76.2182092,29.8382243],[76.2172222,29.8394155],[76.2167501,29.8395644],[76.2152966,29.8407875],[76.2131074,29.8423883],[76.2110426,29.843388],[76.207273,29.8438253],[76.2059524,29.8438461],[76.2039596,29.8436379],[76.2022069,29.8436379],[76.2003341,29.8435962],[76.1988215,29.844096],[76.1968287,29.8444917],[76.1933953,29.8389311],[76.1905621,29.8340158],[76.1864804,29.8271632],[76.1843195,29.8232472],[76.1821106,29.8223724],[76.1753638,29.8196644],[76.1728908,29.8180604],[76.1707059,29.8180396],[76.1666002,29.8179146],[76.1624465,29.8184562],[76.1598054,29.8194978],[76.1559878,29.8197269],[76.1524824,29.8199352],[76.1506816,29.8195394],[76.1473682,29.8197477],[76.1449432,29.8193311],[76.1440549,29.8187062],[76.1423021,29.8172272],[76.1411257,29.8158731],[76.1407415,29.8148315],[76.1405974,29.8114359],[76.1402373,29.8103109],[76.139613,29.8094359],[76.1373801,29.8079151],[76.1339947,29.8059776],[76.1306573,29.8019774],[76.1296489,29.7994772],[76.1288086,29.7970187],[76.1269118,29.7954143],[76.1245108,29.7936641],[76.1231662,29.791768],[76.1213415,29.7911429],[76.1200209,29.7917054],[76.1185083,29.793289],[76.1190846,29.7971437],[76.1191806,29.8005815],[76.117788,29.8014774],[76.115243,29.8027275],[76.1134902,29.8040192],[76.1125298,29.8057901],[76.1106091,29.8065609],[76.108034,29.8080453],[76.1068635,29.8089568],[76.1049187,29.8116025],[76.1029259,29.8112275],[76.1010771,29.8105192],[76.0987722,29.8104359],[76.0971635,29.8103734],[76.096011,29.8097067],[76.0951947,29.8089776],[76.0939702,29.8071443],[76.0928657,29.8057692],[76.0891202,29.8021024],[76.0874875,29.8009148],[76.0857348,29.8005398],[76.0844622,29.7998314],[76.0835739,29.7983521],[76.0832618,29.7949976],[76.0828536,29.7917888],[76.0822533,29.78908],[76.0825415,29.7870379],[76.0833338,29.7856209],[76.0835979,29.784454],[76.0830217,29.7831412],[76.0810288,29.780974],[76.0787719,29.7781815],[76.076611,29.7757016],[76.0755546,29.7747638],[76.0748103,29.774868],[76.0739939,29.7754307],[76.0732496,29.7761809],[76.0725533,29.7771187],[76.071761,29.7779523],[76.0708966,29.777723],[76.0702964,29.7769311],[76.0695041,29.7759517],[76.0683516,29.7748888],[76.0672711,29.7741177],[76.0661907,29.77343],[76.0652063,29.7713876],[76.0631174,29.7696786],[76.0613167,29.7679488],[76.0593719,29.7646349],[76.0582674,29.7642181],[76.0575711,29.7642181],[76.0565147,29.7645724],[76.0556503,29.7645932],[76.0552422,29.7634052],[76.0546179,29.7615293],[76.0539696,29.7583403],[76.052289,29.7556515],[76.0512805,29.754776],[76.05008,29.7537338],[76.0491677,29.7521913],[76.0490236,29.7492104],[76.0483273,29.7476886],[76.0464545,29.745479],[76.0447498,29.7440197],[76.042637,29.7431441],[76.0409083,29.7430608],[76.0386513,29.7427897],[76.0359862,29.7433735],[76.0321927,29.7460835],[76.030728,29.7475636],[76.0303199,29.7486267],[76.0300798,29.7509405],[76.0298397,29.7525873],[76.0295996,29.7539631],[76.0293595,29.7546926],[76.0286872,29.7552346],[76.0268384,29.7556723],[76.0254699,29.7556931],[76.0242214,29.7550261],[76.0238132,29.7530667],[76.0235731,29.7519203],[76.0230449,29.7492729],[76.0216523,29.7484391],[76.0205478,29.7481681],[76.0194434,29.747918],[76.0178827,29.7472509],[76.0164902,29.745604],[76.0156978,29.7432901],[76.0153377,29.7426021],[76.0139451,29.7420601],[76.0119283,29.7417474],[76.0099835,29.7411428],[76.0088543,29.740964],[76.00643,29.74058],[76.0046533,29.7403089],[76.0023723,29.7402881],[76.0005716,29.7404132],[75.9984347,29.7404132],[75.9972102,29.7401839],[75.9964179,29.7395584],[75.9953614,29.738933],[75.9944731,29.7386203],[75.9929844,29.738245],[75.9883025,29.7342422],[75.9865738,29.7322198],[75.9856854,29.730677],[75.984653,29.7284669],[75.9835486,29.7272159],[75.9829243,29.726924],[75.9817958,29.7267155],[75.9806914,29.7267572],[75.9788426,29.7273619],[75.9765377,29.7279665],[75.9739206,29.7288214],[75.9716636,29.7298221],[75.9706312,29.7303225],[75.9694067,29.7303017],[75.9679661,29.7299681],[75.9665255,29.729572],[75.9643886,29.7293843],[75.9608112,29.7295303],[75.9572817,29.730114],[75.9553249,29.7308281],[75.9550428,29.7310679],[75.9544305,29.7314223],[75.9536202,29.7314953],[75.9525517,29.7312399],[75.9485181,29.7306561],[75.9368804,29.7322172],[75.9328311,29.7342926],[75.9302041,29.7361792],[75.9282288,29.7369853],[75.9260956,29.7375342],[75.9241006,29.7379458],[75.9223032,29.7385461],[75.9208612,29.7393693],[75.9194391,29.7414445],[75.9184317,29.7422335],[75.9164565,29.7430395],[75.9150343,29.7436055],[75.9143627,29.7443429],[75.9142837,29.7466067],[75.9141059,29.7488361],[75.9113999,29.7513913],[75.9096814,29.7524716],[75.9078247,29.7533805],[75.9066001,29.7542208],[75.9051186,29.754015],[75.903973,29.753552],[75.9028669,29.7528489],[75.9024916,29.7519572],[75.9030446,29.7512026],[75.9032817,29.7502938],[75.9024323,29.7498993],[75.9014052,29.7495907],[75.8987979,29.7483902],[75.8973955,29.7480472],[75.8958859,29.7477487],[75.8955048,29.7476815],[75.8928919,29.7472069],[75.8884082,29.7463494],[75.8853663,29.7465724],[75.8845565,29.7478757],[75.8842602,29.7490762],[75.8839441,29.7509797],[75.8823837,29.7514599],[75.8797369,29.7513741],[75.8772481,29.7509626],[75.8745223,29.7506539],[75.872231,29.7500194],[75.871582,29.7499564],[75.8715763,29.7499558],[75.8715545,29.7499537],[75.8712963,29.7499286],[75.8712094,29.7499202],[75.8710496,29.7499047],[75.8709105,29.7498911],[75.8708611,29.7498863],[75.870484,29.7498497],[75.8702808,29.74983],[75.8697832,29.7497817],[75.8696786,29.7497715],[75.8693536,29.7497399],[75.8692287,29.7497278],[75.8692255,29.7498684],[75.8692248,29.7498968],[75.8692165,29.7502565],[75.8692093,29.75057],[75.8691915,29.751342],[75.8691963,29.7514424],[75.8692669,29.7529361],[75.8692832,29.7532493],[75.8693024,29.7536168],[75.8693144,29.7538472],[75.8693197,29.7539492],[75.8693215,29.7539849],[75.8693361,29.7542638],[75.8693472,29.754478],[75.8693524,29.7544891],[75.8695165,29.7548388],[75.8702163,29.75633],[75.8699397,29.7577018],[75.8694064,29.7591765],[75.8686953,29.7601539],[75.8679645,29.7614056],[75.8675497,29.7645949],[75.8669176,29.767064],[75.8655152,29.7676812],[75.863303,29.7679213],[75.8616438,29.7686071],[75.8602809,29.7691386],[75.859313,29.7696187],[75.8587599,29.7703388],[75.8556588,29.7720019],[75.8539404,29.7722762],[75.8524787,29.7727049],[75.8516886,29.7731506],[75.8513133,29.7743679],[75.8517281,29.7753623],[75.852696,29.7766653],[75.8525774,29.778294],[75.8518466,29.7793398],[75.8496739,29.7806256],[75.84679,29.7824085],[75.8446173,29.7838657],[75.844558,29.7865571],[75.8444987,29.7885799],[75.8441432,29.7896256],[75.8433531,29.7900199],[75.8420495,29.7900542],[75.8408841,29.789917],[75.839857,29.7900027],[75.8369139,29.7949052],[75.8373287,29.7977678],[75.8366768,29.8004417],[75.8348399,29.8051209],[75.8346423,29.8097999],[75.8353337,29.8117365],[75.8363608,29.8129362],[75.8368744,29.8139645],[75.836341,29.8148385],[75.8348399,29.8148728],[75.833556,29.8146158],[75.8322721,29.8140845],[75.8308104,29.8136046],[75.8295857,29.8133647],[75.8282821,29.8134504],[75.8269192,29.8143415],[75.825652,29.815238],[75.8239159,29.8143953],[75.8221391,29.8102798],[75.8215861,29.8083945],[75.8192948,29.807349],[75.8180701,29.806612],[75.8167665,29.8059093],[75.8142974,29.8054637],[75.8124012,29.8061493],[75.8103667,29.8068006],[75.808747,29.8063378],[75.8072459,29.8059265],[75.8054287,29.8057208],[75.804204,29.8059607],[75.8030386,29.8064406],[75.8016362,29.8070234],[75.7982981,29.8085145],[75.7963426,29.8092857],[75.793123,29.8102112],[75.7910095,29.8107768],[75.7890935,29.8114795],[75.7881849,29.8128334],[75.7871775,29.8152156],[75.7866639,29.8167237],[75.7857356,29.8179062],[75.7842937,29.8200483],[75.783227,29.821642],[75.7817851,29.8223789],[75.7806,29.822636],[75.7791778,29.8227902],[75.7783877,29.8228073],[75.7758594,29.8216592],[75.77422,29.8208366],[75.7724818,29.8199626],[75.7691239,29.8165695],[75.7661413,29.8147186],[75.7632574,29.8127306],[75.7602748,29.8096628],[75.7579638,29.8068691],[75.7554948,29.8059608],[75.7533615,29.8066121],[75.7509912,29.8076061],[75.748858,29.8080517],[75.7474358,29.8082574],[75.7458161,29.8087716],[75.7441569,29.8094229],[75.7430113,29.8101084],[75.7418657,29.8110682],[75.740325,29.8125763],[75.7377997,29.814055],[75.7329179,29.8130391],[75.7289279,29.8126449],[75.7256885,29.8130562],[75.7239306,29.813159],[75.7216788,29.8137074],[75.7206517,29.8130391],[75.7202369,29.8118394],[75.7198616,29.8107254],[75.719111,29.8097828],[75.7182814,29.8090801],[75.7180246,29.8083945],[75.7178073,29.8074347],[75.7180246,29.8039897],[75.7176493,29.8031156],[75.7166222,29.8029613],[75.7142914,29.802927],[75.7137186,29.7947338],[75.7130668,29.793294],[75.7128693,29.7927111],[75.7132051,29.7918198],[75.7141729,29.7910655],[75.7160494,29.7899342],[75.7162074,29.7889571],[75.7159901,29.7882028],[75.7142519,29.78726],[75.7139161,29.7858714],[75.7134223,29.7842257],[75.713126,29.7836942],[75.7116644,29.7828199],[75.7096891,29.7807284],[75.7099459,29.7784311],[75.7107163,29.7771796],[75.7115261,29.7761681],[75.7115656,29.7753623],[75.7113878,29.7743851],[75.710736,29.7727734],[75.7085435,29.7705274],[75.7063707,29.7689157],[75.7054819,29.7672354],[75.7041782,29.7641834],[75.7040597,29.7626231],[75.7050671,29.7610112],[75.7056393,29.7602816],[75.7063312,29.7593994],[75.7080102,29.7582162],[75.7083065,29.7577018],[75.7080497,29.7556784],[75.7076307,29.7552051],[75.7064103,29.7538264],[75.7046918,29.7529861],[75.7030919,29.7529518],[75.7020252,29.753209],[75.7007808,29.7537578],[75.6995364,29.7540664],[75.698292,29.7541693],[75.6975419,29.7541752],[75.6960995,29.7541865],[75.6941441,29.7550096],[75.6921293,29.7557298],[75.6907664,29.7573932],[75.6907293,29.757446],[75.6889097,29.7600339],[75.6859666,29.7636004],[75.683811,29.7656143],[75.6836358,29.765778],[75.6822531,29.7681785],[75.6817791,29.7713676],[75.6805939,29.773665],[75.6794088,29.7751394],[75.6779471,29.7760653],[75.6750633,29.7768882],[75.6734436,29.7771282],[75.6707573,29.7774368],[75.6681105,29.7777797],[75.6657402,29.7772311],[75.6625008,29.7763739],[75.6608021,29.7766139],[75.6588269,29.7758595],[75.6562591,29.7751737],[75.6546789,29.7751737],[75.6519136,29.7755852],[75.6483582,29.7758938],[75.6435386,29.7758938],[75.6414053,29.7751052],[75.638245,29.7740422],[75.6349661,29.7728763],[75.6350056,29.7687271],[75.634176,29.760394],[75.6340575,29.7548381],[75.6308576,29.7517171],[75.6280923,29.7493163],[75.6257615,29.748253],[75.6209024,29.7476357],[75.6170705,29.74424],[75.6142656,29.7456463],[75.6097621,29.7477729],[75.6067598,29.7496593],[75.6052191,29.7518543],[75.6038364,29.7515113],[75.6030431,29.7511743],[75.6019797,29.7507225],[75.5971206,29.7495907],[75.5924591,29.7486303],[75.5877975,29.7476014],[75.5849137,29.7458178],[75.5818718,29.7417361],[75.5805287,29.7406042],[75.5791855,29.7403984],[75.5759066,29.741153],[75.5731808,29.7426279],[75.5715611,29.7433825],[75.5711661,29.7458864],[75.5716006,29.7498994],[75.5711266,29.7525746],[75.5698229,29.7535349],[75.5679662,29.7602568],[75.5658083,29.7649993],[75.5653194,29.7660524],[75.5633442,29.769413],[75.5603418,29.7710246],[75.5582481,29.7714361],[75.5565494,29.7714704],[75.5535865,29.771299],[75.5524014,29.7711618],[75.549162,29.7710246],[75.5447375,29.7711961],[75.5424857,29.7723963],[75.540629,29.7734935],[75.5384957,29.7736993],[75.5367575,29.7732878],[75.5352563,29.7724306],[75.5317404,29.7701331],[75.5297257,29.7679727],[75.5283035,29.7656752],[75.5279085,29.7648178],[75.528027,29.7621773],[75.5248271,29.7616628],[75.524037,29.7597767],[75.5231679,29.7584392],[75.5224173,29.7586449],[75.5220618,29.7592965],[75.5218643,29.7613885],[75.5221408,29.7631032],[75.5223383,29.7655723],[75.5229704,29.7699616],[75.5207186,29.7713333],[75.519652,29.7729449],[75.5189014,29.774728],[75.5180718,29.7760995],[75.515346,29.7763053],[75.5125017,29.7764081],[75.510645,29.7765453],[75.5079981,29.7767167],[75.506576,29.7769225],[75.5047588,29.777574],[75.5033366,29.7783626],[75.4994256,29.7822714],[75.4976084,29.7841228],[75.4953171,29.7848771],[75.4933419,29.7853228],[75.4918802,29.7857686],[75.4884828,29.7897113],[75.4856385,29.792454],[75.4827152,29.7925912],[75.4788437,29.7937225],[75.4765129,29.7949567],[75.4751698,29.7965337],[75.4737081,29.7992419],[75.4713378,29.8007503],[75.4674664,29.8035955],[75.4646615,29.8058237],[75.4625283,29.8074005],[75.460158,29.8075719],[75.4581828,29.8071262],[75.4563656,29.8063378],[75.4541928,29.8048296],[75.4525731,29.8021215],[75.4533632,29.8001332],[75.4545879,29.7988305],[75.455378,29.7977678],[75.4566421,29.796088],[75.4565236,29.794511],[75.455773,29.7930711],[75.4559705,29.7919055],[75.455852,29.7865914],[75.4550224,29.7841914],[75.4541533,29.7826142],[75.4522571,29.7813456],[75.4507164,29.7817571],[75.4494127,29.7824428],[75.4479511,29.7835057],[75.4462524,29.7835057],[75.4446722,29.7825457],[75.443013,29.7820656],[75.4404452,29.781037],[75.4374428,29.7795627],[75.4332553,29.7761338],[75.4312406,29.7749337],[75.4296999,29.7739736],[75.4286333,29.772362],[75.4274086,29.7709561],[75.4248013,29.7714362],[75.4244261,29.7716076],[75.4234582,29.7722934],[75.4229052,29.7726363],[75.4220558,29.7733907],[75.4222138,29.7745394],[75.4213842,29.7748308],[75.4205941,29.7741622],[75.4199423,29.7731335],[75.4196065,29.7718819],[75.4189547,29.7709046],[75.4182238,29.770356],[75.4177103,29.7702016],[75.4169795,29.769893],[75.4160116,29.7696358],[75.4149055,29.7695673],[75.4130685,29.7696873],[75.4093155,29.7645092],[75.4060366,29.7610113],[75.404733,29.7585421],[75.4046935,29.7394722],[75.4035083,29.7395408],[75.4023394,29.7398869],[75.4017701,29.7400554],[75.3997159,29.7401583],[75.3980567,29.7399868],[75.3955679,29.7388205],[75.3953309,29.7364194],[75.3953704,29.7340182],[75.3948568,29.7333664],[75.3931186,29.7334007],[75.3913804,29.7328518],[75.3895237,29.7314111],[75.3888126,29.7304505],[75.3878645,29.7290097],[75.3881015,29.7272259],[75.3894052,29.7258193],[75.392131,29.7228689],[75.391815,29.720536],[75.3905903,29.7180315],[75.3905992,29.7177997],[75.3907088,29.7149437],[75.3903138,29.7138801],[75.3887731,29.713537],[75.3865609,29.7127135],[75.3848227,29.7125076],[75.3829264,29.712988],[75.3810697,29.7133654],[75.3767242,29.713983],[75.3741959,29.7134683],[75.3727737,29.7126449],[75.370522,29.7100716],[75.3704825,29.7078413],[75.3702849,29.7057482],[75.3693763,29.7046159],[75.366848,29.7041698],[75.3646753,29.7039296],[75.3620285,29.7046502],[75.3597372,29.7052335],[75.358394,29.7044786],[75.357999,29.7027286],[75.3585126,29.7008413],[75.3556287,29.6990569],[75.3531004,29.6978559],[75.3513227,29.697101],[75.3492685,29.6963803],[75.3463451,29.6955567],[75.345476,29.6941841],[75.3460686,29.6918505],[75.3472537,29.6899287],[75.3480043,29.6886589],[75.3514017,29.6840257],[75.3526659,29.6806623],[75.3531014,29.6785515],[75.3534165,29.6770241],[75.3542856,29.6748961],[75.3560238,29.6732142],[75.3577225,29.6700907],[75.3601718,29.6657313],[75.3599742,29.6629508],[75.3592236,29.6614747],[75.3573274,29.6607194],[75.3562213,29.6617493],[75.3543646,29.6633284],[75.3523103,29.6643239],[75.3501771,29.665388],[75.3482413,29.6662805],[75.3470562,29.6680998],[75.3454365,29.6703653],[75.3438168,29.6723218],[75.3426317,29.6737291],[75.3395503,29.6746558],[75.3367455,29.6739007],[75.3352048,29.6735574],[75.3330716,29.6730769],[75.3324395,29.6720815],[75.332479,29.6697474],[75.332163,29.6674133],[75.3318469,29.6649074],[75.3312543,29.6625045],[75.3288841,29.6594836],[75.3244991,29.6544715],[75.3220498,29.6522056],[75.3213782,29.6501801],[75.3214967,29.6472275],[75.3223658,29.6425238],[75.3207461,29.6388842],[75.3181388,29.6338024],[75.3165191,29.6310553],[75.3143464,29.6295788],[75.3133587,29.6296131],[75.3112255,29.6294758],[75.3097243,29.6272437],[75.3088552,29.6255267],[75.3074726,29.6242561],[75.3047467,29.6244621],[75.2958582,29.6247712],[75.2954631,29.6241187],[75.2947916,29.6212684],[75.294199,29.6153271],[75.2919867,29.6122017],[75.2905646,29.6101754],[75.2900115,29.6089389],[75.290367,29.6076681],[75.2917102,29.6062599],[75.2936854,29.6049203],[75.2956607,29.6039243],[75.2975964,29.6037182],[75.2997296,29.603409],[75.302495,29.6029282],[75.3031665,29.6017947],[75.3037591,29.5976728],[75.3049047,29.5958522],[75.3063664,29.595337],[75.3099218,29.592795],[75.3124501,29.5903216],[75.3139513,29.5892911],[75.3149784,29.5893598],[75.3166771,29.5897033],[75.3187709,29.5886384],[75.3192449,29.5873673],[75.31565,29.5847908],[75.3130427,29.5821111],[75.311028,29.5787099],[75.3092503,29.5754116],[75.3084602,29.5633514],[75.3092108,29.560465],[75.3045492,29.5598465],[75.3029859,29.5596668],[75.2998957,29.5599265],[75.2982742,29.5597813],[75.2961043,29.5595739],[75.2933383,29.5596153],[75.29,29.5599265],[75.2865901,29.5612954],[75.2853502,29.5616687],[75.283991,29.5619798],[75.281988,29.5614613],[75.2812965,29.5584953],[75.2811773,29.5562759],[75.2807719,29.554741],[75.2798419,29.5535171],[75.2787927,29.5526045],[75.2760982,29.5518162],[75.2727838,29.5502605],[75.2696124,29.5495967],[75.2632457,29.5493892],[75.2575467,29.5491403],[75.2541845,29.5485595],[75.250417,29.5478957],[75.247651,29.5475845],[75.2455049,29.5472941],[75.2433827,29.5466925],[75.241332,29.5456761],[75.2398536,29.5447841],[75.2383752,29.5436638],[75.2370876,29.5429378],[75.2370637,29.5440995],[75.2373022,29.5458628],[75.2383752,29.5476468],[75.2393052,29.5509865],[75.2397582,29.5555084],[75.239329,29.5587442],[75.2358715,29.5631621],[75.2350846,29.5651947],[75.2341785,29.567082],[75.23456,29.5688034],[75.2346315,29.5704211],[75.2341308,29.5720388],[75.2327954,29.5743408],[75.2304825,29.5770367],[75.2289802,29.578281],[75.2261188,29.5796912],[75.2225659,29.5807073],[75.2240443,29.5834238],[75.2268103,29.5858914],[75.2318178,29.5952223],[75.2334393,29.5983946],[75.2357284,29.6021473],[75.2358953,29.6029973],[75.2347507,29.6035778],[75.2311501,29.6045315],[75.2261426,29.6080767],[75.2225659,29.6109998],[75.2217313,29.612368],[75.2196806,29.6159958],[75.21608,29.6181103],[75.2117163,29.6205563],[75.2086403,29.6214269],[75.2034421,29.6212818],[75.2000322,29.6200381],[75.1986015,29.6198723],[75.1954778,29.6205978],[75.1910426,29.623334],[75.1846044,29.6275418],[75.1832929,29.6290549],[75.1820768,29.6319566],[75.1827922,29.6374283],[75.1834837,29.638734],[75.1846521,29.6431484],[75.1861782,29.6479978],[75.186822,29.6490547],[75.1876327,29.6505675],[75.1877758,29.651873],[75.1865835,29.6525983],[75.1846282,29.6528262],[75.1824345,29.6528469],[75.1787862,29.6539659],[75.1777608,29.6545047],[75.1764016,29.6549399],[75.1749948,29.6561003],[75.1740648,29.6575715],[75.1730395,29.6594572],[75.1718949,29.6614256],[75.1697727,29.6650517],[75.1684851,29.6670615],[75.1677459,29.6682218],[75.1675551,29.6696721],[75.168342,29.6709774],[75.1701065,29.6713918],[75.1718711,29.671744],[75.1740171,29.6716611],[75.1776178,29.6711639],[75.1785716,29.6719304],[75.1789531,29.6730699],[75.1796923,29.6740644],[75.1810515,29.6742509],[75.1827445,29.6739194],[75.1844852,29.674023],[75.1861066,29.6746652],[75.1878473,29.6774],[75.1883719,29.6793059],[75.1884196,29.6813776],[75.1899457,29.6824134],[75.191901,29.6824756],[75.1938086,29.6822063],[75.1952632,29.681564],[75.1971231,29.680839],[75.198053,29.6807147],[75.2000799,29.6809011],[75.2012483,29.6814605],[75.202679,29.6826206],[75.2043243,29.6847336],[75.2065419,29.6879238],[75.2072334,29.6899746],[75.2078296,29.6928953],[75.2087357,29.6996479],[75.2084972,29.7013049],[75.2079011,29.7022162],[75.2059458,29.7028376],[75.2046105,29.7029412],[75.2027982,29.7025062],[75.200986,29.7019263],[75.1994838,29.7019677],[75.198673,29.7032311],[75.1982915,29.7061515],[75.1976,29.7119091],[75.1976715,29.7162167],[75.1981723,29.7195301],[75.1995553,29.7239617],[75.200676,29.7266951],[75.203609,29.731499],[75.2067088,29.7358472],[75.2076388,29.7370895],[75.2084972,29.7382283],[75.2096895,29.7391393],[75.211001,29.7393877],[75.2132901,29.7393463],[75.2158177,29.7388287],[75.2174153,29.7382904],[75.2193706,29.7368825],[75.2222559,29.732907],[75.2233528,29.7325343],[75.2247835,29.7313748],[75.2258565,29.7301738],[75.2269534,29.730091],[75.2282649,29.7306915],[75.2294333,29.7313955],[75.2313409,29.7326585],[75.2339162,29.7347084],[75.2358238,29.7370481],[75.2382798,29.7405058],[75.2393529,29.7440047],[75.2408074,29.7489735],[75.2416897,29.7509195],[75.2425958,29.7526585],[75.2423573,29.7545837],[75.2401874,29.7564054],[75.2372068,29.7584962],[75.2331531,29.7654927],[75.2283841,29.77371],[75.2262857,29.7777252],[75.2252604,29.7801674],[75.2267388,29.7842858],[75.227168,29.7865622],[75.2267626,29.7889421],[75.2243066,29.7890249],[75.2195852,29.7882385],[75.217153,29.7882799],[75.21608,29.7891698],[75.2156269,29.7912392],[75.2152454,29.7927084],[75.2133139,29.7931637],[75.2101664,29.7931223],[75.2095226,29.7941156],[75.2092841,29.7959779],[75.2095703,29.7980679],[75.2101902,29.7998474],[75.2101187,29.8016269],[75.2094749,29.803903],[75.2095703,29.8087032],[75.2097849,29.8094481],[75.2100233,29.8113308],[75.2094987,29.8141032],[75.2095464,29.8169996],[75.2105002,29.8169996],[75.211001,29.8190064],[75.2116209,29.8208062],[75.2124794,29.8216958],[75.2133855,29.8228543],[75.2144585,29.8252126],[75.2121932,29.8303635],[75.2112871,29.8326182],[75.2093557,29.834273],[75.2068996,29.8349556],[75.2043959,29.8356175],[75.2022975,29.8361967],[75.2006045,29.8370448],[75.198983,29.8381203],[75.1958593,29.8391339],[75.1934986,29.8403956],[75.1923183,29.8409023],[75.1919151,29.841105],[75.1912606,29.8412022],[75.1910348,29.8413558],[75.185591,29.8361861],[75.1828015,29.8329287],[75.1797161,29.8306945],[75.177427,29.8293292],[75.1743748,29.8283363],[75.171418,29.8278812],[75.1669828,29.8270538],[75.1650752,29.8244886],[75.1641214,29.8211786],[75.1624522,29.8136894],[75.1614507,29.8061169],[75.1604492,29.8021028],[75.1610215,29.7976334],[75.1626907,29.7943639],[75.1655998,29.792129],[75.1678889,29.7898941],[75.1691289,29.7862518],[75.1665059,29.7815747],[75.1615461,29.778967],[75.1534387,29.7761109],[75.150005,29.7769801],[75.1463806,29.7819472],[75.1449499,29.7830648],[75.1439007,29.7836443],[75.1418977,29.7847618],[75.1403716,29.7865002],[75.1397993,29.7889421],[75.1396562,29.7923359],[75.1394178,29.7956882],[75.1383209,29.801151],[75.1374625,29.8040892],[75.1366518,29.8068204],[75.1354595,29.8077308],[75.1335996,29.8082274],[75.1303089,29.8080205],[75.1272568,29.8073584],[75.1234415,29.8057445],[75.1211047,29.8044616],[75.1188156,29.8033029],[75.1158111,29.8033857],[75.1118528,29.8042547],[75.1067499,29.8047513],[75.1054146,29.8047927],[75.1030778,29.805579],[75.1015517,29.8066963],[75.1017901,29.8092619],[75.1006456,29.8158825],[75.1008363,29.8189444],[75.1019809,29.821882],[75.10427,29.8235784],[75.1107559,29.8272192],[75.1129497,29.8286673],[75.116288,29.8299912],[75.1181002,29.8316047],[75.1170033,29.8353693],[75.1131404,29.8406231],[75.1108036,29.8412436],[75.1085145,29.8418641],[75.1040793,29.8421123],[75.1010271,29.8444702],[75.0957812,29.8492271],[75.0951135,29.850013],[75.0932059,29.8509644],[75.0913937,29.8524121],[75.0897722,29.8545215],[75.0896291,29.8566723],[75.0906306,29.8586162],[75.093349,29.8594434],[75.0954473,29.8598984],[75.0970688,29.8615941],[75.1015994,29.8651508],[75.1046039,29.8666397],[75.1099929,29.8710234],[75.112282,29.8745384],[75.113665,29.878715],[75.1125681,29.8851243],[75.1111851,29.8916158],[75.1105175,29.8967013],[75.110899,29.9024479],[75.1095637,29.9041842],[75.1066546,29.9060032],[75.1029824,29.9083596],[75.096735,29.9144776],[75.0929674,29.916131],[75.0903922,29.9172471],[75.0879123,29.9168751],[75.0849078,29.9110879],[75.0830955,29.90683],[75.0807288,29.9012915],[75.0794265,29.8996345],[75.0761753,29.8920792],[75.0746067,29.8869436],[75.0744159,29.8836771],[75.073176,29.881072],[75.0715068,29.8790045],[75.0697423,29.877888],[75.0664039,29.8785083],[75.0624456,29.8787977],[75.0594411,29.8786323],[75.0564843,29.8786737],[75.0548152,29.8797902],[75.0537183,29.8819817],[75.0518584,29.8845454],[75.0489493,29.8856205],[75.0441326,29.8848348],[75.0395066,29.8831395],[75.0333069,29.8807826],[75.0289193,29.87367],[75.0257718,29.8698241],[75.0226242,29.8668051],[75.0145646,29.8679217],[75.008651,29.868418],[75.0058849,29.8683766],[75.0044542,29.8685007],[75.0020697,29.8680458],[74.9988745,29.86726],[74.9965853,29.867136],[74.9945823,29.8674255],[74.9925316,29.8679631],[74.9899564,29.8691624],[74.9885257,29.8707752],[74.9863796,29.8740836],[74.9806091,29.8825193],[74.979226,29.8852483],[74.9781292,29.8872744],[74.9775092,29.8896725],[74.979083,29.8918639],[74.9782246,29.894386],[74.9746955,29.8961224],[74.9693542,29.8983963],[74.9588146,29.9010423],[74.9550948,29.9015797],[74.952901,29.9024892],[74.9490858,29.9053418],[74.944746,29.9167924],[74.9438875,29.9174951],[74.9419322,29.9191898],[74.9398815,29.9210912],[74.9365909,29.9267538],[74.9348741,29.9318374],[74.930725,29.9391111],[74.9291035,29.9420452],[74.9281497,29.9455991],[74.9284836,29.9481198],[74.9278159,29.9507645],[74.9243345,29.9520454],[74.92257,29.9520454],[74.9211869,29.9504339],[74.9198039,29.9486157],[74.9164179,29.946095],[74.9087636,29.9420246],[74.9068322,29.9410121],[74.9056638,29.9407435],[74.9037085,29.9406608],[74.9007517,29.9403715],[74.8982956,29.9398343],[74.8968411,29.9399996],[74.8962926,29.9410534],[74.897461,29.9419419],[74.9001794,29.9452272],[74.9010855,29.9467562],[74.9020155,29.9486777],[74.9030885,29.9518181],[74.9024685,29.9542974],[74.8986056,29.9584086],[74.893622,29.9614868],[74.8925012,29.9623131],[74.8902598,29.9645442],[74.8889245,29.9660522],[74.886993,29.96661],[74.8855146,29.9651639],[74.8822478,29.9623338],[74.8798395,29.9605571],[74.8773119,29.9589251],[74.8752374,29.9579541],[74.8719229,29.959173],[74.8705006,29.9601367],[74.870063,29.9604332],[74.86682,29.9608051],[74.8641494,29.9603919],[74.8623133,29.9599787],[74.8601672,29.9589871],[74.8587127,29.9581607],[74.857425,29.9575823],[74.8559228,29.9566732],[74.8541106,29.9569418],[74.8528944,29.9578921],[74.8509868,29.9620652],[74.8474816,29.9627056],[74.8450017,29.9635526],[74.8436187,29.9647095],[74.8428318,29.9659076],[74.8416395,29.9678081],[74.838945,29.9706174],[74.8349867,29.9720634],[74.8337945,29.972146],[74.8328645,29.9721873],[74.8313384,29.9725798],[74.8303369,29.9729929],[74.8285962,29.9732821],[74.8262594,29.9727864],[74.824781,29.9721047],[74.8227065,29.9713611],[74.8217527,29.9715263],[74.8217527,29.972084],[74.8227542,29.9731995],[74.8235649,29.9740464],[74.824471,29.9752444],[74.8251625,29.9766903],[74.825711,29.9789417],[74.8249241,29.9820192],[74.8243518,29.9834857],[74.8236126,29.9851586],[74.8219434,29.9873272],[74.8193205,29.989723],[74.8170552,29.9917263],[74.8133115,29.9928415],[74.8114555,29.9930427],[74.8056936,29.9925749],[74.8022473,29.9899708],[74.7985037,29.9874718],[74.791064,29.9818333],[74.7858657,29.9767523],[74.7825751,29.9740257],[74.7784737,29.9721047],[74.7763515,29.9738192],[74.7733709,29.9737365],[74.7709625,29.9735506],[74.7689357,29.97353],[74.7663604,29.9735093],[74.7614721,29.9738811],[74.758563,29.972869],[74.7576569,29.9707827],[74.7572277,29.9706794],[74.7554155,29.9706381],[74.7532932,29.9702043],[74.7527448,29.9680973],[74.7522679,29.9677048],[74.7478804,29.967932],[74.7419906,29.9683865],[74.73808,29.9679527],[74.7365063,29.9668372],[74.7350755,29.964916],[74.7331441,29.9626023],[74.7304496,29.9618586],[74.726992,29.962623],[74.7221515,29.9645442],[74.7154748,29.9676841],[74.7124226,29.9689855],[74.7101574,29.9696259],[74.7085597,29.9699771],[74.7076059,29.9703902],[74.7064375,29.9711545],[74.7060321,29.9723526],[74.705746,29.9746247],[74.7068664,29.9770615],[74.7014737,29.9724461],[74.6962795,29.9690682],[74.6943718,29.9680767],[74.6927027,29.9662588],[74.6918443,29.9638212],[74.6901274,29.9620446],[74.6881721,29.9600614],[74.6873614,29.9545246],[74.6870275,29.9506819],[74.6847384,29.9467976],[74.6805416,29.9435743],[74.6723389,29.9414254],[74.6657576,29.937954],[74.6540258,29.9311762],[74.6497337,29.9258032],[74.6475399,29.9220006],[74.6457277,29.9133202],[74.6481122,29.9094344],[74.6525951,29.9061273],[74.6476353,29.9044737],[74.6414356,29.9038122],[74.6318975,29.9048871],[74.6205472,29.9075328],[74.6063355,29.9106746],[74.599945,29.911584],[74.5946037,29.9127415],[74.5914561,29.9165444],[74.5847795,29.9212566],[74.5798197,29.9255552],[74.5714262,29.9268778],[74.559599,29.9262165],[74.5602666,29.9298536],[74.5554976,29.9332426],[74.5497748,29.9364662],[74.5436704,29.9393591],[74.5384245,29.9419213],[74.5345139,29.9458058],[74.5312709,29.9496901],[74.5261437,29.9423948],[74.5222098,29.9367969],[74.5190622,29.9310935],[74.51725,29.9251419],[74.5139117,29.914643],[74.5095242,29.9072848],[74.5177269,29.9041429],[74.5219236,29.902572],[74.528791,29.9018278],[74.5405229,29.9022412],[74.5436704,29.8999261],[74.5461503,29.8938899],[74.5504424,29.8852897],[74.5562607,29.8766888],[74.5613158,29.8714783],[74.5573099,29.8631244],[74.5474856,29.8488135],[74.5401413,29.8419469],[74.5347046,29.8391339],[74.5089519,29.8340042],[74.4982692,29.8271365],[74.4935956,29.8222544],[74.4854882,29.8154687],[74.4790977,29.8048755],[74.477667,29.7996612],[74.4738518,29.7893147],[74.4736611,29.7778908],[74.4735074,29.7706731],[74.4745861,29.7621374],[74.4770694,29.7534987],[74.4772363,29.7455319],[74.4923942,29.7447365],[74.5024109,29.7428238],[74.5094453,29.7421579],[74.5218455,29.742222],[74.5328258,29.7403941],[74.5351124,29.7409234],[74.5406182,29.7494083],[74.5469611,29.7554137],[74.5516611,29.7557365],[74.555426,29.7554944],[74.5588693,29.7555896],[74.5613159,29.7555774],[74.5649403,29.755122],[74.5748192,29.7545464],[74.5770582,29.7540578],[74.5752891,29.7516855],[74.5750793,29.7496132],[74.5754443,29.7480503],[74.5774698,29.7478726],[74.5790148,29.7484315],[74.5793795,29.7495493],[74.5787705,29.7506504],[74.578886,29.7523251],[74.5813838,29.752381],[74.5814889,29.7535901],[74.5833964,29.7566393],[74.5839688,29.7596347],[74.5851967,29.7617606],[74.5862411,29.7643045],[74.5874762,29.76713],[74.5919331,29.766921],[74.5940791,29.7674178],[74.5967498,29.7670866],[74.6009749,29.7661386],[74.6018525,29.7634499],[74.6032713,29.7579645],[74.6056939,29.7569355],[74.6116768,29.7547079],[74.6135845,29.7536729],[74.616231,29.7523831],[74.6148244,29.7505676],[74.613346,29.7497395],[74.6114861,29.7479591],[74.6100554,29.743777],[74.6084339,29.7390979],[74.6084339,29.7313955],[74.6100077,29.7233198],[74.6092923,29.7207105],[74.6065263,29.7106043],[74.6023772,29.7025684],[74.6003742,29.7002486],[74.5998497,29.696396],[74.6006604,29.6912589],[74.5992297,29.6881517],[74.5936499,29.678788],[74.5898824,29.6700865],[74.5854472,29.6544219],[74.5864964,29.6486195],[74.588404,29.6452208],[74.5898347,29.6429412],[74.5907408,29.6383817],[74.5899301,29.6330344],[74.5888332,29.6313348],[74.5854949,29.6294694],[74.5821089,29.6283087],[74.5813458,29.6266919],[74.581775,29.6242875],[74.581632,29.6210124],[74.5802489,29.6168665],[74.5780075,29.6018985],[74.5772444,29.5890848],[74.5770537,29.5791313],[74.5754322,29.5669783],[74.5748599,29.5649458],[74.5753368,29.5628717],[74.5758614,29.5608806],[74.5766245,29.5597191],[74.5781983,29.5583501],[74.5808212,29.5571056],[74.5833965,29.5540772],[74.589167,29.5478957],[74.5927915,29.5457383],[74.5954145,29.5449915],[74.5978943,29.5444936],[74.6010419,29.5440788],[74.6032834,29.5425851],[74.6060017,29.5402202],[74.6078139,29.5389339],[74.6098169,29.538436],[74.6121061,29.5376892],[74.6136798,29.5362369],[74.6147767,29.5342453],[74.6146336,29.532461],[74.6155875,29.5319216],[74.6173997,29.5320046],[74.6188304,29.5325025],[74.6215487,29.5325025],[74.6226933,29.5304693],[74.6221687,29.5280211],[74.622121,29.5249088],[74.6213103,29.5220455],[74.6142998,29.516194],[74.6104846,29.5122098],[74.607957,29.5093461],[74.6049525,29.5045316],[74.6033787,29.5024978],[74.6010419,29.5012526],[74.6006127,29.4994263],[74.599802,29.4951094],[74.5992297,29.4935735],[74.5978467,29.4919961],[74.5950329,29.4899205],[74.5956052,29.4854787],[74.5960344,29.4827388],[74.5954145,29.4807045],[74.5948422,29.478089],[74.5884517,29.4688304],[74.586401,29.4645122],[74.5847318,29.4606091],[74.5845888,29.4597786],[74.5834919,29.4592388],[74.5787705,29.4619378],[74.5766722,29.4631835],[74.5734769,29.4647198],[74.5706632,29.4653011],[74.5667526,29.4657579],[74.5626035,29.4657994],[74.5580729,29.4661316],[74.5550208,29.4666298],[74.552064,29.4672526],[74.5487256,29.467917],[74.5441951,29.4678754],[74.5404275,29.4653426],[74.5378999,29.4626852],[74.5361354,29.4582422],[74.5351816,29.4518472],[74.5348955,29.4486911],[74.5355631,29.4455764],[74.5358969,29.4417971],[74.5356108,29.4401774],[74.5348478,29.4368132],[74.5348478,29.4333243],[74.5358016,29.42834],[74.5364692,29.4251832],[74.539283,29.4251001],[74.5421921,29.4251832],[74.5451966,29.4247678],[74.5491549,29.424394],[74.5535901,29.4236047],[74.5581206,29.4228986],[74.5624605,29.4221509],[74.5653696,29.420697],[74.5664664,29.418163],[74.5678018,29.4152966],[74.5701386,29.4119732],[74.5730477,29.4076941],[74.5738584,29.4039965],[74.5741923,29.3994678],[74.5751461,29.3955206],[74.5765291,29.3918641],[74.5778644,29.3884153],[74.5813935,29.3845092],[74.5838257,29.3806445],[74.5849703,29.3789823],[74.587784,29.3774031],[74.5906454,29.3754914],[74.593173,29.3723745],[74.597942,29.3683847],[74.6003742,29.3669716],[74.6022819,29.3651844],[74.6035218,29.3630647],[74.6048094,29.3606539],[74.6062878,29.35816],[74.607194,29.3548347],[74.6062878,29.3503039],[74.6032834,29.3458143],[74.6022819,29.3415325],[74.6008035,29.3310557],[74.5998734,29.3277452],[74.6059063,29.3277711],[74.6123922,29.3287897],[74.6224072,29.3294966],[74.6315876,29.3293926],[74.6346398,29.3294966],[74.6408157,29.3310765],[74.6504014,29.3325525],[74.6539305,29.3330514],[74.6527859,29.3388302],[74.6517367,29.3472693],[74.6530243,29.3557492],[74.6559335,29.3656],[74.6581749,29.3723745],[74.6643746,29.3711277],[74.6680945,29.3707952],[74.6716713,29.3702133],[74.6757249,29.3694652],[74.6791586,29.368925],[74.6837369,29.367969],[74.6915581,29.3663066],[74.6956118,29.3664728],[74.7006193,29.3667638],[74.704816,29.3674287],[74.708059,29.3678859],[74.714211,29.3697146],[74.71898,29.3700887],[74.7217461,29.3681353],[74.7272782,29.3630231],[74.7340025,29.3577028],[74.7371024,29.355957],[74.7394392,29.3551257],[74.742396,29.3545853],[74.7458297,29.3545022],[74.7502172,29.35471],[74.7554631,29.3551257],[74.7606614,29.35471],[74.7694364,29.3565805],[74.7743485,29.3573287],[74.7805005,29.3578275],[74.7837435,29.3589914],[74.7889894,29.3623996],[74.7933292,29.3687587],[74.7998628,29.3747849],[74.8063964,29.3812263],[74.8135022,29.3906591],[74.815696,29.3925705],[74.8183666,29.3953129],[74.8207988,29.3972657],[74.8235172,29.3978889],[74.8261402,29.3978889],[74.8351059,29.3987615],[74.8421641,29.3993432],[74.8451209,29.4000495],[74.8471239,29.4010882],[74.8488884,29.4020022],[74.8503668,29.4036641],[74.8564712,29.40221],[74.8592849,29.4002572],[74.8634817,29.3983044],[74.8678692,29.397058],[74.8727813,29.3942325],[74.874212,29.3918641],[74.8757381,29.3890801],[74.8759765,29.3855896],[74.8770734,29.3845092],[74.8797918,29.3839274],[74.8826532,29.3838028],[74.8906651,29.3833872],[74.8983433,29.3848001],[74.9007754,29.3845508],[74.9013145,29.3841783],[74.9035415,29.3826392],[74.9100274,29.3770707],[74.9169901,29.3718342],[74.9240483,29.3691744],[74.9374016,29.3627738],[74.9388323,29.3617762],[74.9388323,29.3579523],[74.9385462,29.3539619],[74.9391185,29.3482254],[74.9396907,29.3401606],[74.9433152,29.3382482],[74.9472258,29.3365853],[74.9513272,29.3350886],[74.9548563,29.333675],[74.9579084,29.3300163],[74.9599114,29.3244449],[74.9616283,29.3197047],[74.9596253,29.3157128],[74.9563824,29.3101821],[74.9518041,29.3042769],[74.9493719,29.3014905],[74.9494673,29.2997853],[74.9508026,29.2976226],[74.9522333,29.2948777],[74.954904,29.2895954],[74.9579085,29.2843129],[74.960293,29.2812764],[74.9674465,29.2800285],[74.9732171,29.2794461],[74.9827105,29.2806903],[75.0007127,29.2691942],[75.0027851,29.2732063],[75.0064095,29.2754943],[75.0112739,29.2797789],[75.0146599,29.2833146],[75.0179983,29.2857272],[75.0222904,29.286767],[75.0253903,29.2872662],[75.0343084,29.2878901],[75.0400789,29.2878069],[75.0479001,29.2868502],[75.0504754,29.2865175],[75.0537183,29.2848121],[75.056532,29.2816924],[75.0590596,29.2787805],[75.0614441,29.2757855],[75.0613964,29.2731231],[75.0613964,29.2705022],[75.0614441,29.2671741],[75.0627795,29.2647611],[75.065784,29.2598101],[75.0709822,29.2536939],[75.073176,29.248576],[75.0746544,29.2459961],[75.0749405,29.2437907],[75.0746544,29.2410027],[75.0740821,29.238922],[75.0738436,29.2365916],[75.074559,29.2331375],[75.075322,29.2303491],[75.0764666,29.2297249],[75.0781357,29.2291838],[75.0820464,29.2286428],[75.0878646,29.2275191],[75.0997395,29.2257295],[75.1066069,29.2250219],[75.1192925,29.2229409],[75.1205801,29.2247722],[75.1221539,29.2286844],[75.1234892,29.234594],[75.1242046,29.2398791],[75.1307858,29.2395462],[75.135221,29.239671],[75.1396562,29.2394214],[75.1469529,29.2404617],[75.1508635,29.2410443],[75.1553464,29.2418766],[75.1586847,29.242792],[75.1635014,29.2452471],[75.1711795,29.2491169],[75.1742794,29.2503652],[75.1748517,29.2523625],[75.174184,29.2539852],[75.1729918,29.2552334],[75.1711318,29.2564816],[75.1701303,29.2577298],[75.170178,29.2594357],[75.1715611,29.2608503],[75.1746132,29.2622232],[75.1760916,29.263305],[75.1780946,29.263721],[75.1792869,29.2638458],[75.180956,29.264137],[75.1824821,29.2653435],[75.1832929,29.2670077],[75.1852959,29.2678813],[75.1886819,29.2685053],[75.1913525,29.2667164],[75.1939755,29.2650939],[75.195597,29.2639706],[75.1967892,29.2622648],[75.1971231,29.2604342],[75.197743,29.2582707],[75.1984584,29.2557327],[75.2003183,29.2518632],[75.2044674,29.2459129],[75.206375,29.2428336],[75.2076626,29.2403785],[75.208998,29.2381313],[75.2106671,29.2363835],[75.2119071,29.234594],[75.2132424,29.2334704],[75.2154361,29.2329294],[75.2182976,29.2327629],[75.2215882,29.2325548],[75.2252603,29.2322635],[75.2307924,29.2316393],[75.2350369,29.2313896],[75.2389475,29.2312647],[75.2407597,29.2325132],[75.2424289,29.2352599],[75.2429773,29.2434994],[75.2435973,29.2465787],[75.2451857,29.2501815],[75.2610941,29.2505229],[75.2829635,29.2483659],[75.2833746,29.2587949],[75.2852708,29.2709257],[75.2882732,29.2731312],[75.2974383,29.2723041],[75.3152944,29.2791959],[75.3222472,29.2892571],[75.3337149,29.2874689],[75.3380386,29.28465],[75.3406406,29.2807706],[75.33978,29.2778925],[75.3390672,29.2717323],[75.3384132,29.2706338],[75.3384132,29.269464],[75.3391328,29.2678663],[75.3391164,29.2655838],[75.3387893,29.2641144],[75.3381189,29.2623026],[75.33771,29.2598202],[75.3380207,29.2580225],[75.338544,29.2530148],[75.3350771,29.246908],[75.3338997,29.242399],[75.3329839,29.2400018],[75.3312178,29.2379755],[75.3284705,29.236891],[75.3279799,29.2351786],[75.3290592,29.233038],[75.330531,29.2318678],[75.3331148,29.230926],[75.3358621,29.2302981],[75.3383805,29.2296416],[75.3410624,29.2287282],[75.3432865,29.2273011],[75.345674,29.2259311],[75.3477345,29.2240472],[75.3513976,29.2224202],[75.3553551,29.2225059],[75.3581352,29.2241329],[75.3593126,29.2257313],[75.3606209,29.2276722],[75.3612096,29.2294418],[75.3607844,29.232353],[75.3603592,29.2361775],[75.3605881,29.240915],[75.3613731,29.2438259],[75.3628776,29.2453099],[75.3657558,29.2478497],[75.370629,29.2517877],[75.3745865,29.2533857],[75.3769741,29.2543844],[75.3799503,29.256125],[75.3825668,29.2566957],[75.3852161,29.2575517],[75.3872112,29.2589499],[75.389239,29.2605478],[75.3940141,29.2605763],[75.3969904,29.2601769],[75.4041531,29.2595491],[75.4055594,29.2576373],[75.4065079,29.2567813],[75.4076527,29.2562962],[75.4091244,29.2557826],[75.4103019,29.2547839],[75.4105962,29.2520445],[75.4116428,29.2455382],[75.4107271,29.241286],[75.4086011,29.2410577],[75.4081105,29.2390029],[75.4078816,29.2359492],[75.4077835,29.233723],[75.4053632,29.2300412],[75.404611,29.2275295],[75.4022234,29.2267303],[75.4008824,29.2257313],[75.4017328,29.2241899],[75.4017328,29.2231624],[75.4006535,29.2223917],[75.3992144,29.2223061],[75.3975137,29.2222775],[75.3970558,29.2211358],[75.3967287,29.2178531],[75.3982005,29.2154553],[75.3993779,29.2142849],[75.4012422,29.2133429],[75.4033681,29.2131431],[75.405494,29.2135427],[75.407947,29.2132287],[75.4071948,29.2112875],[75.4072275,29.2100885],[75.408732,29.2090894],[75.4100729,29.2072623],[75.4105962,29.2000108],[75.4107271,29.1952143],[75.4113804,29.1923358],[75.4121334,29.1890184],[75.4130492,29.1853065],[75.4136379,29.1817086],[75.4113485,29.1802808],[75.4097132,29.1792813],[75.4087647,29.1780534],[75.4079797,29.1765399],[75.4071948,29.1748836],[75.4071948,29.1731987],[75.4064425,29.169886],[75.4037279,29.1686294],[75.4005881,29.1676299],[75.3970231,29.1671158],[75.3939814,29.1669444],[75.3897623,29.1675442],[75.3861646,29.1678869],[75.3836789,29.1678869],[75.3817492,29.1674871],[75.3820763,29.1632888],[75.3822398,29.1591189],[75.3811278,29.1554629],[75.3797868,29.1511213],[75.3787402,29.1429804],[75.3777263,29.1420377],[75.3752406,29.1417234],[75.3733763,29.1413235],[75.3715448,29.1404951],[75.3713813,29.1373813],[75.3723297,29.13601],[75.3746846,29.1342674],[75.3766797,29.1323818],[75.3808988,29.1299534],[75.3846274,29.1285535],[75.387669,29.1278393],[75.3967287,29.1269536],[75.4018309,29.1269822],[75.4032373,29.1248965],[75.4045783,29.1217251],[75.4047091,29.1204393],[75.4042839,29.1185821],[75.3993452,29.1139246],[75.3950607,29.1113815],[75.3937197,29.1092669],[75.3926077,29.1045519],[75.3920844,29.1021514],[75.3926077,29.1006368],[75.3934908,29.0990365],[75.3939487,29.0983506],[75.3950934,29.0978076],[75.3967941,29.0965501],[75.3961727,29.0942638],[75.3947009,29.0924633],[75.3928694,29.0909485],[75.3917246,29.08689],[75.3920517,29.0847464],[75.3926731,29.082717],[75.393687,29.0790012],[75.3937197,29.0714262],[75.3924115,29.0679673],[75.3924769,29.0640794],[75.392019,29.0622783],[75.3929348,29.0610776],[75.3971212,29.0607059],[75.4026159,29.0607917],[75.4083722,29.0605344],[75.4140958,29.0596196],[75.418086,29.0583044],[75.4225014,29.057218],[75.425216,29.0566177],[75.4320516,29.0552453],[75.4351914,29.0564175],[75.4372847,29.0566462],[75.4404245,29.0562746],[75.441929,29.0553883],[75.4426485,29.0538158],[75.4429102,29.0515571],[75.4429102,29.0480689],[75.4435316,29.0466965],[75.4449053,29.0461818],[75.4461154,29.0450952],[75.4481432,29.0431509],[75.4523623,29.0402915],[75.4520025,29.0380039],[75.4514138,29.0362596],[75.4498439,29.0344866],[75.4484702,29.0338003],[75.4479797,29.031913],[75.4474236,29.0301399],[75.4459519,29.0272802],[75.4441857,29.0238769],[75.4434335,29.022018],[75.4432372,29.0188148],[75.4451342,29.0162693],[75.445494,29.0129801],[75.4451669,29.0104917],[75.4457229,29.0077458],[75.4491571,29.0093762],[75.4545209,29.0109493],[75.4610949,29.0117216],[75.4691734,29.0126655],[75.4774154,29.0125511],[75.4840221,29.0114356],[75.4904653,29.011121],[75.497628,29.0110924],[75.5052159,29.0100627],[75.5102526,29.0091474],[75.5147661,29.0068591],[75.5182657,29.0043419],[75.5201627,29.0022824],[75.5210785,28.999994],[75.5233679,28.9933],[75.5255919,28.9867487],[75.5275521,28.9793818],[75.527242,28.9704411],[75.5239396,28.9671949],[75.5232931,28.9656318],[75.5214044,28.9630713],[75.5194818,28.9617017],[75.5178653,28.9610913],[75.5150919,28.9597068],[75.5144454,28.9585903],[75.5129651,28.9562827],[75.5115358,28.9534986],[75.5104128,28.951176],[75.5092048,28.9476325],[75.5091537,28.9459351],[75.5100215,28.9447588],[75.5107531,28.9437612],[75.5111274,28.9427487],[75.5104128,28.9422425],[75.5093239,28.9418851],[75.5090857,28.9412449],[75.5076734,28.9381179],[75.5061931,28.9366884],[75.5054615,28.9358545],[75.5046448,28.9346335],[75.5034878,28.9350058],[75.5021606,28.9350058],[75.5012418,28.9345292],[75.5004081,28.9336953],[75.4982131,28.9331742],[75.4959331,28.9333231],[75.494589,28.9332188],[75.4911009,28.933472],[75.4830358,28.9325041],[75.4800072,28.9326232],[75.4763746,28.9320921],[75.4745995,28.9268365],[75.4740349,28.9250958],[75.4737568,28.923979],[75.47412,28.9232711],[75.474086,28.9213946],[75.4749368,28.9198755],[75.4764,28.9176415],[75.4795308,28.9133223],[75.4821851,28.9105818],[75.4840567,28.9089136],[75.4856221,28.9074539],[75.4862687,28.9063517],[75.4871194,28.9046537],[75.4876639,28.9032535],[75.488923,28.9022406],[75.4898078,28.901615],[75.4916454,28.9007808],[75.4932107,28.8997381],[75.4953546,28.8973547],[75.4956949,28.8961034],[75.4967158,28.8944052],[75.4972603,28.8904426],[75.4978388,28.8853774],[75.498111,28.8798054],[75.4983152,28.875127],[75.4990639,28.8716107],[75.4984513,28.8677366],[75.4981451,28.8648459],[75.4978728,28.8571567],[75.4972263,28.8558155],[75.498077,28.8538484],[75.4983833,28.8522091],[75.4983833,28.8502717],[75.4984854,28.8484535],[75.4995743,28.8477679],[75.5002889,28.8483641],[75.5012077,28.8497054],[75.5022967,28.8501525],[75.5038621,28.8502121],[75.5046448,28.8491689],[75.5042704,28.847291],[75.5058018,28.8435353],[75.5065164,28.8425814],[75.5072991,28.8417468],[75.507231,28.8396304],[75.5078436,28.837961],[75.5100555,28.8376629],[75.5133904,28.8381399],[75.5160107,28.8381399],[75.5161128,28.8359638],[75.5160447,28.8340261],[75.5176782,28.8333404],[75.5200262,28.8331616],[75.5204346,28.8286004],[75.5192095,28.8212365],[75.5188011,28.8173009],[75.5188692,28.8151541],[75.518631,28.8130968],[75.5165212,28.8119339],[75.5149558,28.8100853],[75.5134585,28.8078489],[75.5114507,28.8045092],[75.5104638,28.8029288],[75.5087283,28.8001555],[75.5090686,28.7980681],[75.509477,28.7964279],[75.5104638,28.7950859],[75.5113486,28.794072],[75.5109743,28.7924019],[75.5099874,28.7912388],[75.5091027,28.7902248],[75.5077074,28.7897476],[75.5067546,28.7905529],[75.5061421,28.7881372],[75.5052573,28.7867951],[75.5044065,28.7855723],[75.5039982,28.7820529],[75.5059039,28.7809792],[75.5075373,28.7805616],[75.5092728,28.7801142],[75.5110764,28.7801739],[75.511757,28.7788317],[75.5124376,28.7773105],[75.5130501,28.7761771],[75.5138328,28.7745067],[75.5148537,28.7737909],[75.516317,28.7735522],[75.5183247,28.7731048],[75.5169295,28.7696447],[75.51744,28.7687796],[75.5187671,28.7687796],[75.5208089,28.768362],[75.522102,28.7676163],[75.5225444,28.7661248],[75.5224083,28.764156],[75.5225104,28.7628732],[75.5227826,28.7611132],[75.523225,28.7594426],[75.5238376,28.7581002],[75.5263898,28.7535655],[75.5281253,28.7517755],[75.5291802,28.7497467],[75.5302692,28.7483445],[75.5317665,28.7469124],[75.5333319,28.7463156],[75.5358501,28.7464052],[75.5379259,28.7473599],[75.5397975,28.7481058],[75.5396614,28.746793],[75.5376877,28.7453907],[75.5365647,28.7439884],[75.5346931,28.7424071],[75.5313241,28.7381403],[75.5315283,28.7362605],[75.5330596,28.7333959],[75.5340465,28.7317547],[75.5349653,28.7304119],[75.5356799,28.7289796],[75.5372113,28.7270697],[75.5400357,28.724384],[75.5409205,28.7219667],[75.5397975,28.7199672],[75.5384363,28.7170724],[75.5385044,28.7154011],[75.5383002,28.7085963],[75.5392871,28.7026566],[75.5393892,28.6989255],[75.5397295,28.6943585],[75.5402399,28.6920002],[75.5422136,28.6877314],[75.5433366,28.6844476],[75.5446978,28.6822085],[75.5442895,28.6799396],[75.5440512,28.6724159],[75.5427921,28.6661159],[75.5423157,28.6602037],[75.5446298,28.6596961],[75.5452083,28.6592183],[75.5449701,28.6577551],[75.5445277,28.6559634],[75.544936,28.6537835],[75.5466035,28.6501104],[75.5474202,28.6470941],[75.5482709,28.6423158],[75.550653,28.6413899],[75.5524906,28.6422859],[75.5543623,28.6428533],[75.5557235,28.6419872],[75.5576972,28.640046],[75.5599091,28.6374177],[75.5609981,28.6352374],[75.5612363,28.6241559],[75.5611002,28.6163594],[75.5615085,28.6131032],[75.5693013,28.612924],[75.5740655,28.612924],[75.5772303,28.6131032],[75.5805312,28.6133721],[75.5831515,28.6132526],[75.5870309,28.6128343],[75.5872691,28.610056],[75.5879156,28.6074868],[75.5889706,28.6060229],[75.5916929,28.6046187],[75.5947556,28.6041407],[75.5989413,28.6036328],[75.6084356,28.6040212],[75.613438,28.6037224],[75.6178278,28.6032743],[75.6203801,28.6026468],[75.6217413,28.6016011],[75.6228642,28.5998384],[75.6238511,28.5970298],[75.6241574,28.5947591],[75.623783,28.5909345],[75.6239192,28.5871097],[75.6247699,28.5816413],[75.6253484,28.5735428],[75.6256206,28.5699864],[75.6259609,28.564547],[75.6286833,28.5584796],[75.6314057,28.5543847],[75.631712,28.5509173],[75.6320523,28.5491238],[75.632835,28.5472107],[75.6338218,28.5447894],[75.6346726,28.5437132],[75.6394367,28.5438029],[75.6419209,28.5421588],[75.6441669,28.540126],[75.6459364,28.5389003],[75.6484546,28.5382426],[75.6510409,28.5375251],[75.6535251,28.536987],[75.655703,28.5365385],[75.6576086,28.5365385],[75.6603991,28.5367179],[75.6632236,28.5368674],[75.6656397,28.535552],[75.6667627,28.5345056],[75.6692128,28.5322036],[75.6698934,28.5302603],[75.6702677,28.5275994],[75.6707101,28.5252972],[75.6707782,28.5231744],[75.6707782,28.5217093],[75.6711452,28.5178503],[75.6711033,28.517207],[75.6737852,28.5164981],[75.6768751,28.5155271],[75.6778407,28.5149426],[75.6789029,28.5139904],[75.6806838,28.5127931],[75.6827545,28.5118692],[75.6826794,28.5116807],[75.6840205,28.5110207],[75.6842244,28.5099931],[75.6846428,28.5092295],[75.6852758,28.5082772],[75.6857371,28.507061],[75.6867671,28.5059485],[75.687443,28.5051094],[75.6880599,28.504473],[75.6884032,28.5038837],[75.6888109,28.5028372],[75.6889772,28.5022903],[75.6894708,28.5013428],[75.6901091,28.5006309],[75.689916,28.49982],[75.6919759,28.4990657],[75.6928182,28.4987122],[75.6967235,28.4963314],[75.6992018,28.4953885],[75.6997919,28.4944644],[75.7015943,28.4922579],[75.7023775,28.4916922],[75.7024419,28.4921731],[75.7043302,28.4922674],[75.7066262,28.4922391],[75.7071304,28.4924182],[75.7072055,28.4933989],[75.7074845,28.4938609],[75.7086003,28.4936252],[75.7097375,28.493248],[75.7103813,28.4925974],[75.711776,28.4921919],[75.7133102,28.4921071],[75.7153809,28.4912679],[75.7164967,28.4907398],[75.7175696,28.4904475],[75.7188356,28.4904381],[75.7206058,28.4903815],[75.7224083,28.4901363],[75.7237172,28.4898817],[75.7251334,28.4898157],[75.7260561,28.489712],[75.726614,28.49024],[75.7272148,28.4905984],[75.7283628,28.4908907],[75.7290494,28.4907775],[75.7294035,28.4902778],[75.7297039,28.4887879],[75.7298434,28.4877318],[75.7299185,28.4871377],[75.730133,28.4867322],[75.7307339,28.4863267],[75.7317531,28.4858363],[75.7340062,28.4848179],[75.7350898,28.4846387],[75.7368922,28.484667],[75.738523,28.4848179],[75.7394242,28.4850065],[75.7395315,28.4844596],[75.7398319,28.4834977],[75.7397675,28.4829225],[75.7395959,28.4823378],[75.7388341,28.4821209],[75.7382494,28.4774858],[75.7376325,28.4772925],[75.7371604,28.4766417],[75.7364416,28.4760193],[75.7355726,28.4760759],[75.7354975,28.47402],[75.7363129,28.4731523],[75.7363021,28.4720111],[75.7360661,28.4705304],[75.7355618,28.469012],[75.737493,28.4682292],[75.7389521,28.4679274],[75.7402611,28.4675878],[75.7413447,28.4674369],[75.7431471,28.4672483],[75.7443702,28.4668239],[75.745486,28.4660976],[75.7475781,28.4658241],[75.7495093,28.4657675],[75.7538545,28.4641735],[75.755775,28.4637868],[75.7569873,28.4636925],[75.758779,28.4628814],[75.7613218,28.4622211],[75.7631993,28.4619287],[75.7665467,28.4613062],[75.7689607,28.4607308],[75.7716966,28.459731],[75.7751298,28.4583822],[75.775795,28.4583445],[75.7767606,28.4579106],[75.7768249,28.4577597],[75.7786703,28.4571748],[75.7793462,28.4570711],[75.7803011,28.4569862],[75.7807088,28.4565712],[75.7808483,28.4560052],[75.7832622,28.4552412],[75.7837021,28.454779],[75.7837558,28.4533452],[75.7850325,28.4533923],[75.7869744,28.4536848],[75.788337,28.4537885],[75.788573,28.4527698],[75.7889056,28.4518925],[75.7892167,28.4504398],[75.7901609,28.4490814],[75.7907724,28.4483739],[75.7911801,28.4456383],[75.7916736,28.4455439],[75.7919848,28.4443364],[75.7919848,28.4426572],[75.7915449,28.4409119],[75.7911587,28.4405723],[75.7905149,28.4402516],[75.7902574,28.4386572],[75.7897639,28.4374685],[75.7894206,28.4362326],[75.7889485,28.4336004],[75.7884335,28.4333928],[75.7863736,28.4330626],[75.7848394,28.4330626],[75.7834339,28.4333645],[75.7823503,28.4335438],[75.7820928,28.4331286],[75.7815671,28.432855],[75.7809985,28.4328456],[75.7805478,28.4307133],[75.78058,28.4298642],[75.7801831,28.4290811],[75.7799578,28.4273733],[75.7789707,28.427213],[75.7772219,28.4263827],[75.7769108,28.4259958],[75.7763207,28.4244861],[75.7751083,28.4245333],[75.7736277,28.4244201],[75.7722008,28.424288],[75.7721472,28.4237785],[75.771482,28.4237691],[75.7703125,28.4235992],[75.7696795,28.4227878],[75.7692289,28.4219386],[75.7684672,28.4197683],[75.7681775,28.4179944],[75.7677698,28.4179849],[75.7674158,28.4164752],[75.7668793,28.4142765],[75.7666647,28.4132197],[75.7672012,28.4131442],[75.7682204,28.4130498],[75.7699692,28.4126818],[75.7701516,28.4124364],[75.7706559,28.4108605],[75.7712245,28.4096621],[75.7715785,28.408775],[75.7723832,28.4071802],[75.7732522,28.4060383],[75.7741749,28.4053494],[75.7753336,28.4047265],[75.7760095,28.4042452],[75.7765782,28.4035752],[75.7769537,28.40165],[75.7771468,28.4001116],[75.7799041,28.4007062],[75.7809234,28.4009327],[75.782125,28.4014706],[75.782876,28.4018198],[75.7843351,28.4018765],[75.7852954,28.4019991],[75.7855904,28.4034761],[75.7869798,28.4036601],[75.7884496,28.4035563],[75.7885677,28.4026975],[75.788691,28.4011403],[75.7900053,28.4010743],[75.7918292,28.4004797],[75.7933956,28.3998993],[75.7941627,28.3996917],[75.7968879,28.400659],[75.7971239,28.4010931],[75.7972956,28.4025182],[75.797596,28.4034148],[75.7983148,28.4036412],[75.799495,28.4039904],[75.7999134,28.405708],[75.7997954,28.4071896],[75.8020484,28.4075199],[75.8024347,28.4081616],[75.8050096,28.4089071],[75.8068442,28.4090015],[75.8062112,28.4066894],[75.8059966,28.4059817],[75.807724,28.4055947],[75.8094728,28.405708],[75.8107495,28.4059722],[75.8117902,28.4071519],[75.8129597,28.4080201],[75.8150089,28.4075482],[75.815438,28.4096998],[75.8172297,28.4098414],[75.8203947,28.4097753],[75.8198583,28.4076615],[75.8202445,28.4065385],[75.8226156,28.4057552],[75.8226156,28.4051701],[75.8221757,28.4035091],[75.8222401,28.4029618],[75.8237851,28.4029146],[75.8246004,28.4029618],[75.8254695,28.4035091],[75.8261454,28.4041225],[75.8275187,28.4052644],[75.8282697,28.4054154],[75.8303082,28.4055098],[75.831821,28.4054343],[75.8328938,28.4051795],[75.834192,28.4035091],[75.8349645,28.4027919],[75.835973,28.4022634],[75.8373141,28.4019991],[75.8374107,28.3993094],[75.8373892,28.397856],[75.8376896,28.3965064],[75.8385157,28.3955909],[75.8393419,28.3944961],[75.8400392,28.3941375],[75.8415198,28.3943074],[75.8442986,28.394515],[75.844363,28.3932503],[75.8446741,28.3931653],[75.8449101,28.3914853],[75.848515,28.3916552],[75.8514225,28.391457],[75.8534825,28.3917024],[75.8550703,28.3913626],[75.8549952,28.3900035],[75.8556604,28.389777],[75.8583319,28.3892012],[75.8602631,28.3893334],[75.8627844,28.3893711],[75.8643508,28.3889275],[75.8642435,28.3883895],[75.8637929,28.3853219],[75.8653271,28.3851331],[75.866915,28.3852653],[75.8689964,28.3858033],[75.8703482,28.3865867],[75.8717751,28.3868038],[75.8720004,28.3861525],[75.8735025,28.3861525],[75.8755624,28.3868321],[75.8788562,28.3865867],[75.8814311,28.385926],[75.8825469,28.3861525],[75.8840918,28.385926],[75.8848858,28.3850954],[75.8862591,28.384378],[75.8866882,28.3851709],[75.8877396,28.3844913],[75.8904433,28.3831887],[75.8915806,28.383302],[75.8918381,28.3840193],[75.8924389,28.385303],[75.8925891,28.3865301],[75.8925354,28.3875495],[75.8930397,28.3884178],[75.8938765,28.389541],[75.8947456,28.3893239],[75.8963656,28.390072],[75.8957168,28.3863879],[75.8976357,28.3849746],[75.8987103,28.3843552],[75.8990808,28.3830512],[75.899192,28.3818124],[75.8993773,28.3803454],[75.8995996,28.3788457],[75.8995255,28.3770526],[75.8995255,28.3752595],[75.8996367,28.3736293],[75.9007112,28.3719992],[75.9034162,28.3723904],[75.9050466,28.3728142],[75.90664,28.3728468],[75.9084186,28.372423],[75.9091597,28.3711189],[75.9110495,28.3706624],[75.9128281,28.3714449],[75.9144956,28.3718035],[75.9160519,28.3719666],[75.9177564,28.3718035],[75.9174599,28.3704016],[75.9173117,28.3689344],[75.9176452,28.367891],[75.9187198,28.3669781],[75.9203873,28.3669455],[75.9214989,28.3667824],[75.9240927,28.364337],[75.924945,28.3631958],[75.9261678,28.3628045],[75.9272794,28.3606525],[75.9278723,28.3598047],[75.9288357,28.3590873],[75.929725,28.3571634],[75.9302808,28.3553374],[75.9305773,28.3529895],[75.9289098,28.3473479],[75.9288357,28.3450651],[75.929021,28.3434997],[75.9314666,28.3433366],[75.9316519,28.3417712],[75.9318001,28.3403689],[75.9326679,28.3368897],[75.940193,28.336553],[75.9421198,28.3362432],[75.9449175,28.335493],[75.9466034,28.3347755],[75.9476595,28.3343515],[75.9487711,28.3340091],[75.9491046,28.3339927],[75.9498457,28.3339601],[75.9541996,28.334058],[75.9558671,28.3337807],[75.9558671,28.3325087],[75.9557004,28.3316281],[75.954774,28.331253],[75.95344,28.3313998],[75.9526248,28.3313998],[75.9515688,28.3306822],[75.9516429,28.329769],[75.9521431,28.3291166],[75.9538476,28.3273064],[75.9557559,28.3266377],[75.9570343,28.3265725],[75.9581089,28.3134268],[75.9724861,28.3185157],[75.9773403,28.3103277],[75.9780814,28.3079788],[75.978489,28.3060867],[75.9785631,28.3043902],[75.9781925,28.3019433],[75.9800823,28.3007688],[75.9820833,28.2992028],[75.9834172,28.2973105],[75.9842324,28.2959728],[75.9882714,28.2920901],[75.995497,28.2887946],[76.0014628,28.285499],[76.0040937,28.2839001],[76.0112082,28.2808328],[76.0165441,28.2794622],[76.0206571,28.2775695],[76.0265118,28.2750894],[76.0233621,28.2689215],[76.0205089,28.2628186],[76.0181004,28.2580534],[76.0154695,28.2543326],[76.0136909,28.2485878],[76.0132833,28.24565],[76.0132462,28.2440179],[76.0146172,28.2423531],[76.0157659,28.2409821],[76.0161365,28.2393172],[76.0163959,28.2375544],[76.0177298,28.2351386],[76.0210647,28.2343225],[76.0237697,28.2338655],[76.0269194,28.2328208],[76.0285868,28.231417],[76.0308472,28.2294908],[76.0329593,28.228544],[76.0341821,28.2277931],[76.036813,28.2263566],[76.0369612,28.2255404],[76.0380728,28.2215245],[76.0422971,28.2213286],[76.0461507,28.2213939],[76.0493374,28.2211001],[76.0534135,28.2209368],[76.0559702,28.2204471],[76.0565631,28.2175412],[76.0566372,28.215876],[76.0560443,28.2137209],[76.0540804,28.2069617],[76.0534135,28.2047086],[76.0529317,28.2036309],[76.0499303,28.2033044],[76.0481517,28.2028146],[76.0477441,28.2000715],[76.0478553,28.1981447],[76.0505603,28.197263],[76.0535246,28.1965772],[76.0567113,28.19612],[76.0595645,28.1957607],[76.0618249,28.1954015],[76.0638629,28.1952709],[76.0667531,28.1947157],[76.0719037,28.1940299],[76.0726448,28.1925276],[76.0730154,28.1911886],[76.0740529,28.1898822],[76.074794,28.1866162],[76.0749422,28.179398],[76.0744234,28.1764256],[76.0740158,28.1741065],[76.0751645,28.1733225],[76.0767949,28.1732245],[76.0766097,28.1693047],[76.0793517,28.1656461],[76.0845394,28.1608113],[76.0889859,28.156597],[76.093766,28.1532646],[76.0965562,28.1484389],[76.0956187,28.1441818],[76.0939142,28.1399995],[76.0892824,28.1383984],[76.0860586,28.1368627],[76.0822049,28.1363399],[76.0770543,28.1366013],[76.07346,28.1370588],[76.0670496,28.1403263],[76.0658638,28.1424501],[76.0657897,28.1441491],[76.0667531,28.1477431],[76.0682724,28.1522518],[76.0696063,28.1567277],[76.0705698,28.1639801],[76.0688282,28.1655481],[76.0643446,28.1660054],[76.0593422,28.1662668],[76.0534505,28.1662994],[76.0489298,28.1662668],[76.0461137,28.1660708],[76.0404443,28.1657114],[76.036183,28.1670508],[76.0322182,28.1671488],[76.0309583,28.1665934],[76.0295503,28.1651561],[76.028698,28.1633267],[76.0261783,28.1646334],[76.0255854,28.1631961],[76.0243997,28.1606806],[76.0226952,28.1575771],[76.0203978,28.1545715],[76.0182115,28.1520885],[76.0159142,28.1502916],[76.0140244,28.1507816],[76.0100595,28.1523172],[76.0073545,28.1526439],[76.0060206,28.1517944],[76.0046866,28.1495401],[76.0042419,28.1470897],[76.0035379,28.1446392],[76.0026486,28.1426461],[76.0024633,28.1416332],[76.0019816,28.1382677],[76.0011293,28.1351636],[76.0012035,28.1337585],[76.0027227,28.1329416],[76.0040196,28.1319286],[76.0036491,28.1298699],[76.0019075,28.1260465],[75.9987578,28.1232688],[75.9956082,28.1238243],[75.9898647,28.1243799],[75.9821203,28.1242818],[75.9768585,28.124772],[75.9736348,28.1202295],[75.9692994,28.1148697],[75.9661498,28.1144122],[75.9625184,28.1144449],[75.9602951,28.1138892],[75.9565526,28.111961],[75.9513279,28.1094443],[75.9467702,28.1072218],[75.9434723,28.1010442],[75.9426571,28.0973505],[75.9420642,28.0956835],[75.9388053,28.0878742],[75.9502533,28.0857131],[75.9532362,28.0841929],[75.9561635,28.0828362],[75.9589426,28.0813977],[75.9617958,28.0806785],[75.9641488,28.0803679],[75.9656125,28.0804987],[75.9697811,28.0817574],[75.971745,28.0830324],[75.9749317,28.0830324],[75.9781925,28.0824112],[75.9817868,28.0816593],[75.9827502,28.0808093],[75.9831578,28.0788477],[75.9840101,28.0764611],[75.9846771,28.074859],[75.9865669,28.0718511],[75.9872338,28.0708048],[75.9887901,28.0683526],[75.9881973,28.0659658],[75.9872338,28.0640693],[75.9856405,28.0625325],[75.9844548,28.060963],[75.9833802,28.0590991],[75.9831949,28.0573006],[75.9806752,28.0571698],[75.9790818,28.0574314],[75.9777849,28.0567774],[75.9770809,28.0548154],[75.9759692,28.0526898],[75.9750429,28.0505969],[75.9793412,28.049387],[75.9816015,28.0482424],[75.9836766,28.0472286],[75.9858258,28.0465745],[75.9877897,28.0464764],[75.9896795,28.046411],[75.9928662,28.0464764],[75.9932738,28.0486348],[75.9945707,28.0515453],[75.9966087,28.0550116],[75.9984985,28.0562542],[76.0003883,28.0565158],[76.0033427,28.0573042],[76.0052909,28.0574142],[76.0086631,28.0550942],[76.0103559,28.0541614],[76.0136908,28.0528534],[76.01584,28.0512837],[76.0165811,28.0487983],[76.016507,28.0451356],[76.0168034,28.0420614],[76.0172481,28.0353895],[76.0162847,28.0308105],[76.0121345,28.0308105],[76.0069469,28.0313992],[76.0017592,28.0321188],[75.998202,28.0327729],[75.9974609,28.0363053],[75.9953117,28.0385947],[75.9942742,28.0378752],[75.9933849,28.0355857],[75.9905687,28.0343429],[75.9873079,28.0333617],[75.9841953,28.0317917],[75.9813792,28.0312684],[75.9781925,28.0310721],[75.9749317,28.0301563],[75.9738941,28.0264275],[75.9730789,28.0224369],[75.971745,28.0180536],[75.971078,28.0157638],[75.9730789,28.0145207],[75.97923,28.012427],[75.9844177,28.0111185],[75.9861222,28.0107913],[75.9909393,28.0100062],[75.9939037,28.0096791],[75.9954599,28.0062113],[75.9953858,28.0033977],[75.9909393,27.9962653],[75.9881231,27.9956764],[75.982639,27.9979012],[75.9779701,27.9988828],[75.974487,27.9994063],[75.9704851,27.9995371],[75.9661127,27.9984902],[75.9655939,27.9933206],[75.9661868,27.9887398],[75.9658903,27.9853368],[75.9662609,27.9819991],[75.9685583,27.9804939],[75.9703369,27.9801667],[75.975154,27.9785959],[75.9772291,27.9782687],[75.982639,27.9783341],[75.983306,27.9789232],[75.988716,27.9801012],[75.9908652,27.9816065],[75.9989431,27.9782687],[75.9993136,27.9756507],[75.9964975,27.9749962],[75.9933108,27.9747999],[75.9888642,27.9682547],[75.9838248,27.9662256],[75.9809345,27.9643929],[75.9796006,27.9598763],[75.9784148,27.9564724],[75.9780443,27.9540503],[75.9809345,27.9525446],[75.9830837,27.9504498],[75.9778219,27.9403677],[75.9755987,27.9358502],[75.9742647,27.9332312],[75.9721155,27.9315288],[75.9661868,27.9338859],[75.9593687,27.9351299],[75.9570713,27.9367668],[75.9562561,27.9404332],[75.9537364,27.9440995],[75.9523283,27.9470456],[75.946029,27.9439031],[75.9415084,27.9417426],[75.9380993,27.9383381],[75.9360243,27.9355228],[75.9349868,27.9333621],[75.9323473,27.9300313],[75.9354129,27.9273137],[75.937877,27.924981],[75.9395815,27.923213],[75.9387663,27.9215105],[75.9370618,27.9205283],[75.9352091,27.9193496],[75.9363207,27.9181054],[75.9372841,27.9165992],[75.9377288,27.9145692],[75.9390628,27.9132594],[75.9415825,27.912932],[75.9455844,27.9135214],[75.9477336,27.9137833],[75.9506979,27.9143072],[75.954848,27.9143072],[75.9592946,27.9141108],[75.9630001,27.9139143],[75.9648528,27.9137833],[75.9670761,27.9137833],[75.9726714,27.9122443],[75.9746523,27.911814],[75.9735488,27.9019764],[75.9873821,27.9036978],[75.9826391,27.8977378],[75.9782296,27.8942992],[75.9760063,27.8925307],[75.9783037,27.8903692],[75.9799711,27.8880439],[75.9807493,27.8870613],[75.9819721,27.8845394],[75.9834172,27.8833276],[75.9844177,27.881821],[75.9817868,27.8781198],[75.9789707,27.8747788],[75.9780072,27.8729772],[75.9786001,27.8708153],[75.9789707,27.8698654],[75.9785631,27.8655087],[75.9774514,27.8642966],[75.9768215,27.8627897],[75.9738571,27.8610535],[75.9722267,27.8603],[75.971708,27.8585965],[75.9716338,27.8558446],[75.9715227,27.853453],[75.971708,27.8518477],[75.9738571,27.8503734],[75.9773773,27.8480145],[75.9818239,27.8452295],[75.9854923,27.8421824],[75.9923844,27.839168],[75.9980909,27.8364156],[76.0000918,27.8358258],[76.0041308,27.8345479],[76.0056871,27.8359569],[76.0067987,27.837628],[76.0094666,27.8408063],[76.0109859,27.8411339],[76.0169146,27.8399544],[76.0231769,27.8395284],[76.0255854,27.8389059],[76.0275123,27.8384471],[76.030032,27.8392008],[76.0324405,27.8389386],[76.0342562,27.8378901],[76.0367018,27.8372348],[76.0387398,27.8375952],[76.0398885,27.8386437],[76.0404814,27.8406752],[76.0434828,27.8386765],[76.0478553,27.8346134],[76.0505603,27.8359241],[76.0538211,27.8389714],[76.0554885,27.8414944],[76.0599351,27.8466384],[76.0616766,27.8480472],[76.0650857,27.8461142],[76.0689023,27.845164],[76.0720519,27.8446398],[76.0757,27.8434953],[76.0770607,27.8443129],[76.0787558,27.8452331],[76.0807943,27.8456884],[76.0826182,27.8452426],[76.084485,27.8445785],[76.0855794,27.8443603],[76.0864055,27.8444931],[76.0868239,27.8449105],[76.0868239,27.8460679],[76.0868883,27.8509343],[76.0869849,27.8541026],[76.0873389,27.8561326],[76.0881114,27.8585704],[76.0888731,27.8605623],[76.0914802,27.8595189],[76.0928321,27.8591205],[76.0938299,27.8589024],[76.0949671,27.8585609],[76.0959649,27.8580202],[76.0970378,27.8572424],[76.0974347,27.8570906],[76.0987329,27.8567776],[76.1002672,27.8569578],[76.1018658,27.8569768],[76.1044514,27.8565879],[76.1062324,27.8559429],[76.1072409,27.8552599],[76.1093116,27.8530687],[76.109966,27.8533533],[76.1105132,27.8530402],[76.1128843,27.8515035],[76.114279,27.8510292],[76.1153841,27.850498],[76.1158025,27.8517217],[76.1162531,27.8518924],[76.1166179,27.8518924],[76.1170685,27.8516837],[76.1181414,27.8515035],[76.1188495,27.8516268],[76.1195898,27.8517596],[76.1219394,27.8514845],[76.1233127,27.8509723],[76.1233127,27.8500521],[76.1240637,27.8493881],[76.1249971,27.8482498],[76.1273038,27.8442559],[76.128366,27.8433927],[76.130501,27.8415332],[76.1336768,27.8392469],[76.1352754,27.8393987],[76.1347496,27.8356038],[76.1336017,27.8298922],[76.1334407,27.8287347],[76.1330223,27.8267706],[76.1322606,27.8244839],[76.1357903,27.8241329],[76.1384404,27.8237249],[76.1407041,27.8231556],[76.1422169,27.8230227],[76.1443627,27.8228045],[76.1456609,27.8222162],[76.1486006,27.8206885],[76.1493409,27.8204323],[76.1505854,27.820252],[76.1518836,27.820252],[76.1537182,27.8197491],[76.1530852,27.8164185],[76.153053,27.8153842],[76.154952,27.8152608],[76.1561215,27.815128],[76.1582887,27.8146251],[76.1596405,27.8142265],[76.1604237,27.8140083],[76.1615074,27.8134009],[76.1629128,27.8125279],[76.1649942,27.8109622],[76.1682451,27.8085992],[76.1691034,27.8080678],[76.170069,27.8074225],[76.1711526,27.806502],[76.1715925,27.8057807],[76.1720967,27.8053632],[76.1723435,27.8037973],[76.1722684,27.8022029],[76.1721611,27.7997734],[76.1726868,27.7995266],[76.1731481,27.7993653],[76.1738992,27.7985301],[76.1751652,27.7980556],[76.1766028,27.7977234],[76.1778366,27.7976095],[76.1796391,27.7971919],[76.1806369,27.7978088],[76.1818814,27.7972394],[76.1830294,27.7977804],[76.1837804,27.7984827],[76.184349,27.7993178],[76.1855721,27.8012349],[76.1879969,27.804044],[76.1894667,27.8057902],[76.1908185,27.8068626],[76.1933935,27.8091496],[76.1941767,27.810687],[76.1948955,27.8117783],[76.19555,27.8128695],[76.1966443,27.8144543],[76.1969876,27.8154411],[76.1975133,27.8162572],[76.198554,27.8177944],[76.1998415,27.8199958],[76.2002814,27.8208878],[76.2007213,27.8212863],[76.2016439,27.8208119],[76.2028026,27.820309],[76.2039184,27.8201382],[76.2050235,27.8199864],[76.2072229,27.8190375],[76.2078667,27.8186579],[76.2077272,27.8179937],[76.2075341,27.8170448],[76.2083709,27.8167127],[76.2099051,27.8162382],[76.2118363,27.8163426],[76.2140679,27.8163901],[76.2154841,27.8165134],[76.2159347,27.8169025],[76.2172973,27.8167032],[76.2182629,27.8165324],[76.2188423,27.8174244],[76.2192285,27.8182689],[76.21984,27.8198061],[76.2206662,27.8210776],[76.2209773,27.8216469],[76.2210309,27.8229848],[76.221739,27.8239052],[76.2223184,27.8247971],[76.2228441,27.8255277],[76.2229407,27.8258882],[76.2231338,27.8267611],[76.2237453,27.8272735],[76.224153,27.8278902],[76.2247324,27.8289624],[76.224947,27.8298448],[76.2251079,27.8309643],[76.2251079,27.8318846],[76.2255156,27.8321123],[76.2258482,27.8326626],[76.2259205,27.8334589],[76.2182736,27.8362679],[76.2128448,27.8380136],[76.2101197,27.8397782],[76.2131238,27.8463809],[76.2101412,27.8479936],[76.2076521,27.8502134],[76.2013864,27.8544631],[76.201837,27.8552599],[76.2010002,27.8555255],[76.1977601,27.8574226],[76.1949277,27.8594146],[76.1948633,27.8615013],[76.1948848,27.8644037],[76.1951422,27.866756],[76.1951208,27.8679131],[76.1949706,27.8689374],[76.1949062,27.8698859],[76.1946487,27.8713844],[76.1948418,27.8744383],[76.1953568,27.8771507],[76.1961078,27.8772835],[76.1977172,27.8774731],[76.1991763,27.877568],[76.201086,27.8778525],[76.2008929,27.8805269],[76.2014723,27.8812476],[76.2021374,27.8823287],[76.2022233,27.8835995],[76.2025022,27.8851926],[76.2032103,27.8873737],[76.2030172,27.8890806],[76.2023091,27.8927978],[76.1976099,27.895358],[76.189456,27.898032],[76.1842418,27.8996249],[76.1807871,27.900592],[76.1763882,27.9019005],[76.1733198,27.9030193],[76.1692428,27.9031142],[76.1688351,27.9070394],[76.1685347,27.9103957],[76.1703586,27.9157617],[76.1717963,27.9219997],[76.1741781,27.9256967],[76.175015,27.9296591],[76.1780834,27.9296781],[76.1799073,27.9375834],[76.18083,27.942133],[76.1820423,27.9472795],[76.1834371,27.951895],[76.1809373,27.9526816],[76.1817741,27.9567756],[76.1836517,27.9618266],[76.1850786,27.9615992],[76.1875892,27.9653992],[76.1787593,27.9687442],[76.175015,27.9700992],[76.1702835,27.9716532],[76.1642003,27.9731977],[76.1666465,27.9763529],[76.1674726,27.9787311],[76.1676335,27.9792807],[76.1677945,27.9804745],[76.1678159,27.9818957],[76.1680412,27.98326],[76.1672795,27.9835443],[76.1667967,27.9829853],[76.1652195,27.98362],[76.1644792,27.9847001],[76.1585033,27.9871255],[76.1592007,27.9885087],[76.1586964,27.988793],[76.1591363,27.989513],[76.1593294,27.9912562],[76.1603057,27.9935583],[76.1607671,27.9955098],[76.1609065,27.9974234],[76.1630845,28.001279],[76.163857,28.0012032],[76.167022,28.004386],[76.1692214,28.007133],[76.1703479,28.0069057],[76.1709916,28.0082034],[76.1723006,28.0112061],[76.1736309,28.0145212],[76.1745214,28.0165198],[76.1766028,28.0188497],[76.1776757,28.0202515],[76.1779225,28.0214164],[76.1805725,28.0207724],[76.1812377,28.021407],[76.1828577,28.0209334],[76.1853683,28.0203367],[76.1898637,28.0185751],[76.193824,28.0168191],[76.196886,28.0155261],[76.1998905,28.0213247],[76.2014468,28.0242687],[76.2025955,28.0269181],[76.2035589,28.0272779],[76.2070791,28.0267873],[76.2098211,28.0267546],[76.2120815,28.0267219],[76.2146382,28.0263621],[76.2154535,28.0265256],[76.2157869,28.0291096],[76.2161575,28.0316608],[76.2166392,28.033427],[76.216528,28.0354222],[76.2132672,28.0363052],[76.2104881,28.0364361],[76.206338,28.0372537],[76.2043371,28.037221],[76.202966,28.0348662],[76.2026696,28.0316608],[76.2022249,28.0298292],[76.2004834,28.0289461],[76.1984824,28.0298619],[76.1957404,28.0309086],[76.1932948,28.0320206],[76.1915532,28.0332635],[76.1901451,28.035324],[76.1884777,28.0373518],[76.186699,28.0391179],[76.1842164,28.0407859],[76.1821413,28.0426174],[76.1782506,28.045528],[76.1794363,28.0494851],[76.1795475,28.0526571],[76.1800663,28.0545211],[76.1815855,28.0546192],[76.1842164,28.0541614],[76.1861432,28.0536382],[76.1878848,28.0533112],[76.1888482,28.0532131],[76.1895152,28.0542268],[76.190034,28.0560907],[76.1940359,28.0558945],[76.1959627,28.0556656],[76.1978154,28.0553386],[76.1989641,28.0553059],[76.2005945,28.0561888],[76.2018173,28.0575295],[76.2050781,28.0570063],[76.2072273,28.0564177],[76.2094877,28.0556656],[76.2099323,28.0544557],[76.2092653,28.0523628],[76.2109698,28.0514145],[76.2141565,28.0510221],[76.2161204,28.0503353],[76.2181214,28.0494524],[76.2201594,28.0492234],[76.2231608,28.0500083],[76.2273109,28.0493543],[76.2304976,28.0513164],[76.2346478,28.0503026],[76.2380938,28.0499429],[76.238872,28.051578],[76.240243,28.0559272],[76.2408729,28.0596223],[76.2417993,28.062696],[76.2436891,28.0646252],[76.2508777,28.0668159],[76.2539162,28.0675352],[76.2572511,28.067666],[76.2601784,28.0676006],[76.2626981,28.0666197],[76.264662,28.0652464],[76.2682563,28.0638731],[76.274111,28.0615515],[76.2812625,28.0581835],[76.2843751,28.056385],[76.2843381,28.0528206],[76.2851903,28.0506623],[76.2930459,28.0489291],[76.2935647,28.0461167],[76.2933794,28.041113],[76.2921936,28.0344083],[76.2926383,28.0264275],[76.2938981,28.02525],[76.3007162,28.0223715],[76.308053,28.0206705],[76.3120549,28.0192312],[76.3160568,28.0169414],[76.3190953,28.0161563],[76.3210962,28.0160255],[76.3237642,28.0214556],[76.3268768,28.0202126],[76.3305822,28.0198855],[76.3347323,28.0234182],[76.3393271,28.0272125],[76.3411798,28.0289788],[76.3447371,28.0344083],[76.3481461,28.043435],[76.3554088,28.0663255],[76.3560758,28.0699875],[76.354149,28.0711645],[76.351481,28.070576],[76.3482943,28.0701836],[76.3442183,28.0713607],[76.3417727,28.0726031],[76.338586,28.0741725],[76.3359922,28.0761342],[76.3333984,28.0802535],[76.3318421,28.0845689],[76.3300635,28.0870534],[76.328433,28.0883611],[76.3244311,28.0890803],[76.3212444,28.0889495],[76.3183542,28.0894072],[76.3124995,28.0911724],[76.3054592,28.0952912],[76.3019019,28.0981678],[76.3057556,28.103463],[76.3102022,28.1086926],[76.3187247,28.1076467],[76.3233936,28.1068623],[76.3277661,28.1056856],[76.3321385,28.1045089],[76.3346582,28.1041821],[76.3371038,28.1043128],[76.3410316,28.106993],[76.3445889,28.1115688],[76.3499989,28.1154907],[76.3515552,28.1166019],[76.358225,28.1239224],[76.3590402,28.1262753],[76.3449594,28.1301967],[76.3374553,28.1324026],[76.3372857,28.1324525],[76.33451,28.1332684],[76.3316939,28.1364706],[76.3301376,28.1408491],[76.3290259,28.1441165],[76.326358,28.1464036],[76.322949,28.1479719],[76.3156121,28.1501936],[76.3131665,28.1475145],[76.3106468,28.1459462],[76.3063485,28.1473838],[76.3018278,28.1482986],[76.2979,28.1497362],[76.2981223,28.1505856],[76.299901,28.1526113],[76.3025689,28.1543101],[76.3041252,28.1553556],[76.3047181,28.1582958],[76.3020501,28.1600599],[76.2930088,28.1624774],[76.2862649,28.1636534],[76.2820406,28.1649601],[76.2807808,28.1663321],[76.2810031,28.1709054],[76.2835969,28.1709707],[76.2867095,28.1704481],[76.2898221,28.1702521],[76.2925641,28.1794633],[76.2981965,28.1783528],[76.3024948,28.1772422],[76.3050886,28.1767196],[76.3070896,28.1779608],[76.3085442,28.1792943],[76.3116241,28.1780599],[76.3153526,28.1764428],[76.3183612,28.1754939],[76.3202933,28.175056],[76.3213974,28.1743747],[76.3222531,28.1731094],[76.3231915,28.1724768],[76.3250961,28.1720145],[76.3274974,28.1714062],[76.3292087,28.1706762],[76.3310305,28.1700192],[76.3321346,28.1698246],[76.333211,28.1722335],[76.3367441,28.1712115],[76.3435066,28.1697516],[76.3467912,28.1682186],[76.3504898,28.1657123],[76.3554582,28.1627922],[76.3572799,28.1615512],[76.3573627,28.1602371],[76.3570039,28.1591421],[76.3563691,28.158047],[76.3546301,28.1550294],[76.3547129,28.1544696],[76.3566727,28.154494],[76.358522,28.1543723],[76.3581356,28.1519873],[76.3573075,28.1454893],[76.3566727,28.1437369],[76.3582184,28.142812],[76.3600125,28.1417655],[76.3610062,28.1407676],[76.3626347,28.1393559],[76.3646772,28.1373113],[76.3669406,28.1364108],[76.3711637,28.1354615],[76.3773741,28.133928],[76.3797479,28.1332708],[76.3814316,28.1329788],[76.3825357,28.133709],[76.3831429,28.1351694],[76.383557,28.1362891],[76.384109,28.1365811],[76.3863724,28.1358753],[76.3874489,28.1352424],[76.3891602,28.1345366],[76.3905679,28.1344879],[76.3910371,28.1351938],[76.3917548,28.1363864],[76.3925828,28.1370679],[76.394515,28.137141],[76.3962815,28.1384553],[76.398048,28.1424713],[76.4002286,28.1448565],[76.4040928,28.144248],[76.4093924,28.1429581],[76.4168173,28.1418141],[76.4268092,28.1412543],[76.4312807,28.141011],[76.4320812,28.1412787],[76.4332681,28.1430311],[76.434455,28.1453676],[76.435145,28.1465358],[76.4370219,28.1486288],[76.4417419,28.1478744],[76.4466826,28.1472903],[76.4499121,28.1469982],[76.4529207,28.1468765],[76.4552944,28.1469739],[76.4575578,28.1472416],[76.4599868,28.1474606],[76.4613117,28.1477283],[76.462747,28.1486532],[76.463575,28.1491642],[76.465452,28.1513546],[76.468295,28.1511355],[76.4738429,28.1499187],[76.4759683,28.1481908],[76.4759683,28.1473633],[76.4753058,28.1466818],[76.4755543,28.1449782],[76.4756371,28.1429581],[76.4753887,28.1419845],[76.4732357,28.1405242],[76.4717176,28.1368732],[76.4717176,28.1358266],[76.4723248,28.1349747],[76.4734013,28.1339037],[76.4745882,28.1329057],[76.4758855,28.1320051],[76.4764651,28.1312749],[76.4769068,28.1303012],[76.4785905,28.129717],[76.4808814,28.128646],[76.4818475,28.1301552],[76.4845249,28.1302769],[76.4877267,28.1300578],[76.4901005,28.1299361],[76.4916462,28.129571],[76.4914254,28.1282078],[76.4907629,28.1268933],[76.4901281,28.1257493],[76.4895209,28.1244834],[76.4891068,28.1234854],[76.4874507,28.1196391],[76.4887204,28.119493],[76.4902937,28.1196878],[76.4917566,28.118787],[76.4931643,28.1191766],[76.4938268,28.1199312],[76.4950136,28.1198582],[76.4964765,28.1198095],[76.4980499,28.1196878],[76.4995404,28.11942],[76.5015001,28.1188601],[76.5013897,28.1175942],[76.5009481,28.1159144],[76.500258,28.1113862],[76.500396,28.1075395],[76.5001752,28.1047882],[76.50012,28.1025726],[76.4997336,28.0998456],[76.4950688,28.09987],[76.4884444,28.0996508],[76.4825928,28.1000161],[76.4791425,28.0998456],[76.4771552,28.1009413],[76.4771828,28.1027431],[76.4769344,28.1043013],[76.4759683,28.1050804],[76.4754715,28.1059813],[76.4756095,28.1079047],[76.4745606,28.1077829],[76.4730977,28.106736],[76.4706135,28.1073934],[76.4675497,28.1075638],[76.4652587,28.1082455],[76.4640719,28.1082212],[76.4624985,28.1076855],[76.4603732,28.1064195],[76.4587171,28.1059326],[76.457889,28.1056404],[76.4572818,28.1045204],[76.4559569,28.1023291],[76.4532795,28.0946349],[76.452617,28.0924678],[76.4523962,28.0915668],[76.4512922,28.0903737],[76.4499673,28.0898379],[76.4483939,28.0888639],[76.4482835,28.0880603],[76.4516234,28.0860148],[76.4575578,28.0831413],[76.463713,28.0799267],[76.4668873,28.0789283],[76.4687642,28.0790013],[76.4702823,28.0796102],[76.471966,28.0797076],[76.473981,28.0794397],[76.4759131,28.0790257],[76.4784801,28.0773696],[76.4851597,28.0724988],[76.4920326,28.0673355],[76.4973046,28.0629757],[76.4992919,28.0615387],[76.5007824,28.0601016],[76.5013069,28.0592856],[76.5001752,28.0576658],[76.4977462,28.0551569],[76.4971114,28.0535492],[76.4952897,28.0528428],[76.4940752,28.0525749],[76.4919774,28.0528428],[76.4908457,28.0525262],[76.4901005,28.0520146],[76.4885548,28.0519659],[76.4868159,28.0522095],[76.4852149,28.0522095],[76.4832828,28.0524287],[76.4805778,28.0530864],[76.4786733,28.0536467],[76.4759131,28.0537441],[76.4748366,28.0548646],[76.4746434,28.0565941],[76.474257,28.0572761],[76.4728493,28.0573735],[76.4709999,28.057203],[76.4698131,28.0568133],[76.4677705,28.0567889],[76.4667768,28.0571299],[76.4655348,28.0577876],[76.4640443,28.0581773],[76.4620845,28.0584209],[76.46087,28.0560825],[76.4590483,28.0524774],[76.458165,28.0506261],[76.4549356,28.0428795],[76.4549908,28.0420025],[76.4574474,28.0413203],[76.4589379,28.0407113],[76.46087,28.0405651],[76.4621949,28.041564],[76.463437,28.0416614],[76.4647067,28.0414909],[76.4660592,28.0411255],[76.4680465,28.0408087],[76.4694542,28.0403946],[76.4710275,28.0403946],[76.4724076,28.0408575],[76.4737049,28.0409306],[76.474947,28.0406626],[76.4766859,28.040492],[76.4785353,28.0401753],[76.482786,28.041637],[76.4845249,28.0418076],[76.4956646,28.043267],[76.4981382,28.0425551],[76.4998053,28.0380936],[76.5023794,28.0320312],[76.502411,28.0315752],[76.5032666,28.0313072],[76.5044535,28.0307712],[76.5061096,28.0303205],[76.5075311,28.0301621],[76.508442,28.0302595],[76.5092563,28.0304423],[76.5102775,28.031295],[76.5101533,28.0301134],[76.5103327,28.0295042],[76.5112436,28.0292606],[76.5127617,28.0294068],[76.51468,28.0298332],[76.5160325,28.0302961],[76.5171918,28.0308808],[76.5189307,28.0317458],[76.5228088,28.0343527],[76.525983,28.0368377],[76.5287294,28.0392252],[76.5294885,28.0398099],[76.5310618,28.0395663],[76.5323591,28.0388232],[76.5368582,28.0367402],[76.5395908,28.034913],[76.5428202,28.0342309],[76.5437035,28.0339141],[76.5425442,28.0318919],[76.5411641,28.0292119],[76.5412469,28.0274089],[76.5397564,28.024412],[76.5398392,28.0228282],[76.5410537,28.020416],[76.5414953,28.0189783],[76.5428754,28.0163711],[76.5439519,28.0124966],[76.5446695,28.0105958],[76.545056,28.0092799],[76.5453596,28.0081589],[76.5446695,28.0072816],[76.5438691,28.0062337],[76.5432342,28.0050884],[76.5424338,28.0038455],[76.54006,28.0015059],[76.5381555,28.0000193],[76.5394252,27.9995563],[76.5411089,27.9994588],[76.5425994,27.9990932],[76.5427926,27.9981427],[76.5430134,27.9963636],[76.543041,27.9954374],[76.542627,27.9909041],[76.5420198,27.9857125],[76.5411641,27.9836895],[76.5391768,27.9815201],[76.5372998,27.9796675],[76.5364994,27.9784244],[76.5372998,27.9746217],[76.537493,27.9707944],[76.5377415,27.9687954],[76.5382659,27.9674546],[76.53937,27.966577],[76.5419922,27.9653825],[76.5447247,27.9633346],[76.547899,27.9637003],[76.5501899,27.9640904],[76.5520669,27.9644804],[76.5547166,27.9647974],[76.5570628,27.9648217],[76.558995,27.9652849],[76.5607338,27.965675],[76.5622796,27.9675766],[76.5638805,27.9779613],[76.5689592,27.977425],[76.5750869,27.9780588],[76.5798344,27.9785463],[76.5801104,27.9805938],[76.5808281,27.9838601],[76.5814905,27.9864438],[76.5820978,27.9879062],[76.5831466,27.9915135],[76.5859068,27.9924397],[76.5878942,27.9938045],[76.5893847,27.9976553],[76.5957331,27.9974116],[76.5991558,27.9983865],[76.6007567,27.9990689],[76.6022472,27.9998975],[76.605449,28.0033094],[76.6145576,28.0034069],[76.6223414,28.0036018],[76.6319469,28.002432],[76.6364736,28.0025783],[76.6408347,28.002822],[76.6529796,28.0059413],[76.6583895,28.0080371],[76.6683814,28.013447],[76.6656764,28.0253866],[76.6642412,28.0281886],[76.6617018,28.0315996],[76.6595488,28.0325985],[76.6579479,28.0332563],[76.6565126,28.0336461],[76.6548841,28.0344988],[76.656623,28.0372519],[76.6577271,28.0413691],[76.6591348,28.0451207],[76.658638,28.0468016],[76.6583068,28.0480196],[76.6573131,28.0498466],[76.6561262,28.0520633],[76.6543597,28.0542313],[76.6519583,28.0555954],[76.6522067,28.0577876],[76.6521791,28.0607349],[76.6521791,28.0626591],[76.6527588,28.0646563],[76.6540837,28.0684802],[76.6554638,28.0745933],[76.6557674,28.0793666],[76.6565954,28.0839936],[76.6575063,28.0881334],[76.6584172,28.0894483],[76.6606253,28.0902763],[76.6626403,28.0906415],[76.6657317,28.0906902],[76.6695683,28.0901545],[76.6737638,28.0893022],[76.6772417,28.0885473],[76.6795603,28.0880603],[76.6818788,28.0878168],[76.6835625,28.0877925],[76.6867644,28.0870863],[76.6879512,28.0869889],[76.6881169,28.0898866],[76.6868748,28.0901789],[76.6855223,28.0907389],[76.6865159,28.0926869],[76.687758,28.0957307],[76.6923952,28.1024752],[76.6961214,28.107856],[76.69913,28.1118975],[76.7026079,28.1080021],[76.7068586,28.1117027],[76.7112197,28.1216353],[76.7125446,28.1247999],[76.7165744,28.1273315],[76.7247446,28.1256762],[76.7301546,28.1242157],[76.7410795,28.1216838],[76.7434931,28.1209875],[76.7463845,28.1238749],[76.7486341,28.1267351],[76.750028,28.1282443],[76.7508147,28.1302038],[76.7526364,28.1331491],[76.7556036,28.1363865],[76.7614,28.1409136],[76.7652091,28.1433962],[76.7695702,28.1442237],[76.7731032,28.144321],[76.7755322,28.144029],[76.7776851,28.1440777],[76.7793257,28.144995],[76.7799485,28.1453433],[76.7825431,28.1469009],[76.7843096,28.1502108],[76.7859657,28.1503568],[76.7888363,28.1502108],[76.7917621,28.149432],[76.7939703,28.1487505],[76.7960128,28.1488966],[76.7977794,28.1528391],[76.7998771,28.1572196],[76.800926,28.1602858],[76.8012572,28.1622812],[76.7997115,28.1634006],[76.7986074,28.1647146],[76.7972273,28.1659313],[76.7972825,28.1669533],[76.7977794,28.1679267],[76.7947984,28.1695326],[76.7959024,28.1719659],[76.7961232,28.1759076],[76.7956264,28.1784866],[76.7950744,28.1806277],[76.7932526,28.1823795],[76.7928662,28.1840825],[76.7940255,28.186856],[76.7950744,28.1896295],[76.7978346,28.1924515],[76.7999875,28.1919649],[76.8000979,28.1906512],[76.800926,28.188851],[76.8026373,28.1877319],[76.8050111,28.1867587],[76.8069432,28.1862722],[76.8093722,28.187294],[76.8110835,28.188851],[76.8125188,28.1906999],[76.8129052,28.1926948],[76.8115251,28.1939598],[76.8102002,28.1945923],[76.8076057,28.195468],[76.8064464,28.1962465],[76.8057287,28.1981926],[76.8057287,28.2054415],[76.8067776,28.2079226],[76.8086545,28.2106468],[76.8108627,28.2092847],[76.8142301,28.2089928],[76.8180392,28.2088469],[76.8223451,28.2089442],[76.8256573,28.2087983],[76.8318402,28.2088956],[76.83449,28.212544],[76.8389063,28.2196461],[76.8424945,28.2203757],[76.846138,28.2194515],[76.8481253,28.2213485],[76.851548,28.2214945],[76.8540978,28.2209955],[76.8553564,28.2207308],[76.8585504,28.2206746],[76.8620638,28.2199991],[76.8658327,28.2196051],[76.8694738,28.2198303],[76.8727317,28.2192674],[76.8752869,28.2176913],[76.8734344,28.2152709],[76.8733226,28.2115135],[76.8730192,28.2096418],[76.871518,28.2062643],[76.8734982,28.2055324],[76.8763728,28.2057013],[76.8803334,28.2058702],[76.885827,28.2044628],[76.8888932,28.2032806],[76.8917039,28.2043503],[76.8938758,28.204688],[76.8976447,28.2033369],[76.9012859,28.2017607],[76.9048631,28.200691],[76.9072905,28.1996214],[76.9058852,28.1970317],[76.9021163,28.1979324],[76.8994333,28.1932596],[76.8964949,28.1929781],[76.8924066,28.1926966],[76.892215,28.1842511],[76.8945146,28.1836317],[76.8990501,28.1825619],[76.9020524,28.181661],[76.9023718,28.1796339],[76.9039049,28.1768185],[76.9058213,28.1745097],[76.9072905,28.1715816],[76.9158504,28.168597],[76.9202581,28.1667949],[76.9270932,28.1590232],[76.9308621,28.1545176],[76.9344393,28.1528843],[76.9408273,28.1512509],[76.9481735,28.1498428],[76.9514952,28.1495049],[76.9488761,28.1426331],[76.9509203,28.1419572],[76.9546253,28.1416756],[76.9590969,28.1416192],[76.9654848,28.1398167],[76.9704674,28.1387465],[76.9693815,28.1339584],[76.9663152,28.1255082],[76.962227,28.1123247],[76.9617159,28.0990268],[76.9589691,28.0872489],[76.9582664,28.0813313],[76.9580748,28.0778933],[76.9551363,28.074117],[76.9544336,28.0628438],[76.9525173,28.0619982],[76.9459377,28.0545571],[76.9406357,28.044353],[76.9386554,28.0253516],[76.9364835,28.0147499],[76.9339922,27.9991275],[76.9322036,27.9951792],[76.9324591,27.9923589],[76.9332895,27.9879028],[76.9343116,27.9826566],[76.9382082,27.9834464],[76.9376972,27.9810207],[76.9339922,27.9746459],[76.9342477,27.9677066],[76.9334173,27.9605411],[76.9307982,27.953488],[76.9306066,27.9422021],[76.9313731,27.9296733],[76.9320758,27.9226747],[76.9369945,27.9216587],[76.9415939,27.9202476],[76.9456183,27.9192316],[76.9513036,27.9178769],[76.9519423,27.91624],[76.9515591,27.9115549],[76.9509842,27.906926],[76.9504731,27.8988532],[76.9499621,27.8963127],[76.9471514,27.8965385],[76.9382082,27.8962562],[76.9382721,27.8878439],[76.9378888,27.8816895],[76.939422,27.8718078],[76.9421049,27.8635065],[76.9422965,27.8572378],[76.9427437,27.8520982],[76.9428076,27.8439084],[76.9395497,27.8348706],[76.9382082,27.833063],[76.9364196,27.829843],[76.934631,27.8291651],[76.9308621,27.829843],[76.9270932,27.8309728],[76.9218551,27.832837],[76.9173835,27.8341927],[76.9152755,27.8336843],[76.9142534,27.8309728],[76.9135507,27.8275834],[76.9129758,27.8248152],[76.9119537,27.82103],[76.9114427,27.8160018],[76.9120176,27.8115384],[76.9146687,27.8083036],[76.9161219,27.8079787],[76.9177189,27.8075267],[76.9195395,27.8065944],[76.9200346,27.8054643],[76.9193319,27.8033313],[76.9175556,27.8027649],[76.9136733,27.800453],[76.9114208,27.7955975],[76.9122299,27.7938076],[76.9125372,27.7931315],[76.913423,27.792609],[76.913934,27.7905463],[76.9135827,27.7889075],[76.9119218,27.7881163],[76.908664,27.7872403],[76.9072267,27.7864209],[76.9082009,27.7837647],[76.9078176,27.781829],[76.9072427,27.7801618],[76.9063643,27.7782543],[76.9030426,27.7752306],[76.9027871,27.7746936],[76.9024245,27.7735627],[76.9034268,27.7686599],[76.9012565,27.76582],[76.9019246,27.7606194],[76.9011262,27.748861],[76.9014136,27.742727],[76.9001041,27.737158],[76.8991459,27.7369884],[76.8967824,27.7363665],[76.8936203,27.7343876],[76.8933009,27.7290161],[76.8930135,27.725991],[76.8950257,27.7218631],[76.894866,27.719064],[76.8953131,27.7175937],[76.8984752,27.7166606],[76.9023399,27.7168303],[76.9056616,27.7168303],[76.9094305,27.7154731],[76.9162018,27.7110903],[76.9193957,27.7093654],[76.9205775,27.7055763],[76.9209289,27.7042755],[76.9218232,27.7022677],[76.9242186,27.6999771],[76.9232605,27.6983369],[76.9217912,27.6965553],[76.9205456,27.6956786],[76.9191083,27.6959897],[76.9172877,27.6972623],[76.9156268,27.6964421],[76.9132633,27.6955655],[76.9109956,27.695113],[76.9093347,27.694406],[76.9074822,27.6943211],[76.9054061,27.6951413],[76.9025315,27.6966967],[76.8995292,27.6983935],[76.896974,27.6997792],[76.8947382,27.700882],[76.8919275,27.7011083],[76.8904583,27.6993267],[76.8896598,27.6961876],[76.8941314,27.6933878],[76.901222,27.689485],[76.906524,27.6863174],[76.9014456,27.6799253],[76.8998167,27.6777756],[76.9003916,27.6764462],[76.9029787,27.6743814],[76.9068434,27.6703364],[76.9113469,27.6680734],[76.9104526,27.6659235],[76.9095263,27.6645374],[76.9084085,27.6630664],[76.9080252,27.6613691],[76.9082168,27.6607467],[76.909207,27.6603224],[76.9104207,27.6598414],[76.9115705,27.6589927],[76.9124329,27.6580026],[76.9119218,27.6565598],[76.9113469,27.6552018],[76.9120815,27.6542965],[76.9128481,27.6540419],[76.9138063,27.6534478],[76.9154033,27.6529385],[76.9174474,27.6526273],[76.9236118,27.6581723],[76.9269655,27.6612276],[76.931437,27.6588513],[76.9332895,27.657748],[76.9339922,27.6568144],[76.934663,27.6587947],[76.9365474,27.6638868],[76.9391345,27.6678188],[76.9423285,27.6726276],[76.9432867,27.6734196],[76.945235,27.6730236],[76.9466723,27.6721185],[76.9491636,27.670393],[76.953188,27.6675077],[76.9576277,27.6637736],[76.9599912,27.6623733],[76.9628019,27.6613266],[76.9652134,27.6600536],[76.9662833,27.6586533],[76.9795383,27.6533912],[76.9812631,27.6714962],[76.9834989,27.6814526],[76.9873316,27.6918041],[76.9881621,27.7001751],[76.992442,27.7152752],[76.9986383,27.7311082],[77.0002353,27.7368188],[77.0033654,27.7364231],[77.00624,27.7356315],[77.0080286,27.734218],[77.0116059,27.7317867],[77.0140972,27.7360273],[77.0170995,27.7409461],[77.0195908,27.7452994],[77.0259788,27.7460344],[77.0300671,27.7456952],[77.0335166,27.7459778],[77.0349858,27.7475608],[77.0358162,27.7482392],[77.0390741,27.7469389],[77.0411821,27.7455256],[77.0430985,27.7441122],[77.0447594,27.7425857],[77.0457814,27.7404373],[77.0468035,27.7381192],[77.0482089,27.7365361],[77.0493587,27.7345007],[77.0495503,27.7318432],[77.0520416,27.7303731],[77.056066,27.7279418],[77.0588129,27.7263585],[77.0628373,27.7283941],[77.0648814,27.7305428],[77.0676921,27.7316736],[77.0702473,27.7312213],[77.0734413,27.7314474],[77.0774018,27.7346138],[77.0798931,27.735688],[77.0828316,27.7371581],[77.0853229,27.73778],[77.0851312,27.7393631],[77.083662,27.7416246],[77.0823844,27.7439426],[77.0809791,27.746317],[77.0787433,27.7510093],[77.079446,27.7553622],[77.0803403,27.7576799],[77.0797015,27.759941],[77.0779128,27.7629369],[77.0759326,27.7661589],[77.0732496,27.7653675],[77.0708861,27.7657632],[77.0680115,27.7651414],[77.0635399,27.7627108],[77.0620068,27.7621456],[77.0601543,27.7611281],[77.0588129,27.7607889],[77.0569604,27.7622021],[77.0568965,27.7644631],[77.0567687,27.7666111],[77.0580463,27.7694937],[77.0561299,27.7710764],[77.0526165,27.7725459],[77.0491032,27.7737894],[77.0453343,27.775485],[77.041757,27.7771805],[77.0390102,27.7791021],[77.0363911,27.7805151],[77.0352413,27.7783674],[77.0336443,27.777124],[77.0314085,27.7776327],[77.0278951,27.7784804],[77.0268731,27.7785935],[77.0267453,27.7811368],[77.0277674,27.7846972],[77.0307058,27.7946433],[77.0351774,27.8050971],[77.0372854,27.8091653],[77.0390741,27.8120469],[77.0415654,27.8135159],[77.0435456,27.8139114],[77.0451426,27.8144763],[77.045462,27.8163973],[77.0437373,27.8175273],[77.0430985,27.8187702],[77.043354,27.8207476],[77.0446955,27.821482],[77.0474423,27.8205781],[77.0505085,27.8188832],[77.0525527,27.8179227],[77.0559383,27.8180922],[77.0579185,27.8163973],[77.0643704,27.8128379],[77.0660951,27.8130639],[77.0687781,27.8142504],[77.0724192,27.8150978],[77.0759965,27.8138549],[77.0779767,27.8117644],[77.0798292,27.8088828],[77.0834065,27.8044755],[77.0873031,27.8006332],[77.0975878,27.7940783],[77.1026342,27.7897834],[77.1054449,27.7885402],[77.1073613,27.7868448],[77.1094055,27.7856015],[77.1123439,27.7862796],[77.1145797,27.7880315],[77.1168155,27.7898965],[77.1196262,27.7924395],[77.1225647,27.7942478],[77.1256948,27.7918178],[77.1327854,27.7872969],[77.1332964,27.7841886],[77.1327854,27.7827192],[77.1322744,27.7810237],[77.1318272,27.7788761],[77.1317633,27.777124],[77.1339991,27.7759371],[77.1350851,27.7766153],[77.1373847,27.7801195],[77.1416966,27.7858557],[77.1448267,27.7865622],[77.1469986,27.7867317],[77.1497454,27.7867035],[77.1517577,27.7863644],[77.155303,27.7856014],[77.1576985,27.7872968],[77.1585608,27.7897834],[77.1593593,27.7942478],[77.1597107,27.7997856],[77.1602536,27.8035714],[77.1592316,27.8053513],[77.1581137,27.8067922],[77.156325,27.808233],[77.1561015,27.8095043],[77.1561973,27.8117078],[77.1564209,27.8128378],[77.156868,27.8141373],[77.1574429,27.8152956],[77.1587525,27.816708],[77.1602217,27.8171882],[77.1620103,27.8158888],[77.163224,27.8152108],[77.1649168,27.8143351],[77.1666097,27.8137983],[77.1693565,27.8145893],[77.1737961,27.8167363],[77.1774053,27.8172165],[77.1811742,27.816595],[77.1847834,27.8126684],[77.1870191,27.8111428],[77.1888078,27.8097303],[77.1872108,27.8067357],[77.1856777,27.8044755],[77.1834419,27.8024414],[77.180184,27.8031759],[77.1787787,27.8037975],[77.1764151,27.799503],[77.1725824,27.7948694],[77.1686218,27.7914788],[77.1740198,27.7873116],[77.1770024,27.7854512],[77.1774745,27.7867421],[77.1786225,27.7871882],[77.1809614,27.7875963],[77.1831822,27.7867326],[77.1844833,27.7872729],[77.184959,27.7883898],[77.1852869,27.7887284],[77.1864575,27.7898384],[77.1873386,27.7916483],[77.1888397,27.7940782],[77.1904048,27.7951802],[77.1935349,27.7958865],[77.1973677,27.7992487],[77.1966011,27.8008309],[77.1949402,27.8023001],[77.1937265,27.8035997],[77.1911075,27.8063119],[77.1916504,27.8097868],[77.1917143,27.8110016],[77.193471,27.8135723],[77.1979745,27.8191374],[77.1991563,27.8206345],[77.2003381,27.8223294],[77.2023503,27.8239678],[77.2034043,27.8216232],[77.2042986,27.8195046],[77.2049055,27.8176967],[77.2060872,27.815578],[77.2072051,27.8141091],[77.2085785,27.8123858],[77.2117725,27.8101823],[77.2123794,27.807555],[77.2118364,27.8061424],[77.2109421,27.803741],[77.2106866,27.8018763],[77.214711,27.8004354],[77.2192464,27.7984294],[77.221067,27.7977513],[77.2225362,27.7972145],[77.2239735,27.7975818],[77.2252192,27.7984576],[77.2260176,27.799277],[77.2294671,27.7986837],[77.2376118,27.7927502],[77.2368452,27.7915635],[77.2356315,27.7910267],[77.2338748,27.7899812],[77.2332999,27.7887097],[77.2337471,27.786986],[77.234833,27.7858557],[77.2367814,27.7853754],[77.2382825,27.7850928],[77.2402628,27.7849233],[77.2425944,27.7855167],[77.2446385,27.7895291],[77.2465549,27.7913092],[77.2491101,27.791394],[77.2502919,27.7914787],[77.2520486,27.7919308],[77.2529429,27.7928915],[77.2597461,27.8004354],[77.2616944,27.8034019],[77.2631317,27.8055208],[77.264569,27.8089393],[77.2660382,27.8116231],[77.2671561,27.8143633],[77.2680504,27.8154086],[77.2734802,27.8098998],[77.2777281,27.8054926],[77.2839806,27.8015787],[77.2849914,27.8035621],[77.2871646,27.8061362],[77.2887592,27.8084461],[77.2895428,27.8097446],[77.2906089,27.8108268],[77.2914791,27.8113073],[77.2926477,27.8115966],[77.2934564,27.812157],[77.2951011,27.8129156],[77.2975547,27.8136053],[77.2985774,27.815189],[77.2987869,27.8163235],[77.2982539,27.8180957],[77.2976351,27.8188052],[77.2970465,27.820802],[77.2964087,27.8233579],[77.2964546,27.8252121],[77.2977801,27.8254491],[77.3000125,27.8254582],[77.3039124,27.8255721],[77.3043635,27.8263649],[77.3055754,27.8263102],[77.306222,27.8275468],[77.310751,27.8258364],[77.3110972,27.8263831],[77.3118353,27.8262191],[77.3124549,27.8279777],[77.3161554,27.8267042],[77.3175121,27.8260824],[77.3182046,27.82662],[77.3207074,27.8253491],[77.3227971,27.8270027],[77.3259134,27.8291076],[77.3306605,27.8307381],[77.3321551,27.832634],[77.3363648,27.8342012],[77.3328841,27.8350329],[77.3326295,27.8383965],[77.3351281,27.8418557],[77.3351572,27.847418],[77.3392632,27.8502033],[77.3432341,27.8525349],[77.3478206,27.8553434],[77.349189,27.8557582],[77.3516451,27.8543053],[77.3543683,27.8524842],[77.356121,27.8535173],[77.3609126,27.8508215],[77.3652756,27.8537907],[77.3670269,27.8533481],[77.3702341,27.854767],[77.3717097,27.8557574],[77.3770773,27.8571088],[77.3770135,27.8588856],[77.382857,27.8575368],[77.3862075,27.857291],[77.3862622,27.8577102],[77.3891416,27.8572455],[77.3897156,27.8569995],[77.3900482,27.8572887],[77.3922123,27.85607],[77.3932328,27.855988],[77.3944994,27.8545574],[77.3965802,27.8534154],[77.40024,27.8536827],[77.4042128,27.8532909],[77.4090891,27.8519977],[77.4132928,27.8518293],[77.4219905,27.8543468],[77.422429,27.8577915],[77.4114634,27.8667938],[77.4128119,27.869495],[77.4092722,27.8740241],[77.4094373,27.8765583],[77.4104377,27.8797409],[77.4118851,27.8804902],[77.4158316,27.8835406],[77.4179812,27.8887187],[77.42007,27.8903915],[77.4216092,27.8907509],[77.4252342,27.8897844],[77.4276307,27.8898391],[77.4282752,27.8908689],[77.4291626,27.8901156],[77.4305009,27.8886637],[77.4324972,27.8876457],[77.4340637,27.8866864],[77.4365585,27.8843127],[77.4380381,27.880777],[77.4415219,27.8783398],[77.4436177,27.8767634],[77.445628,27.8758985],[77.446046,27.8746038],[77.4461326,27.8735468],[77.4476634,27.8730594],[77.4488207,27.8723076],[77.4496498,27.8714739],[77.4504927,27.8709955],[77.4519779,27.8717609],[77.4538203,27.8728055],[77.4576092,27.8744626],[77.4611234,27.8765627],[77.4618007,27.8767543],[77.4617916,27.8770686],[77.4624567,27.8776655],[77.4634044,27.8782167],[77.4643384,27.8786405],[77.4653361,27.8791917],[77.4657781,27.8800619],[77.4656323,27.8802624],[77.4664296,27.8809412],[77.4676669,27.8813258],[77.468826,27.8819436],[77.4704662,27.882709],[77.4712043,27.8829413],[77.4721565,27.8835974],[77.4732864,27.8845405],[77.4744026,27.885766],[77.4752453,27.8869725],[77.4769631,27.8898573],[77.4777194,27.8913426],[77.4788977,27.895147],[77.479478,27.8979078],[77.4791135,27.8979761],[77.4791909,27.8984454],[77.4780656,27.898532],[77.4786442,27.8995844],[77.4791226,27.8996846],[77.4791846,27.9057167],[77.4807172,27.9078991],[77.4790111,27.9088495],[77.4788082,27.909963],[77.4788173,27.9109061],[77.4793595,27.9127786],[77.4803664,27.9144916],[77.4804538,27.9150167],[77.4798151,27.9154165],[77.479077,27.9151158],[77.4771088,27.916355],[77.4774733,27.9174029],[77.4782387,27.918469],[77.4784574,27.9192527],[77.4781658,27.9199816],[77.4795803,27.9217376],[77.4778925,27.9231708],[77.4776191,27.9241914],[77.4757056,27.9246288],[77.476307,27.9261778],[77.4775098,27.9282371],[77.4757785,27.9275264],[77.4752185,27.9292815],[77.4817377,27.932866],[77.4843467,27.9346011],[77.4873475,27.9357278],[77.492248,27.9369939],[77.4953991,27.9308081],[77.500863,27.9252228],[77.5088024,27.9266257],[77.5170606,27.9323798],[77.5259414,27.927226],[77.5260266,27.9259545],[77.5260594,27.9254828],[77.5282272,27.9251755],[77.533608,27.9293123],[77.5365738,27.9339959],[77.536946,27.9371269],[77.5368654,27.937987],[77.5400181,27.942543],[77.5432604,27.9495116],[77.5449204,27.9531675],[77.5456129,27.9562839],[77.5462004,27.9577867],[77.544223,27.9621543],[77.5379223,27.9630085],[77.5328952,27.9614646],[77.5268421,27.9617328],[77.5187431,27.96211],[77.5186049,27.9656692],[77.5168763,27.9711205],[77.5187507,27.9742345],[77.5213237,27.9765352],[77.5290017,27.9759931],[77.5331994,27.977375],[77.5377696,27.9789963],[77.5390431,27.98013],[77.5412209,27.9817337],[77.5424875,27.9848682],[77.5427036,27.986593],[77.5424553,27.9890805],[77.5418405,27.9893878],[77.5385329,27.991438],[77.5345281,27.9938083],[77.5297033,27.9967685],[77.5242414,28.0000804],[77.5237987,28.0011969],[77.5238261,28.0024179],[77.5239262,28.0069695],[77.5233614,28.0083498],[77.5223682,28.012432],[77.5199956,28.0155735],[77.5187234,28.0160859],[77.5174477,28.0163957],[77.5141491,28.0187193],[77.5083805,28.0227261],[77.5078983,28.0240498],[77.5081808,28.0252344],[77.511862,28.0275671],[77.5118209,28.0286825],[77.5128917,28.0302824],[77.5127368,28.0318953],[77.5109873,28.032524],[77.509322,28.0329228],[77.5040125,28.0340294],[77.501693,28.0345651],[77.5000346,28.0349113],[77.4978113,28.0350753],[77.4926104,28.0356008],[77.4907659,28.0359308],[77.489884,28.0362152],[77.4876531,28.0367368],[77.4861115,28.0377178],[77.4845898,28.0392395],[77.4829087,28.0407618],[77.4835981,28.0421124],[77.4845169,28.0436315],[77.4861571,28.0448161],[77.4879612,28.0453719],[77.4905308,28.0467934],[77.4913476,28.0471525],[77.4920343,28.0468025],[77.4927359,28.0467478],[77.4936016,28.0471852],[77.4942212,28.0484518],[77.4955698,28.0503471],[77.4968454,28.0515954],[77.4986596,28.0523446],[77.5003546,28.0549742],[77.5014014,28.0571082],[77.5010916,28.0590035],[77.499979,28.0630924],[77.4990323,28.0639877],[77.497866,28.0649536],[77.4967349,28.0655538],[77.4949866,28.0674867],[77.493228,28.0689538],[77.4909773,28.0710951],[77.4896538,28.0725953],[77.486599,28.0735052],[77.4858142,28.074117],[77.4848973,28.0748948],[77.4836467,28.0757923],[77.4814917,28.0779109],[77.478048,28.0805542],[77.4756081,28.0851146],[77.4766159,28.0883375],[77.4778604,28.0906848],[77.4790191,28.0924264],[77.4797272,28.0969316],[77.4817657,28.0991273],[77.4821346,28.1013307],[77.4819912,28.1070514],[77.4833232,28.107288],[77.4843908,28.1070086],[77.4868619,28.1069445],[77.4886751,28.1069823],[77.4894888,28.1057706],[77.4900388,28.1051467],[77.4904853,28.1033789],[77.4902952,28.1019381],[77.4904944,28.0991447],[77.4906785,28.0970284],[77.4916363,28.0954361],[77.49331,28.0945086],[77.4951124,28.0943099],[77.4976337,28.0943761],[77.4988925,28.0942182],[77.4999617,28.0951326],[77.5006147,28.0970075],[77.4994506,28.0990387],[77.4991035,28.1002535],[77.4979325,28.1043866],[77.498194,28.1081081],[77.4990869,28.1099503],[77.5002351,28.112901],[77.5015242,28.114444],[77.504536,28.1169285],[77.5074632,28.1185041],[77.5093836,28.1199719],[77.5123773,28.1247858],[77.5123905,28.1267877],[77.5115313,28.1285144],[77.5091284,28.1302138],[77.5063747,28.1313266],[77.5014561,28.1322184],[77.4971552,28.1319451],[77.4936803,28.1328598],[77.4918394,28.135387],[77.4913236,28.136738],[77.4917609,28.138287],[77.4931812,28.1393997],[77.4964263,28.1402188],[77.5023085,28.1430807],[77.5041551,28.145038],[77.5051374,28.1477635],[77.5049733,28.1488752],[77.50404,28.1508966],[77.5012195,28.1529657],[77.5003991,28.154798],[77.5016566,28.1586068],[77.5017813,28.1606318],[77.5027865,28.1616502],[77.5045724,28.1627619],[77.5108288,28.1666885],[77.5123541,28.1669898],[77.5135204,28.166188],[77.515068,28.163465],[77.517475,28.1632904],[77.5211927,28.1616866],[77.5233507,28.1611193],[77.528537,28.1624612],[77.5318061,28.1639553],[77.5341864,28.1650399],[77.5362549,28.1655319],[77.5391616,28.1666618],[77.5426139,28.1687583],[77.5464375,28.1728488],[77.5478772,28.1748763],[77.5493204,28.1760805],[77.5496768,28.1792181],[77.5490754,28.1830452],[77.5477878,28.1872701],[77.5467063,28.1895147],[77.5453233,28.1908914],[77.5436447,28.191246],[77.5409111,28.1909909],[77.5372964,28.1903043],[77.5351887,28.1895512],[77.5327733,28.1869762],[77.5309972,28.185961],[77.5292113,28.1861979],[77.5268268,28.1870711],[77.5203544,28.1920114],[77.5181028,28.19291],[77.5166003,28.1931231],[77.5149601,28.1928133],[77.5115262,28.1901202],[77.507987,28.1860498],[77.5051117,28.1799596],[77.4997043,28.1819644],[77.4985068,28.1872833],[77.4985949,28.1903803],[77.4993057,28.1927768],[77.4996702,28.1949455],[77.4990354,28.1961621],[77.4982487,28.1986358],[77.4975653,28.2008865],[77.4969183,28.2039572],[77.4969282,28.2053939],[77.4978751,28.2066999],[77.5002614,28.2084978],[77.5023278,28.2096626],[77.5035701,28.20988],[77.5050645,28.2096431],[77.5086517,28.2087449],[77.5115522,28.2076202],[77.5144043,28.2060803],[77.5174477,28.2042488],[77.5191248,28.2023383],[77.5206278,28.1983078],[77.5219096,28.1966304],[77.523981,28.1956653],[77.5266176,28.1964112],[77.5289288,28.1977337],[77.5305722,28.1985006],[77.5321271,28.2002304],[77.5338489,28.2022481],[77.5348516,28.2046224],[77.5354074,28.2071009],[77.535489,28.2092124],[77.5352799,28.2103356],[77.5335759,28.2137526],[77.5325708,28.2144312],[77.5292295,28.2163951],[77.5265759,28.2178446],[77.5248831,28.219074],[77.5225777,28.2194112],[77.5214582,28.220142],[77.5208465,28.2217347],[77.5212474,28.2243954],[77.5216042,28.2249968],[77.5232976,28.2268192],[77.5257214,28.2289241],[77.5291255,28.2306263],[77.5313708,28.2318035],[77.5346876,28.2329334],[77.539465,28.2346138],[77.5430615,28.2362775],[77.5471447,28.2382811],[77.5494035,28.2398221],[77.5500436,28.2412448],[77.550424,28.2421001],[77.550014,28.2436673],[77.5493568,28.2445918],[77.5475264,28.2467654],[77.5456508,28.248239],[77.5446561,28.2486972],[77.5422597,28.2477313],[77.5411207,28.247786],[77.5386331,28.2485331],[77.5374121,28.2482416],[77.5367012,28.2478242],[77.5325813,28.2450268],[77.5310155,28.2446514],[77.5281214,28.2450055],[77.5247008,28.2456811],[77.5234525,28.243968],[77.5220627,28.2422795],[77.5188327,28.2424372],[77.5160966,28.2442726],[77.5138093,28.2466134],[77.5133017,28.247221],[77.5122447,28.2468292],[77.5088004,28.2465376],[77.5082172,28.2467836],[77.5095428,28.2494953],[77.5075885,28.2499091],[77.5014181,28.2524424],[77.4992419,28.2500184],[77.4981269,28.2480276],[77.496973,28.2487883],[77.4953966,28.2500731],[77.4938567,28.2501095],[77.4927326,28.2519091],[77.4920981,28.2560505],[77.4914785,28.2577089],[77.4916723,28.2601899],[77.4922803,28.2625292],[77.4912469,28.266765],[77.4908042,28.2713132],[77.4929255,28.2728778],[77.4938749,28.2737643],[77.494121,28.2749033],[77.4946221,28.2726708],[77.4964354,28.2750946],[77.4982578,28.2772086],[77.4988319,28.2784479],[77.5007636,28.2794046],[77.5035459,28.2800079],[77.5002898,28.2815277],[77.5017477,28.2837693],[77.4985949,28.2856463],[77.5016726,28.2869445],[77.5029186,28.2890406],[77.5031418,28.2898014],[77.5044309,28.2951737],[77.5052994,28.2996952],[77.506194,28.3040787],[77.5070685,28.3056742],[77.5054335,28.3066131],[77.5041168,28.3072327],[77.5023673,28.30803],[77.500894,28.3101701],[77.4958112,28.3143218],[77.4905691,28.3183335],[77.4858998,28.3215354],[77.4848833,28.3256868],[77.4825031,28.3253109],[77.4820111,28.3250375],[77.4802251,28.3255569],[77.4758787,28.3266777],[77.4718398,28.3280896],[77.4715505,28.3285001],[77.4721064,28.3295753],[77.4721519,28.3301858],[77.4729447,28.331662],[77.4730609,28.3330158],[77.4724708,28.3337395],[77.4713136,28.3346051],[77.4714412,28.3352794],[77.4724693,28.3366862],[77.4747397,28.337439],[77.4763434,28.3384868],[77.4781403,28.3393483],[77.4829223,28.3410382],[77.4869316,28.3432069],[77.4902119,28.3434893],[77.4912313,28.3444837],[77.4962623,28.349157],[77.4963534,28.3507152],[77.4987918,28.3532334],[77.5013468,28.3580048],[77.5034334,28.3608659],[77.5052052,28.36263],[77.5000789,28.365651],[77.5009823,28.3671714],[77.5030963,28.368356],[77.5048913,28.3699962],[77.5028011,28.3699637],[77.5020119,28.3719188],[77.4987407,28.3744884],[77.4956791,28.378443],[77.4924758,28.3836064],[77.4912871,28.385195],[77.4894283,28.3852861],[77.4877357,28.3856296],[77.4828349,28.387807],[77.4815335,28.3891573],[77.4786852,28.3921292],[77.474275,28.3963663],[77.4733064,28.3968298],[77.4757411,28.3995679],[77.4799558,28.3986657],[77.4815061,28.3995848],[77.481437,28.4006672],[77.4806625,28.4015966],[77.4811819,28.4049042],[77.4819018,28.4048678],[77.4819655,28.4062346],[77.4832594,28.4062346],[77.483881,28.4089254],[77.4813368,28.4121756],[77.4806078,28.4140163],[77.4795873,28.4151097],[77.4786032,28.4171143],[77.4778196,28.4179709],[77.4752626,28.4192705],[77.4726986,28.4169139],[77.4701473,28.417333],[77.4665389,28.4162031],[77.4662655,28.4153284],[77.4653391,28.4156472],[77.4635137,28.4151188],[77.4628212,28.4161393],[77.4621834,28.4160482],[77.4611381,28.417567],[77.4619282,28.4235292],[77.4623768,28.4243918],[77.4516681,28.4246955],[77.4522464,28.4267893],[77.4445243,28.4279029],[77.441736,28.4285043],[77.4405879,28.4296889],[77.4421005,28.4307459],[77.4360796,28.431679],[77.4378907,28.4349192],[77.4363144,28.4366049],[77.4361413,28.4380173],[77.4382097,28.4379261],[77.4382917,28.4387462],[77.4372977,28.4422149],[77.4354579,28.4482409],[77.4335303,28.4548548],[77.4325876,28.4550567],[77.4311661,28.454428],[77.4280498,28.4539086],[77.4231294,28.4526896],[77.4202499,28.452232],[77.4154388,28.4532525],[77.4137813,28.452411],[77.4001863,28.4559149],[77.4014245,28.4583917],[77.4034838,28.4620001],[77.4070533,28.4647772],[77.3948578,28.4705426],[77.3915128,28.4721626],[77.3893602,28.4705654],[77.387302,28.4679448],[77.3846636,28.4685955],[77.3798847,28.4705022],[77.3745123,28.4762315],[77.3730306,28.480693],[77.3709071,28.4843318],[77.3702254,28.4852171],[77.3709904,28.4884978],[77.3703708,28.4901744],[77.3700975,28.4925435],[77.3706738,28.4957096],[77.3717558,28.4981747],[77.3701488,28.4991957],[77.3688765,28.4998969],[77.3671361,28.5005256],[77.3656964,28.4991588],[77.3645756,28.4984754],[77.3622292,28.4987116],[77.3607147,28.4998085],[77.3579512,28.5012728],[77.356721,28.4998422],[77.3546435,28.499013],[77.3528229,28.4994406],[77.3521488,28.4997803],[77.3518325,28.4999789],[77.3508666,28.5007625],[77.3495226,28.5020564],[77.3477634,28.5040744],[77.3473175,28.5065031],[77.3473539,28.5088175],[77.3458957,28.5118787],[77.3459663,28.515682],[77.3452524,28.5165895],[77.3304713,28.4958952],[77.326626,28.4905092],[77.3200428,28.4878651],[77.3171424,28.4857358],[77.3148072,28.4840214],[77.3093698,28.4884611],[77.3058035,28.4897209],[77.3014224,28.4907459],[77.3011543,28.4902727],[77.3006378,28.4902725],[77.3006511,28.494698],[77.2968557,28.4950202],[77.2909248,28.4973737],[77.2821625,28.4949482],[77.2802131,28.4945712],[77.2798586,28.4944862],[77.2796979,28.4944385],[77.2793084,28.4942866],[77.2790859,28.4942692],[77.2789568,28.4943171],[77.2787834,28.4943318],[77.2784304,28.4941521],[77.2779255,28.4941373],[77.2773939,28.4940066],[77.2768177,28.4937209],[77.2756317,28.4938073],[77.2717082,28.4902523],[77.2702482,28.4883894],[77.2627036,28.4880876],[77.2481301,28.4797533],[77.2349051,28.4700735],[77.2316307,28.4562877],[77.2333301,28.4550577],[77.2401824,28.4563597],[77.2423724,28.4552464],[77.2454943,28.4506898],[77.2460717,28.449847],[77.2458521,28.4482636],[77.2455138,28.4354133],[77.2436004,28.4328512],[77.2407266,28.4290029],[77.2421835,28.4281296],[77.2311715,28.4220721],[77.2215053,28.413359],[77.1855702,28.409441],[77.1834866,28.4098184],[77.1784076,28.4103978],[77.1759743,28.40691],[77.174399,28.404861],[77.1740891,28.4046285],[77.1713873,28.4065603],[77.1703554,28.4110496],[77.1682289,28.4132313],[77.1641326,28.4148374],[77.1637644,28.4197337],[77.16367,28.4216926],[77.1623375,28.4244365],[77.1627023,28.4269387],[77.1615457,28.4293069],[77.1598529,28.4302505],[77.1563478,28.4314326],[77.1520402,28.4341045],[77.1517387,28.4347895],[77.1510832,28.4353556],[77.1503171,28.4357065],[77.1493,28.4365575],[77.1470362,28.436749],[77.1434076,28.4375547],[77.1405987,28.438483],[77.1379959,28.4382283],[77.1348481,28.4391509],[77.1322839,28.4389245],[77.1306896,28.4399226],[77.1277292,28.4428335],[77.1265409,28.4465841],[77.1253919,28.4502107],[77.1242593,28.4510201],[77.1238974,28.4550376],[77.1234764,28.4597104],[77.1200235,28.4627232],[77.116455,28.4672235],[77.1124725,28.4731841],[77.1141826,28.4735236],[77.1150614,28.4815648],[77.1167211,28.4850054],[77.1176759,28.4869846],[77.119507,28.495139],[77.1124785,28.4984532],[77.1101397,28.4993961],[77.1053975,28.5013384],[77.1037667,28.5024887],[77.1023081,28.5031016],[77.1000336,28.5038653],[77.0976518,28.5048552],[77.0957528,28.5070803],[77.0986588,28.5114068],[77.0981578,28.5116669],[77.0939182,28.5138682],[77.0932384,28.5140471],[77.0925943,28.5142311],[77.0859574,28.5161025],[77.0846262,28.5164992],[77.0840906,28.5166587],[77.0830606,28.5169698],[77.0827494,28.5170898],[77.0804111,28.5180224],[77.079283,28.5181781],[77.0791964,28.5181891],[77.0774387,28.5184405],[77.075014,28.5187138],[77.0747744,28.5188088],[77.0744668,28.5189307],[77.073365,28.5195071],[77.0723002,28.5202589],[77.0722213,28.5201457],[77.0720942,28.5193619],[77.0713662,28.5175938],[77.0709886,28.5170499],[77.0688651,28.5145822],[77.067616,28.5129745],[77.0671624,28.5119289],[77.0653494,28.5125045],[77.0645251,28.5126891],[77.0633996,28.5126665],[77.0612165,28.512224],[77.0606606,28.5122555],[77.0577011,28.5127924],[77.0575428,28.5128211],[77.0543531,28.5143512],[77.0491721,28.5160453],[77.0462065,28.5166427],[77.0485082,28.52092],[77.0446105,28.5230838],[77.0433705,28.5241645],[77.0433583,28.5251547],[77.0431514,28.5252371],[77.0424046,28.5256984],[77.0417144,28.5260711],[77.0356349,28.5292442],[77.0356102,28.5292571],[77.034625,28.529765],[77.0345078,28.5298263],[77.0340512,28.5300656],[77.0321199,28.5310788],[77.0298669,28.5316849],[77.0297824,28.5317014],[77.0245904,28.5327132],[77.0232547,28.5335616],[77.0219253,28.5347748],[77.0217025,28.5349596],[77.0197006,28.536218],[77.0174236,28.537688],[77.0162809,28.5392112],[77.0140944,28.5399982],[77.0134571,28.5405156],[77.0128497,28.5402697],[77.0122093,28.5400104],[77.0101934,28.5402687],[77.0096859,28.539869],[77.007818,28.5409048],[77.0069243,28.5402159],[77.0054602,28.5394958],[77.0045632,28.5388005],[77.0042991,28.5378845],[77.0016644,28.5334918],[77.0013356,28.530984],[77.0016511,28.5308084],[77.0050158,28.5289423],[77.0084757,28.5270284],[77.0096001,28.526641],[77.0105771,28.5257745],[77.0109551,28.5254602],[77.0146291,28.5243485],[77.0169637,28.5210774],[77.0144723,28.518757],[77.012884,28.5172777],[77.0125525,28.5169683],[77.0116413,28.5161518],[77.0108262,28.5154209],[77.0105264,28.5151521],[77.010493,28.5151221],[77.0100507,28.5147255],[77.0085304,28.5151415],[77.0070407,28.515549],[77.0067265,28.515635],[77.0059192,28.5158559],[77.0027227,28.5172931],[76.9999924,28.5179713],[76.9990202,28.5184844],[76.9968081,28.5197112],[76.9959691,28.5180316],[76.9953859,28.5171445],[76.9945276,28.5176083],[76.9909463,28.5135677],[76.983382,28.5169891],[76.9832794,28.5170355],[76.9812139,28.5191174],[76.9802327,28.5198029],[76.9783615,28.5212528],[76.9760102,28.5189385],[76.9706359,28.5157991],[76.9620491,28.5115276],[76.9542983,28.5057989],[76.9527581,28.5053165],[76.9454202,28.5053976],[76.9433253,28.5053127],[76.9397376,28.5077838],[76.9357707,28.5105161],[76.9349626,28.5110191],[76.9277636,28.5105102],[76.9275524,28.5104953],[76.9242611,28.5078479],[76.922178,28.5072662],[76.9209019,28.5069098],[76.9184236,28.5092347],[76.9159189,28.5107953],[76.9119085,28.5121736],[76.9101567,28.512058],[76.9099794,28.5120699],[76.9069036,28.5137629],[76.902943,28.5089253],[76.9006383,28.509682],[76.8983531,28.5090503],[76.8969407,28.5067536],[76.8927029,28.5012844],[76.8919497,28.5008314],[76.8899908,28.5010163],[76.8854384,28.5013759],[76.8858949,28.5025813],[76.8843317,28.5030928],[76.8828629,28.5039866],[76.8818812,28.5047475],[76.8815572,28.5046509],[76.8805219,28.5055815],[76.8816221,28.5099063],[76.8835848,28.512534],[76.8855312,28.5169805],[76.8870184,28.5197021],[76.8871384,28.5203063],[76.8850534,28.5210524],[76.8768675,28.5249498],[76.8764267,28.5260698],[76.8742911,28.5287423],[76.8742857,28.5310168],[76.8737365,28.5326041],[76.8736018,28.5329284],[76.8735857,28.5329734],[76.8724566,28.5337105],[76.8713284,28.5344136],[76.8676033,28.5361423],[76.8663674,28.5415542],[76.8644469,28.5436729],[76.860975,28.5454749],[76.8525086,28.5480013],[76.8458603,28.5500119],[76.8455045,28.554104],[76.8437917,28.5565426],[76.8438304,28.5618782],[76.8423776,28.5626414],[76.8401913,28.5695522],[76.8401675,28.5696275],[76.8401246,28.5714724],[76.8388947,28.5726624],[76.8388351,28.5732306],[76.8394359,28.5825354],[76.8394661,28.5825448],[76.8427697,28.5835937],[76.8443978,28.5841095],[76.8460105,28.5845629],[76.8462014,28.5845749],[76.8571054,28.5852591],[76.8646101,28.5855295],[76.8653824,28.5873666],[76.8666635,28.5887345],[76.8681209,28.5912896],[76.8703656,28.5973328],[76.8718455,28.6030003],[76.8743501,28.6048673],[76.8780984,28.6091845],[76.880428,28.6144297],[76.8845249,28.6237178],[76.8842712,28.6259852],[76.8852678,28.6283153],[76.8893571,28.6318048],[76.8929384,28.631366],[76.902185,28.6261962],[76.9065341,28.6236245],[76.9087248,28.6270511],[76.9142339,28.6321799],[76.9191339,28.631479],[76.9210608,28.6307577],[76.9245691,28.6271453],[76.9277947,28.6232448],[76.9312401,28.6208364],[76.9335853,28.619071],[76.9352663,28.6184416],[76.9372056,28.6210841],[76.939244,28.6231673],[76.9423962,28.6272319],[76.943248,28.6299836],[76.9435575,28.6308134],[76.9443942,28.6330563],[76.9398534,28.6350517],[76.9367807,28.6374868],[76.9352872,28.6389012],[76.9326844,28.6412477],[76.9307597,28.6427768],[76.9292174,28.6457753],[76.9245164,28.6496429],[76.9311887,28.6592819],[76.9316844,28.660622],[76.9322326,28.6613591],[76.9325722,28.6622379],[76.933181,28.6643872],[76.9332154,28.6651803],[76.9348301,28.6672824],[76.9354545,28.6677178],[76.9373684,28.6702357],[76.9439173,28.670824],[76.9445986,28.671128],[76.9451329,28.6716072],[76.9490489,28.6713417],[76.9511695,28.6705661],[76.9545013,28.6695739],[76.9556161,28.6715733],[76.9559905,28.6760737],[76.9567565,28.6807923],[76.9574303,28.6839624],[76.958883,28.6864057],[76.9595825,28.6877225],[76.9613603,28.6895521],[76.9632217,28.6920575],[76.963476,28.6934306],[76.9644266,28.6951971],[76.9664082,28.6978491],[76.968025,28.6991996],[76.9664769,28.7000852],[76.9613796,28.7037945],[76.95167,28.7099695],[76.9481166,28.7124612],[76.951228,28.7179393],[76.9558714,28.7234529],[76.9597831,28.7295353],[76.9598369,28.7299219],[76.9596502,28.7309719],[76.9598573,28.7319701],[76.9597939,28.7329891],[76.9585959,28.7353843],[76.9584378,28.7357004],[76.9563447,28.7374293],[76.9560292,28.7381857],[76.9562616,28.7385321],[76.9567234,28.7392205],[76.9579937,28.7417378],[76.9587554,28.7428367],[76.9565185,28.7450641],[76.9559208,28.7458845],[76.9534415,28.7478051],[76.9505414,28.7503544],[76.9444259,28.7538892],[76.9457177,28.7572508],[76.9467445,28.7587499],[76.9474623,28.7594422],[76.9497883,28.7623437],[76.9504556,28.7629381],[76.9509481,28.7630068],[76.95133,28.7633688],[76.9556504,28.7676623],[76.955262,28.7694153],[76.9502173,28.7753325],[76.9483076,28.7797729],[76.9500607,28.7832071],[76.9514876,28.7871921],[76.9540282,28.7902781],[76.9497324,28.7947217],[76.9479858,28.7959853],[76.9466768,28.7975348],[76.9442113,28.7982381],[76.9418975,28.7986551],[76.9434539,28.8015155],[76.9458057,28.8047158],[76.9467562,28.8080626],[76.9454022,28.8097736],[76.9471918,28.8124208],[76.9474472,28.8136015],[76.9482904,28.8141956],[76.9492131,28.8160776],[76.9512237,28.8182528],[76.9571138,28.8163972],[76.9590064,28.8153274],[76.9605964,28.815303],[76.9611457,28.8149981],[76.9617014,28.8148997],[76.9622389,28.8158176],[76.9626064,28.8162199],[76.964515,28.8196411],[76.9647398,28.8198474],[76.9649227,28.8201393],[76.9647473,28.8207592],[76.9648279,28.8211818],[76.9640135,28.8220508],[76.963999,28.8223929],[76.9637651,28.8227318],[76.9649159,28.8241333],[76.964491,28.8246202],[76.9648601,28.8253459],[76.9656776,28.8258384],[76.9658257,28.8276882],[76.9667848,28.8275134],[76.9681474,28.8278386],[76.9702588,28.8274908],[76.9713489,28.8276374],[76.9723016,28.8270697],[76.9733358,28.8266693],[76.9747778,28.825047],[76.9759558,28.8227553],[76.9771446,28.8226369],[76.9803353,28.8214864],[76.9849809,28.8268272],[76.9865838,28.8297485],[76.9871245,28.8343821],[76.9891432,28.8356419],[76.9904864,28.8377904],[76.9930485,28.8387659],[76.9943617,28.839624],[76.9991553,28.8382265],[76.9997511,28.8384055],[77.0057342,28.8402038],[77.0094271,28.8408081],[77.0148752,28.8405553],[77.0180145,28.8399567],[77.0201635,28.8393176],[77.0233789,28.8391428],[77.0260182,28.8377894],[77.0271329,28.8368712],[77.0282015,28.8366052],[77.0308665,28.8357443],[77.032596,28.8351297],[77.0336925,28.8345366],[77.0352246,28.8341607],[77.036791,28.8333091],[77.0386192,28.8327631],[77.0401717,28.8318035],[77.0413357,28.8330328],[77.0422193,28.8335836],[77.0427986,28.8349986],[77.0419773,28.8370911],[77.0420573,28.837733],[77.0427584,28.8386475],[77.0446332,28.8401813],[77.0449278,28.8401822],[77.0454912,28.8422042],[77.0454504,28.844439],[77.0453404,28.8451614],[77.0452337,28.845906],[77.0454847,28.8465074],[77.0455577,28.8470421],[77.0459944,28.8476981],[77.0466252,28.8482554],[77.0471424,28.849384],[77.0481122,28.8503237],[77.0499093,28.8528036],[77.0511324,28.8545524],[77.051127,28.8549442],[77.051803,28.8567982],[77.0518748,28.8580451],[77.0520723,28.859106],[77.0526613,28.8600193],[77.0529284,28.8608791],[77.0531494,28.8611412],[77.053684,28.8618282],[77.0537095,28.861861],[77.0543843,28.8624219],[77.0559078,28.8644571],[77.0583014,28.8680162],[77.0612207,28.8707183],[77.0638364,28.8692094],[77.0692888,28.8670297],[77.0695109,28.8675098],[77.0699358,28.8678029],[77.0704218,28.867817],[77.0712844,28.8686946],[77.0720966,28.8687688],[77.0726362,28.8682915],[77.0734055,28.8677071],[77.0746747,28.8671913],[77.0754536,28.8689201],[77.0769052,28.869744],[77.0776455,28.8703435],[77.0777796,28.8707193],[77.0781337,28.8709739],[77.0787302,28.8715686],[77.0793396,28.8716635],[77.0774384,28.8770224],[77.0805005,28.8792847],[77.082142,28.8814379],[77.0825883,28.8834464],[77.0867446,28.8817047],[77.0876201,28.8810133],[77.0882982,28.8766842],[77.087824,28.8755418],[77.0932806,28.8718026],[77.0944449,28.871468],[77.0971387,28.8706939],[77.1032198,28.8705455],[77.1079534,28.8696811],[77.109994,28.8698953],[77.1153928,28.8642917],[77.117045,28.8623862],[77.1193946,28.8607625],[77.1218601,28.8579549],[77.1228816,28.8579302],[77.1243,28.8575487],[77.1249212,28.8580185],[77.1247002,28.8595153],[77.1305388,28.8621313],[77.1328455,28.8624911],[77.1337392,28.8631272],[77.1340944,28.8628106],[77.1402227,28.8617488],[77.1403321,28.8606655],[77.1409372,28.860625],[77.1411668,28.8603591],[77.1409844,28.8591752],[77.1418706,28.8565038],[77.1423309,28.8557802],[77.1429049,28.8553019],[77.1437063,28.8546855],[77.1445324,28.8546789],[77.1455152,28.8537016],[77.1452534,28.8520703],[77.1419425,28.8472401],[77.1415541,28.8433382],[77.1414254,28.8424623],[77.1422451,28.8414981],[77.1422365,28.8394286],[77.1440926,28.8387482],[77.1452792,28.8380509],[77.1490557,28.8379813],[77.1529996,28.8376881],[77.157995,28.8368479],[77.1570466,28.8375527],[77.156714,28.8385114],[77.1570938,28.8392144],[77.1586709,28.8403365],[77.1626406,28.845073],[77.1662991,28.8493245],[77.1670823,28.8488339],[77.1689362,28.8504785],[77.1699684,28.8506175],[77.1720605,28.8500537],[77.1727654,28.8548499],[77.1731505,28.8556919],[77.1732568,28.8564511],[77.1731548,28.857496],[77.1751944,28.8585344],[77.1782296,28.8585973],[77.1804837,28.8578371],[77.1821542,28.8577864],[77.1840628,28.8579386],[77.1904165,28.8583427],[77.1919948,28.8586565],[77.1949869,28.8592513],[77.1961842,28.8593537],[77.1970737,28.8594298],[77.1992077,28.8591432],[77.2025003,28.857652],[77.2040496,28.8569304],[77.2048424,28.8569012],[77.2063735,28.8570666],[77.2099144,28.8577158],[77.2099149,28.8577158],[77.2099157,28.8577158],[77.2098634,28.8578355],[77.2097886,28.8580066],[77.2095321,28.85848],[77.2093448,28.8588304],[77.2092198,28.8592204],[77.2091393,28.8600157],[77.2092384,28.8605825],[77.2092316,28.8607451],[77.2092316,28.8609887],[77.2091328,28.8611617],[77.208896,28.8613551],[77.2085427,28.8616135],[77.2081939,28.8618403],[77.2078719,28.861927],[77.2076232,28.861994],[77.2072721,28.8621125],[77.2061966,28.8623873],[77.2051229,28.8625041],[77.2041503,28.8625561],[77.2035303,28.8625572],[77.2026297,28.8626215],[77.20239,28.8626796],[77.2011928,28.8630149],[77.2005348,28.863161],[77.2000162,28.8633545],[77.199197,28.863634],[77.1990343,28.8636953],[77.198696,28.8636918],[77.1985634,28.8637255],[77.1977494,28.864005],[77.197394,28.8641642],[77.1968738,28.8642854],[77.1961963,28.8644814],[77.195275,28.8647806],[77.1949488,28.8648627],[77.1942679,28.8651399],[77.1935444,28.865489],[77.1934358,28.8655414],[77.1928005,28.8657909],[77.1921694,28.8659996],[77.1916761,28.8661836],[77.1912281,28.8663262],[77.1909709,28.8663888],[77.1904531,28.8665148],[77.1903383,28.8669046],[77.1901866,28.8672499],[77.1901708,28.8672792],[77.1900978,28.8674138],[77.1899875,28.8674587],[77.189798,28.8675359],[77.1894217,28.8676774],[77.189303,28.8678823],[77.1892811,28.8681229],[77.1892697,28.8682483],[77.189291,28.8685276],[77.1893888,28.8692839],[77.1894858,28.8697561],[77.1895845,28.8700612],[77.1895897,28.8700657],[77.1896015,28.8703858],[77.1896591,28.8706871],[77.1897771,28.8711814],[77.1898329,28.871397],[77.1898921,28.8715768],[77.1899259,28.8716797],[77.1900222,28.8718722],[77.1900455,28.8719117],[77.1900699,28.8719532],[77.1902667,28.8722877],[77.1906137,28.8727017],[77.1908042,28.8729918],[77.1910335,28.8734121],[77.1911943,28.8737479],[77.1913801,28.8740561],[77.1917399,28.8745916],[77.1919126,28.8749302],[77.191959,28.8750211],[77.1919485,28.8750793],[77.1918121,28.8758356],[77.1916799,28.8761309],[77.1914253,28.8766945],[77.1909643,28.8771675],[77.1907329,28.877405],[77.1895853,28.8784071],[77.1886692,28.8795838],[77.188607,28.8796636],[77.1886824,28.8800774],[77.1888501,28.8802552],[77.1891723,28.8805529],[77.189493,28.8808492],[77.1908563,28.8823068],[77.1924531,28.8839003],[77.1940445,28.8852368],[77.1954643,28.8862062],[77.1970276,28.8869341],[77.1982442,28.8875052],[77.1988671,28.8876304],[77.2004201,28.8876231],[77.201109,28.8877201],[77.2024818,28.8879187],[77.2037627,28.8881323],[77.2053244,28.8882962],[77.2059915,28.8883304],[77.2061739,28.8882282],[77.2068568,28.8880411],[77.2075742,28.8880293],[77.2082165,28.8881045],[77.2103951,28.8876538],[77.2103957,28.8876537],[77.2104695,28.8876223],[77.2119705,28.8869827],[77.2131653,28.8860383],[77.2142147,28.8854887],[77.2154084,28.8847383],[77.2164067,28.8837113],[77.2175049,28.8821023],[77.2177488,28.8817449],[77.218604,28.8804278],[77.2191285,28.8796199],[77.2205613,28.8787888],[77.2220427,28.8785524],[77.2235188,28.8785506],[77.2241237,28.8787778],[77.2250946,28.8791426],[77.2266678,28.8800865],[77.2281008,28.8811861],[77.2284354,28.8822137],[77.228329,28.8837131],[77.2277391,28.8860913],[77.2274019,28.8878247],[77.2274024,28.8878439],[77.2274169,28.8883951],[77.2274289,28.8888483],[77.2275973,28.8897748],[77.2275462,28.8907411],[77.2276647,28.891488],[77.2275701,28.8920985],[77.2275,28.8932948],[77.2274987,28.8933177],[77.2275041,28.8933302],[77.2277144,28.8938149],[77.2278801,28.8941916],[77.2279568,28.8943658],[77.2284351,28.8946782],[77.2289583,28.8949357],[77.2298915,28.8954255],[77.2305381,28.8959381],[77.2313906,28.896727],[77.2323874,28.8978531],[77.2324728,28.8979496],[77.2328774,28.8988903],[77.2329261,28.9004458],[77.2328,28.9010243],[77.2327776,28.9011269],[77.2324966,28.9024153],[77.2325887,28.9033611],[77.2326019,28.9035689],[77.2326195,28.9038433],[77.2327314,28.9040241],[77.2328213,28.9041693],[77.233125,28.9044665],[77.2333865,28.9049494],[77.2335869,28.9054468],[77.2340656,28.9064945],[77.2343488,28.9072702],[77.2343601,28.9073354],[77.2344132,28.9076436],[77.2346019,28.9085517],[77.2347462,28.9090636],[77.2346327,28.9097512],[77.2344964,28.9108046],[77.2343631,28.9111283],[77.2343598,28.9111362],[77.2343356,28.9111952],[77.2341058,28.912196],[77.2338976,28.9130922],[77.2338007,28.9135093],[77.2332282,28.9157428],[77.2329704,28.9166358],[77.2328643,28.9170615],[77.2326305,28.9179993],[77.2318687,28.9192976],[77.2312337,28.9205307],[77.2308404,28.9210831],[77.2304706,28.9212922],[77.2301024,28.9213389],[77.2297503,28.9214169],[77.2293241,28.921627],[77.2287689,28.9218031],[77.2281051,28.9219314],[77.2275736,28.9220169],[77.2272692,28.9220762],[77.2265115,28.9222239],[77.2256886,28.9225849],[77.2252885,28.9228171],[77.2248936,28.9230537],[77.2243909,28.9235266],[77.2239831,28.9238807],[77.2236257,28.9244325],[77.2232324,28.9252239],[77.2229251,28.9259643],[77.2225208,28.9274417],[77.2225202,28.9274425],[77.2219823,28.9281588],[77.2206854,28.928902],[77.2198457,28.9292001],[77.2198311,28.9292031],[77.2192586,28.9293226],[77.2180199,28.9299114],[77.2167927,28.9303196],[77.2159732,28.9306038],[77.2153855,28.9309382],[77.2150409,28.9313725],[77.2143707,28.932173],[77.213999,28.93254],[77.2120392,28.9334609],[77.211106,28.9338744],[77.2103474,28.9342105],[77.2095366,28.9344269],[77.2085604,28.9345827],[77.2080941,28.9346922],[77.2076334,28.9348003],[77.2073,28.9348786],[77.206777,28.9348827],[77.2062451,28.9347064],[77.2045289,28.9338188],[77.2029068,28.9335025],[77.2014079,28.9339195],[77.200476,28.9344716],[77.1989308,28.9356066],[77.1979247,28.9365343],[77.1964472,28.9382096],[77.1959015,28.9393282],[77.1957091,28.940175],[77.1956181,28.9414531],[77.196162,28.944142],[77.1963246,28.9444544],[77.1970441,28.9458374],[77.1971872,28.9465433],[77.1971144,28.9467966],[77.1969722,28.9472911],[77.1963263,28.948037],[77.1963044,28.9480614],[77.1961659,28.9482156],[77.1961655,28.9483117],[77.196164,28.9486081],[77.1961405,28.9491994],[77.1951445,28.9506741],[77.1950961,28.9507458],[77.1947033,28.9515778],[77.1945158,28.9524154],[77.1945183,28.9525334],[77.1945383,28.9534797],[77.1944267,28.9543933],[77.1933953,28.9571465],[77.1931887,28.9578325],[77.1929605,28.9584407],[77.1929807,28.9589141],[77.1930479,28.9593098],[77.193051,28.959328],[77.1931832,28.9595153],[77.1937965,28.9601414],[77.1939753,28.9603505],[77.1944363,28.9608031],[77.1946457,28.9612463],[77.1948063,28.9618076],[77.1948251,28.9627005],[77.1950963,28.9638825],[77.1950504,28.9646231],[77.1951491,28.9661418],[77.1953298,28.9669238],[77.1955782,28.9672716],[77.1959233,28.9675818],[77.1964611,28.967785],[77.1973079,28.9682855],[77.1982346,28.9691726],[77.1986763,28.9696796],[77.1997133,28.9706867],[77.2004884,28.97168],[77.2008657,28.9722964],[77.2008834,28.972329],[77.2011326,28.9727883],[77.2011777,28.9732206],[77.2013961,28.9740877],[77.2014448,28.9749305],[77.2017825,28.9765851],[77.2017682,28.9768786],[77.2019975,28.9777725],[77.202293,28.9788865],[77.2024023,28.9794441],[77.2022369,28.9810799],[77.2022277,28.9812135],[77.2021273,28.9826876],[77.2025163,28.9836151],[77.2026549,28.9845872],[77.2027411,28.9852625],[77.2026332,28.9864643],[77.202433,28.9872],[77.2024285,28.9872165],[77.2022424,28.9878782],[77.2018807,28.9884841],[77.2016516,28.9886157],[77.2016222,28.9886327],[77.2007631,28.9887686],[77.1989502,28.9894163],[77.1982332,28.9899648],[77.1979674,28.9902579],[77.1980386,28.9907124],[77.1984009,28.9911034],[77.1989009,28.9916952],[77.1990927,28.9920304],[77.1979485,28.9920311],[77.1976593,28.9921847],[77.1974269,28.992599],[77.1972535,28.9936214],[77.1969477,28.9944429],[77.1968318,28.9947097],[77.1965709,28.9953107],[77.1954966,28.9969207],[77.1949586,28.9976874],[77.1946974,28.9981969],[77.1942361,28.9991924],[77.1940757,28.9998582],[77.1939795,28.999913],[77.193755,28.9999898],[77.1937535,28.9999904],[77.1937421,29.0000014],[77.1931516,29.0011904],[77.1929724,29.0017273],[77.1928093,29.0033739],[77.1926318,29.0037237],[77.192594,29.0037981],[77.1909585,29.0059192],[77.1906719,29.0072727],[77.1909239,29.0080666],[77.1908882,29.0086033],[77.1907088,29.0088561],[77.1907451,29.0093929],[77.1907657,29.0094245],[77.1910894,29.0101731],[77.1912491,29.0110121],[77.1917731,29.011851],[77.1924561,29.012595],[77.1931031,29.013163],[77.1928522,29.0139256],[77.1926936,29.014697],[77.1924579,29.0152476],[77.1921352,29.0162447],[77.1916486,29.017684],[77.1916483,29.0176877],[77.1915415,29.0188299],[77.1914344,29.0197006],[77.1903784,29.0209636],[77.1903779,29.0209643],[77.1897985,29.0219931],[77.1896757,29.0224983],[77.1894757,29.0228684],[77.1892449,29.0231076],[77.1890296,29.0235498],[77.1889027,29.0257514],[77.1889747,29.0260174],[77.189283,29.0265902],[77.1891194,29.0276684],[77.1887246,29.0281784],[77.1884374,29.028747],[77.1880275,29.0298705],[77.1871961,29.0299971],[77.1865341,29.0302185],[77.1857082,29.031076],[77.185113,29.0314867],[77.1846885,29.0315936],[77.1846818,29.0315953],[77.1839273,29.0316723],[77.1835516,29.0316612],[77.1834757,29.0316589],[77.1834608,29.0316566],[77.1828648,29.0315645],[77.182378,29.0312511],[77.1823256,29.0312174],[77.1822436,29.0311666],[77.1817146,29.0308387],[77.181144,29.0305211],[77.1811396,29.0305186],[77.1810969,29.0304997],[77.1800408,29.0300319],[77.1790705,29.0296984],[77.1790703,29.0296984],[77.17896,29.029692],[77.1782954,29.0296536],[77.1777564,29.0296358],[77.177074,29.0300782],[77.1766583,29.0303174],[77.1759758,29.0304756],[77.1752367,29.0306834],[77.1746619,29.0308731],[77.1738613,29.0310133],[77.1721163,29.0318078],[77.1714338,29.031966],[77.1697093,29.0324853],[77.1682158,29.0329008],[77.1679524,29.0330427],[77.1677128,29.0331717],[77.1673732,29.0334682],[77.1669739,29.033817],[77.1667606,29.0342277],[77.1667021,29.0343404],[77.1667017,29.0343435],[77.1664718,29.0359555],[77.1669035,29.0373718],[77.1670834,29.0377327],[77.1678381,29.0380031],[77.1690897,29.0388859],[77.1691167,29.0389049],[77.16916,29.0389488],[77.1699435,29.0397437],[77.170112,29.0400623],[77.1701439,29.0401226],[77.1705809,29.0410668],[77.1708787,29.0417103],[77.1710233,29.0421396],[77.1711871,29.0426259],[77.1712767,29.0428914],[77.1715829,29.0437987],[77.1715628,29.0448092],[77.1716506,29.0458467],[77.1716712,29.0460813],[77.1720156,29.0463737],[77.1721385,29.046478],[77.1721386,29.0464781],[77.1721351,29.0464906],[77.1720463,29.046812],[77.1715435,29.0475249],[77.1709843,29.0483912],[77.1708852,29.0487878],[77.1708613,29.048883],[77.1708595,29.0488845],[77.1701069,29.0495148],[77.1699933,29.0497362],[77.1699633,29.0497946],[77.1701433,29.0504125],[77.1697294,29.0509621],[77.1691171,29.0517753],[77.1687579,29.0521363],[77.1686546,29.0528117],[77.1686503,29.0528401],[77.1686502,29.0528403],[77.1680401,29.0545454],[77.1678743,29.0552921],[77.1678608,29.055353],[77.1678054,29.0558228],[77.1678045,29.0558312],[77.1678219,29.0559788],[77.1679478,29.0570415],[77.1679487,29.0570492],[77.1679362,29.0572419],[77.167913,29.0575996],[77.1678981,29.0585424],[77.1678234,29.0587228],[77.1677544,29.0588897],[77.1673312,29.0598355],[77.1672517,29.0600132],[77.1672292,29.0600843],[77.1670159,29.0607577],[77.1669084,29.0616735],[77.1669958,29.0619486],[77.166995,29.0619502],[77.1667803,29.0623411],[77.1662211,29.0635593],[77.1662205,29.0635627],[77.1660623,29.0644165],[77.1658987,29.0661623],[77.1658977,29.0661746],[77.1658476,29.0667803],[77.1657197,29.0681248],[77.1657312,29.0683665],[77.165901,29.0719457],[77.1656702,29.0726088],[77.1653113,29.0738946],[77.1654348,29.0746524],[77.1650966,29.0765518],[77.1643011,29.0778016],[77.1638907,29.0787174],[77.1637626,29.0794258],[77.163126,29.0799808],[77.1622584,29.0809013],[77.1613444,29.0809016],[77.1606767,29.0807258],[77.1603891,29.0806627],[77.159598,29.0800134],[77.1585195,29.0797745],[77.1581393,29.0794453],[77.1566912,29.0792247],[77.1555922,29.07927],[77.1543341,29.0794913],[77.15304,29.0795728],[77.1530276,29.0795734],[77.1527645,29.0795853],[77.1519943,29.0796201],[77.1509345,29.079668],[77.1501797,29.0801733],[77.1501763,29.080174],[77.1494608,29.0803179],[77.1481821,29.0801287],[77.1475504,29.0802686],[77.1468981,29.0805047],[77.1467647,29.0805529],[77.1464256,29.0807916],[77.1453477,29.0815501],[77.1442347,29.0822092],[77.1434579,29.0826692],[77.1433754,29.0827667],[77.1426827,29.0835851],[77.1418714,29.0848528],[77.1414606,29.0853084],[77.1409165,29.0860139],[77.1407264,29.0862604],[77.1398946,29.087271],[77.1398642,29.0873938],[77.1394994,29.088868],[77.1388788,29.0893368],[77.1386572,29.0895041],[77.1379591,29.0902848],[77.1379587,29.0902853],[77.1378145,29.0904465],[77.13781,29.0904516],[77.1370159,29.0911329],[77.1369266,29.0912095],[77.1359561,29.0924592],[77.135806,29.0926903],[77.1350214,29.0938983],[77.1340817,29.095148],[77.1339739,29.0960006],[77.1339752,29.0960073],[77.1342462,29.0973313],[77.1346264,29.0981073],[77.1350026,29.0985621],[77.135018,29.0985806],[77.1356487,29.0993432],[77.1360288,29.0996589],[77.1360293,29.0996666],[77.1361728,29.101531],[77.1363014,29.102952],[77.136302,29.1029533],[77.1369488,29.1043955],[77.1378273,29.1057127],[77.1386527,29.1073816],[77.1389629,29.1080087],[77.1398979,29.1088793],[77.1404938,29.1092897],[77.1416444,29.1091633],[77.1422403,29.1090819],[77.1430057,29.1090187],[77.1440125,29.1090051],[77.1446803,29.1093343],[77.1452917,29.1097853],[77.146083,29.110516],[77.1469667,29.1118601],[77.1481537,29.1129832],[77.1486937,29.1155995],[77.1490331,29.1168355],[77.1490846,29.1176475],[77.1490682,29.1177713],[77.1490487,29.1179182],[77.148494,29.1185633],[77.1484941,29.1185666],[77.1485005,29.1188101],[77.1485303,29.1199437],[77.148171,29.1212882],[77.1481034,29.1216431],[77.1479504,29.1224475],[77.1480793,29.1248203],[77.1474273,29.1266068],[77.14742,29.1266578],[77.1473793,29.1269414],[77.1471543,29.1285103],[77.14714,29.1286098],[77.1471411,29.1286147],[77.1475001,29.1302067],[77.1478089,29.1327419],[77.1478083,29.132743],[77.1474494,29.1335178],[77.1468381,29.1344202],[77.1458313,29.1355436],[77.1454655,29.1358002],[77.1451118,29.1360483],[77.1450402,29.1360986],[77.1447495,29.1363239],[77.1444288,29.1365724],[77.1442513,29.1366179],[77.1439127,29.1367046],[77.1432955,29.1368627],[77.1429491,29.1369515],[77.1400052,29.139054],[77.1374311,29.140967],[77.1359565,29.1419641],[77.1359565,29.141965],[77.1359679,29.1424991],[77.135972,29.1426904],[77.1359722,29.1426919],[77.1362806,29.1454061],[77.1362805,29.1454099],[77.1362088,29.1469579],[77.1362092,29.1495202],[77.1362094,29.1495204],[77.1369287,29.1501516],[77.1378949,29.150747],[77.1380902,29.1507741],[77.13919,29.1516536],[77.1405418,29.1530609],[77.1416725,29.1542201],[77.142896,29.1562319],[77.1432149,29.157504],[77.1434978,29.1589385],[77.1435291,29.1616181],[77.1435286,29.1616191],[77.1430856,29.1624924],[77.1430256,29.1626106],[77.1430039,29.1647249],[77.1432945,29.1669019],[77.1432963,29.1669146],[77.1433091,29.1669591],[77.1436846,29.1682854],[77.1436838,29.1682918],[77.1435614,29.1693094],[77.1435615,29.1693096],[77.1443481,29.1707213],[77.1449755,29.1727647],[77.1454489,29.1752231],[77.1455892,29.1755146],[77.1460763,29.1765267],[77.1472798,29.1795941],[77.1471566,29.1805053],[77.1471559,29.1805061],[77.1470097,29.1806659],[77.146653,29.1810557],[77.1449261,29.1821026],[77.1437645,29.1831268],[77.143451,29.183817],[77.1425364,29.1858021],[77.142536,29.1858058],[77.1422849,29.1878727],[77.1422841,29.1878741],[77.1417504,29.188811],[77.1410309,29.190223],[77.1406866,29.1913283],[77.1401829,29.1921269],[77.1401841,29.1921279],[77.1407485,29.1926004],[77.1407487,29.1935658],[77.1417872,29.1936468],[77.1424453,29.1938408],[77.1432936,29.1943368],[77.1430419,29.1956631],[77.1430421,29.1966556],[77.1426672,29.1981759],[77.1425754,29.1989474],[77.1425728,29.1989692],[77.1422872,29.2013697],[77.1421641,29.2025832],[77.1423852,29.2033275],[77.1421951,29.2040764],[77.142194,29.2040773],[77.1414086,29.204708],[77.140437,29.2057051],[77.1391776,29.2073338],[77.1382983,29.2076632],[77.136725,29.2083264],[77.135815,29.2087144],[77.1343342,29.2100092],[77.1338211,29.2107199],[77.1331986,29.211657],[77.1319179,29.2138437],[77.1319177,29.213845],[77.1315992,29.2156934],[77.1314142,29.2174887],[77.1320417,29.2189502],[77.1319801,29.2205788],[77.1325459,29.2224283],[77.133487,29.2234747],[77.1334925,29.2234745],[77.1347227,29.2234151],[77.1354466,29.2247364],[77.1354671,29.2247737],[77.1354733,29.224778],[77.1362967,29.2253413],[77.1377553,29.2262018],[77.137766,29.2262081],[77.1390209,29.2266229],[77.1400722,29.2267656],[77.1402479,29.2267895],[77.14025,29.2267897],[77.1402626,29.2267952],[77.142172,29.2276178],[77.143552,29.2283583],[77.144639,29.2291301],[77.1457644,29.2298838],[77.145784,29.2298969],[77.1457841,29.229897],[77.1477333,29.2303682],[77.1478476,29.2303959],[77.1484145,29.2310761],[77.1491558,29.2319657],[77.1492704,29.2321032],[77.1499861,29.2327465],[77.150002,29.2327608],[77.1502235,29.2339743],[77.1499537,29.2348271],[77.1496227,29.235559],[77.149252,29.2363788],[77.1490928,29.2372044],[77.1488102,29.2383954],[77.1487488,29.2396088],[77.1495361,29.2412101],[77.1495521,29.2414133],[77.1496033,29.2420625],[77.1497337,29.2437149],[77.1494902,29.2452271],[77.1494702,29.2453512],[77.1495683,29.246479],[77.1495696,29.2466094],[77.149582,29.2478268],[77.1495873,29.2483583],[77.1496562,29.2485905],[77.1496614,29.2486081],[77.1497848,29.2496449],[77.1497847,29.2500015],[77.1497844,29.2500016],[77.1494815,29.2501],[77.1493226,29.2501516],[77.1491782,29.2501985],[77.1489658,29.2503734],[77.1485398,29.2511561],[77.1483033,29.2517895],[77.1480721,29.2524087],[77.1478735,29.2529984],[77.1471889,29.2539612],[77.1464284,29.2557238],[77.146012,29.2567229],[77.1453923,29.257562],[77.1453916,29.2575629],[77.1446756,29.2578617],[77.1444069,29.2579739],[77.1444022,29.2579758],[77.1426829,29.2583088],[77.1426755,29.2583103],[77.1422528,29.2586156],[77.1422154,29.2586426],[77.1422093,29.258647],[77.1410178,29.2599789],[77.1401648,29.2611059],[77.1399463,29.2613945],[77.1398389,29.2619195],[77.1403336,29.2627574],[77.1403349,29.2627597],[77.1403022,29.2627643],[77.140299,29.2627648],[77.1402053,29.2632084],[77.1394977,29.2648031],[77.1389511,29.2659868],[77.1388282,29.2662529],[77.1389539,29.2678433],[77.1391792,29.2685893],[77.1393131,29.269033],[77.1396377,29.2693927],[77.1404086,29.270247],[77.1412746,29.2708196],[77.141481,29.2712294],[77.1415698,29.2714058],[77.1417994,29.2727915],[77.1418291,29.2728369],[77.142341,29.2736187],[77.142384,29.2736844],[77.1426664,29.27448],[77.142712,29.2746084],[77.1429407,29.2752124],[77.143055,29.2755142],[77.1431097,29.2755964],[77.1431895,29.2757165],[77.1433844,29.2760096],[77.1438552,29.2766291],[77.1442279,29.2776476],[77.1445264,29.2784634],[77.1449999,29.2801926],[77.145016,29.282687],[77.1450186,29.283305],[77.1450214,29.2833091],[77.1453429,29.2838005],[77.1457062,29.283948],[77.1457107,29.2839538],[77.1457504,29.2840039],[77.1464831,29.284928],[77.1476012,29.2860824],[77.1484449,29.2869535],[77.1487599,29.2873018],[77.1494826,29.2881007],[77.1497725,29.2894088],[77.1503732,29.291799],[77.1504282,29.2921626],[77.1504969,29.2926156],[77.1504986,29.292627],[77.1499668,29.2929629],[77.1499196,29.2929927],[77.1505617,29.2944834],[77.1506607,29.2947131],[77.1506668,29.2947193],[77.1513337,29.295397],[77.152298,29.297452],[77.1526774,29.2981181],[77.1527203,29.2981479],[77.1579265,29.3024927],[77.1583556,29.3072828],[77.1607589,29.3130457],[77.1580123,29.3186586],[77.1569899,29.3185832],[77.1582698,29.3248699],[77.160201,29.3280128],[77.1617889,29.3314549],[77.1601581,29.3361689],[77.1562099,29.339274],[77.1520378,29.3410594],[77.1476268,29.3409201],[77.1436357,29.339087],[77.1380996,29.3396855],[77.1320699,29.3400601],[77.1274765,29.3447363],[77.1254396,29.3507585],[77.128272,29.355322],[77.1270275,29.362466],[77.1244081,29.3665407],[77.1243238,29.3693478],[77.1284008,29.3756308],[77.1411113,29.3763658],[77.1476697,29.3798566],[77.1537208,29.382923],[77.1578836,29.3868494],[77.1545791,29.3898782],[77.1526479,29.390813],[77.1520042,29.386625],[77.1435712,29.3895993],[77.1359968,29.397992],[77.1335935,29.4070771],[77.1324348,29.4178063],[77.1425214,29.4251408],[77.1479702,29.4311134],[77.1486674,29.4339323],[77.1473693,29.4394481],[77.1458673,29.4447177],[77.1417136,29.4458936],[77.1324348,29.4478943],[77.1279457,29.4503775],[77.1236801,29.4578344],[77.1244096,29.4685582],[77.1337375,29.4810119],[77.1335598,29.481954],[77.1318243,29.4862912],[77.1306753,29.4872381],[77.1270275,29.4911231],[77.1215373,29.4947538],[77.1198575,29.4972003],[77.1141529,29.5056904],[77.1034669,29.5056904],[77.1023082,29.5075953],[77.1023082,29.5136829],[77.0963982,29.518006],[77.0969132,29.5251848],[77.0991417,29.5294676],[77.1022868,29.5318504],[77.1010208,29.5372085],[77.10572,29.542305],[77.106514,29.5437424],[77.1069002,29.5478306],[77.1096468,29.5487639],[77.1122386,29.5496104],[77.1141743,29.5504439],[77.1181869,29.5504439],[77.1221351,29.5517319],[77.1240878,29.5543638],[77.1256113,29.5557451],[77.1270489,29.5576303],[77.1267915,29.5593848],[77.1236157,29.5608033],[77.1206331,29.5638269],[77.1208691,29.5666265],[77.1201181,29.5668504],[77.1187234,29.5671117],[77.117114,29.5681569],[77.1156978,29.56937],[77.1122646,29.5692953],[77.1102261,29.5714042],[77.1046686,29.5706951],[77.1016645,29.5760698],[77.0990829,29.5794993],[77.0951628,29.5826945],[77.0924163,29.5836275],[77.0900774,29.5845605],[77.0875025,29.583982],[77.08467,29.5843926],[77.0838761,29.5873968],[77.0840907,29.5893654],[77.0848095,29.5918937],[77.0888007,29.5941514],[77.0939827,29.595159],[77.0957524,29.5942599],[77.0978022,29.5932185],[77.1013105,29.5940488],[77.1062243,29.5952149],[77.1075868,29.5957],[77.1083701,29.597174],[77.109397,29.5988216],[77.1083808,29.6000286],[77.1091103,29.6021555],[77.1106124,29.6040212],[77.1113419,29.6045063],[77.1124792,29.6075473],[77.1131444,29.6101777],[77.112565,29.611297],[77.1088528,29.6127708],[77.1070289,29.6136849],[77.1044755,29.6137968],[77.1034026,29.6146549],[77.1033811,29.6164644],[77.1023941,29.6178075],[77.1018789,29.6212959],[77.1046686,29.6235714],[77.1057629,29.6286076],[77.1049474,29.6323381],[77.1083164,29.6336808],[77.1102905,29.6355086],[77.1119427,29.6369447],[77.1139383,29.6368701],[77.1144104,29.6383435],[77.1154833,29.638157],[77.1190881,29.6358817],[77.1250011,29.6379192],[77.1299457,29.6406188],[77.1328854,29.6441063],[77.1327214,29.6457149],[77.1327996,29.6477428],[77.1332717,29.649216],[77.1352458,29.6506333],[77.1385932,29.6516775],[77.1395159,29.6530761],[77.1404171,29.655463],[77.1399665,29.658521],[77.1394086,29.6598822],[77.1388292,29.6628469],[77.138003,29.6648589],[77.1377992,29.6659794],[77.1394944,29.6676201],[77.1427238,29.6683286],[77.1445262,29.6700626],[77.1464038,29.6724117],[77.1433353,29.6763362],[77.1431637,29.6786852],[77.1422517,29.6796267],[77.1423161,29.6803817],[77.1444886,29.6813884],[77.1477127,29.683206],[77.1482338,29.6861428],[77.1497956,29.6883629],[77.1508026,29.689544],[77.1526694,29.6918741],[77.1558666,29.6934585],[77.1564245,29.6945024],[77.1555662,29.6989758],[77.1544075,29.7020326],[77.1519613,29.7053129],[77.147616,29.7109284],[77.1453952,29.7112396],[77.1430778,29.7136996],[77.1386146,29.7170541],[77.1344089,29.7197376],[77.1335506,29.7265951],[77.1342372,29.7304708],[77.135868,29.7362842],[77.1347216,29.7448157],[77.1322631,29.7464941],[77.1259116,29.7496239],[77.1206346,29.7563514],[77.1246242,29.768289],[77.129817,29.7692203],[77.1376858,29.7701101],[77.1476697,29.7757391],[77.1473693,29.7786818],[77.151103,29.7869506],[77.1566391,29.7911592],[77.1620724,29.7908565],[77.1643209,29.7917924],[77.1650075,29.7935056],[77.1692991,29.7981236],[77.1729469,29.8017359],[77.1723032,29.804082],[77.1711444,29.8076196],[77.1747493,29.8099283],[77.1786117,29.8132051],[77.1794271,29.820987],[77.1791267,29.8231465],[77.177787,29.8296549],[77.1783602,29.8347652],[77.1780538,29.8435103],[77.178955,29.8480887],[77.1820432,29.8537599],[77.1856713,29.8565937],[77.1884608,29.8569287],[77.1931171,29.8609669],[77.1970653,29.8640187],[77.1990394,29.8672193],[77.2015285,29.8704942],[77.2014856,29.8748109],[77.2011423,29.8802066],[77.1968078,29.8826997],[77.1950054,29.8856392],[77.1904563,29.8924109],[77.1863868,29.8985176],[77.1862936,29.9067714],[77.1870214,29.9106939],[77.1891689,29.9127605],[77.196207,29.91436],[77.2004985,29.9165547],[77.203803,29.9178194],[77.2089529,29.9186377],[77.2101116,29.9184517],[77.2111845,29.9195304],[77.2150039,29.9222085],[77.2171497,29.9248121],[77.2179651,29.9267461],[77.2201967,29.9290521],[77.2207546,29.9322506],[77.2215271,29.9331432],[77.2210121,29.934073],[77.2225571,29.9357837],[77.2239303,29.937011],[77.2249602,29.9384985],[77.2293064,29.9396234],[77.2352171,29.9556968],[77.2465467,29.9631516],[77.2471904,29.9683566],[77.2472763,29.9768699],[77.2529222,29.9788968],[77.2598933,29.9822229],[77.2662448,29.9887651],[77.2677756,29.9893376],[77.2771034,29.9953953],[77.2765874,30.0025263],[77.2760725,30.0069767],[77.2792482,30.0119192],[77.2795915,30.0199458],[77.2812652,30.0258537],[77.2826814,30.0299037],[77.2794628,30.0338791],[77.2763325,30.0379132],[77.2756433,30.0421268],[77.275591,30.0430902],[77.2857713,30.0429069],[77.2878527,30.0446344],[77.2881317,30.0454702],[77.2919511,30.0499094],[77.2968413,30.0535275],[77.3146319,30.0563728],[77.3242663,30.0557971],[77.327766,30.054288],[77.3330211,30.0533826],[77.3342227,30.0569114],[77.3381709,30.0608486],[77.3449308,30.0660867],[77.3542213,30.0723623],[77.359693,30.0773016],[77.3632121,30.0778586],[77.3658728,30.0811266],[77.3677825,30.0829834],[77.3762682,30.0900254],[77.3829954,30.0892698],[77.3955917,30.0900387],[77.4040404,30.0914404],[77.417221,30.0990242],[77.4230657,30.103557],[77.4141311,30.1069695],[77.4039172,30.1101622],[77.402501,30.1131692],[77.4052283,30.1137617],[77.4121141,30.1145056],[77.4196937,30.125856],[77.4237871,30.13043],[77.4184656,30.1322859],[77.4202769,30.1377345],[77.4221706,30.1434304],[77.4221134,30.1486527],[77.4228859,30.1510649],[77.4250673,30.1565058],[77.428379,30.1634214],[77.4336764,30.1640322],[77.4338293,30.160453],[77.43546,30.1600819],[77.4372625,30.1639409],[77.4493646,30.1646458],[77.4545945,30.1629191],[77.4598789,30.1698403],[77.464219,30.171159],[77.4661016,30.1764813],[77.4682951,30.1802309],[77.4746847,30.1810444],[77.4787634,30.1866261],[77.482109,30.1938794],[77.4925375,30.2053034],[77.4998331,30.2151314],[77.4999618,30.2205086],[77.5031375,30.2235122],[77.5095748,30.2318924],[77.5168308,30.2406838],[77.5233507,30.2474271],[77.5280714,30.2518016],[77.5308609,30.2601051],[77.5320748,30.2649221],[77.5360107,30.2763396],[77.5379987,30.2794702],[77.5427484,30.2806016],[77.5535698,30.2882377],[77.5664799,30.2976323],[77.5747041,30.3029969],[77.5805819,30.3056662],[77.5847411,30.3112271],[77.5844958,30.3165216],[77.5798058,30.3223596],[77.5764626,30.327344],[77.5776775,30.3318776],[77.5856208,30.340732],[77.5881926,30.346981],[77.5906338,30.3547981],[77.595093,30.3588697],[77.6017506,30.3626823],[77.6021432,30.369654],[77.5899124,30.372505],[77.5869847,30.3790917],[77.5854322,30.3793931],[77.5812435,30.3794285],[77.5796985,30.3771701],[77.5587558,30.3880174],[77.551589,30.3941255],[77.5500655,30.3955691],[77.5504732,30.3971053],[77.5517607,30.3980307],[77.5488133,30.4007308],[77.540946,30.4073768],[77.5324916,30.4188869],[77.5290584,30.4259922],[77.5297021,30.4371301],[77.5237906,30.442477],[77.5177288,30.4422731],[77.5158834,30.4393501],[77.5052973,30.4253464],[77.5048112,30.4083021],[77.5019788,30.4033053],[77.4938678,30.4037125],[77.4906371,30.4091032],[77.4867868,30.40808],[77.4773454,30.40523],[77.4737405,30.4016767],[77.4679899,30.3984194],[77.4632692,30.4007143],[77.4485063,30.3982713],[77.4425411,30.3946437],[77.4368445,30.4010341],[77.4213904,30.4019613],[77.4220919,30.4077284],[77.4247741,30.4088757],[77.4298554,30.408932],[77.4309969,30.4124658],[77.4322382,30.4140645],[77.4373269,30.4140017],[77.4421244,30.415035],[77.4434423,30.4163703],[77.4438749,30.4198137],[77.4512744,30.4271208],[77.4514031,30.4300811],[77.452197,30.4305067],[77.458291,30.4312098],[77.4592462,30.4407549],[77.4642182,30.4462205],[77.4600076,30.4496356],[77.4574756,30.454482],[77.453914,30.4550202],[77.4514246,30.4507085],[77.4483776,30.444863],[77.4418973,30.4396831],[77.4337005,30.4306177],[77.419753,30.4222546],[77.4163198,30.4230317],[77.4128437,30.4154451],[77.4097542,30.4142929],[77.4074792,30.4127804],[77.4069643,30.4074508],[77.4042177,30.4074138],[77.4031448,30.4095975],[77.4006557,30.4123733],[77.3984241,30.4153711],[77.4019432,30.4182208],[77.4049043,30.4226246],[77.4066424,30.4260106],[77.4020505,30.4273428],[77.398746,30.4263067],[77.3975873,30.4284159],[77.3906135,30.4282864],[77.3887896,30.4309507],[77.388639,30.4381753],[77.3769664,30.4380551],[77.3666668,30.4379441],[77.363491,30.4304697],[77.3628265,30.4414455],[77.3549079,30.4512634],[77.3546542,30.4562261],[77.3461532,30.4535941],[77.3444366,30.454778],[77.3404884,30.4551479],[77.3357163,30.4533469],[77.32903,30.4515964],[77.3261976,30.4467869],[77.3210477,30.44416],[77.3205757,30.4472308],[77.3159408,30.4465649],[77.3118233,30.4493423],[77.3086881,30.4512634],[77.3049545,30.4514854],[77.3055553,30.4550369],[77.2995901,30.4584033],[77.298603,30.4621765],[77.2951269,30.464507],[77.2928524,30.464396],[77.2910499,30.4607339],[77.288475,30.4599201],[77.2857284,30.4629534],[77.2822094,30.4621026],[77.2795486,30.4610668],[77.2763729,30.4615477],[77.2765445,30.46447],[77.2776353,30.4682347],[77.275257,30.4735323],[77.2714805,30.4787104],[77.2632407,30.4793761],[77.2578334,30.4752337],[77.2523919,30.4764567],[77.2470187,30.474346],[77.2390024,30.4752955],[77.2305392,30.4769351],[77.2224712,30.4764912],[77.2156477,30.4695746],[77.2136521,30.4669483],[77.2116994,30.4656167],[77.2104549,30.4668188],[77.2090387,30.4706287],[77.2075367,30.478285],[77.209382,30.4885479],[77.2124782,30.4968311],[77.2069359,30.5017679],[77.2054228,30.508151],[77.2024512,30.511677],[77.198503,30.5178328],[77.1966791,30.5209937],[77.1927094,30.5255038],[77.1862795,30.5263495],[77.1828604,30.5278697],[77.1827316,30.5288124],[77.1817446,30.5294223],[77.1808219,30.5300877],[77.1755862,30.5312891],[77.1711445,30.5334885],[77.1715307,30.5342277],[77.1713161,30.5350964],[77.1677541,30.5350964],[77.1651792,30.534542],[77.1615743,30.5367228],[77.1493434,30.537499],[77.1359539,30.5441152],[77.1308592,30.5509254],[77.1290445,30.5553874],[77.1266412,30.5595634],[77.1217433,30.5629481],[77.1243667,30.5656976],[77.1277141,30.5667692],[77.1306631,30.567755],[77.1358251,30.5699839],[77.1376061,30.5754155],[77.138915,30.578981],[77.1422195,30.5784267],[77.1456957,30.5785561],[77.1479916,30.5791657],[77.1486783,30.5818813],[77.1520901,30.5845967],[77.1562743,30.5852987],[77.1591282,30.5875153],[77.1589565,30.5889746],[77.1566391,30.5897874],[77.1616387,30.5910434],[77.1634197,30.59193],[77.1618533,30.5949408],[77.1673509,30.5973614],[77.171359,30.6010358],[77.1693849,30.6042494],[77.1714234,30.6073891],[77.1716594,30.6113966],[77.1700716,30.6126154],[77.1705436,30.614536],[77.1709299,30.6178969],[77.1718955,30.6195588],[77.1714449,30.6209068],[77.1716594,30.6238058],[77.1708011,30.6270371],[77.1713805,30.6280711],[77.1714448,30.6294375],[77.171874,30.630453],[77.1720672,30.6324655],[77.1743845,30.6340718],[77.1754575,30.6354012],[77.1758437,30.6368966],[77.1755647,30.6377459],[77.1735263,30.6388905],[77.1712732,30.6392229],[77.1697926,30.6395183],[77.1677327,30.6422506],[77.167089,30.6431183],[77.1664881,30.6451859],[77.165308,30.6464043],[77.16578,30.6485273],[77.1648574,30.6490626],[77.1646428,30.6498564],[77.1648145,30.6509086],[77.1646213,30.6514255],[77.1639991,30.6513886],[77.1635699,30.6507609],[77.1628833,30.6505763],[77.1629691,30.651204],[77.1634626,30.6524962],[77.163527,30.6532899],[77.1626258,30.6538437],[77.1626471,30.6544862],[77.1630978,30.6553758],[77.1643853,30.6567787],[77.164793,30.6583292],[77.164793,30.6611348],[77.1670675,30.6641988],[77.1671345,30.6646147],[77.1681189,30.6696435],[77.1649647,30.6750326],[77.1639562,30.676629],[77.1626043,30.6775332],[77.1617031,30.6782068],[77.1602547,30.679757],[77.1599972,30.6811318],[77.1602741,30.6815715],[77.1604156,30.6817962],[77.1615422,30.682156],[77.1625507,30.6821283],[77.1651685,30.6825344],[77.1656942,30.6842413],[77.163763,30.6862896],[77.1614671,30.69022],[77.1596002,30.6902569],[77.1554005,30.6918121],[77.151575,30.6942057],[77.147541,30.6988185],[77.1429705,30.6989291],[77.1413183,30.699538],[77.1377563,30.7026007],[77.1362543,30.7064198],[77.1345377,30.7072316],[77.128036,30.7104416],[77.1278429,30.7138545],[77.1259975,30.7183741],[77.1235084,30.721215],[77.1189594,30.7183003],[77.1149024,30.7174723],[77.1128654,30.71771],[77.1126079,30.7196469],[77.1147537,30.7211596],[77.114625,30.725273],[77.1131659,30.7280583],[77.11146,30.7289971],[77.1085738,30.7288699],[77.1044969,30.7314336],[77.1020339,30.7338559],[77.1002483,30.7340343],[77.0966649,30.7379996],[77.0887255,30.7389218],[77.0865033,30.7399729],[77.0837259,30.739014],[77.0787263,30.7403973],[77.0755076,30.7400284],[77.0719031,30.7385251],[77.071016,30.7381551],[77.068963,30.7372988],[77.0665597,30.7393275],[77.0634913,30.7420017],[77.0604014,30.7412272],[77.0567536,30.7413193],[77.0544791,30.7451],[77.0499944,30.749194],[77.0489216,30.7479215],[77.049694,30.7456901],[77.0468831,30.7478109],[77.0443296,30.7482166],[77.0435834,30.7464363],[77.0448661,30.7440857],[77.0455592,30.7422083],[77.0469255,30.7385073],[77.0469903,30.7383317],[77.0467227,30.7382498],[77.0456848,30.7379324],[77.0447588,30.7376492],[77.0427202,30.7372804],[77.041583,30.7364135],[77.0386648,30.737225],[77.0358538,30.7369115],[77.0350814,30.7348642],[77.0289874,30.7332227],[77.0265349,30.7352677],[77.0255713,30.7360712],[77.0234672,30.7376153],[77.0196475,30.7404185],[77.0197097,30.7408399],[77.0202541,30.7445283],[77.0235157,30.7451],[77.0229363,30.7483088],[77.0207476,30.7478109],[77.01931,30.7511856],[77.0168458,30.7492798],[77.0160913,30.7500423],[77.0187735,30.75858],[77.0177865,30.7602026],[77.0178294,30.7652363],[77.0151901,30.766527],[77.0132375,30.7675226],[77.0109629,30.7666007],[77.0096406,30.766641],[77.0079374,30.7686289],[77.0026588,30.7688317],[77.0011139,30.7695323],[77.0013499,30.7707307],[77.0031523,30.7717631],[77.0087717,30.7734184],[77.0144605,30.7757638],[77.0178938,30.779285],[77.0181513,30.7811654],[77.0176792,30.7825111],[77.0175075,30.7840228],[77.0173359,30.7852025],[77.0172071,30.786198],[77.0162201,30.7870275],[77.0150399,30.7876543],[77.0140099,30.7881335],[77.0130873,30.7885944],[77.0130443,30.7896082],[77.0135593,30.7907326],[77.0142245,30.7919861],[77.0142031,30.7941427],[77.0131945,30.7964467],[77.0125937,30.7979212],[77.0120358,30.7991746],[77.0117998,30.8011652],[77.0112848,30.8039851],[77.0117354,30.8056622],[77.0117783,30.8072288],[77.0119929,30.8089428],[77.0115423,30.8101222],[77.0100832,30.8102144],[77.0084953,30.8093851],[77.0074224,30.8088506],[77.0046329,30.8071551],[77.0035171,30.8065469],[77.002337,30.8067128],[77.0015001,30.8070814],[77.0005774,30.8085005],[76.999805,30.8101038],[76.9981742,30.8115597],[76.9940758,30.8126839],[76.9902134,30.8128497],[76.9850421,30.8141029],[76.9818449,30.8144346],[76.9804072,30.8147848],[76.9794416,30.815485],[76.9777894,30.8168119],[76.9757938,30.8172541],[76.9740128,30.8177333],[76.9723177,30.819963],[76.9715237,30.8231509],[76.9708156,30.8244408],[76.9680261,30.825141],[76.9659662,30.8253621],[76.9642925,30.82527],[76.9618678,30.823501],[76.9614386,30.8214188],[76.9607091,30.8213266],[76.9600653,30.8226718],[76.9594002,30.8241644],[76.9583487,30.8244592],[76.9567609,30.8233905],[76.9553232,30.8222111],[76.9532847,30.8205158],[76.95189,30.8181202],[76.951375,30.8167382],[76.9510102,30.8155219],[76.950624,30.8137712],[76.9499373,30.8134948],[76.9488001,30.8139555],[76.9485855,30.8146926],[76.9487142,30.8157615],[76.948092,30.816517],[76.9473409,30.8165539],[76.9466543,30.8171989],[76.9463968,30.8180281],[76.9450664,30.818065],[76.9437575,30.81742],[76.9428348,30.8170883],[76.9421696,30.8173094],[76.9424486,30.8191522],[76.9430065,30.8198893],[76.9443798,30.8203684],[76.9451952,30.8205711],[76.9462466,30.8212161],[76.9465256,30.822119],[76.9467616,30.8227455],[76.9475984,30.82363],[76.9486069,30.8246435],[76.9486284,30.8259333],[76.9483924,30.8267993],[76.9478559,30.8287156],[76.9461179,30.8307609],[76.9448089,30.8333404],[76.9439721,30.8353118],[76.9438433,30.837099],[76.9438219,30.8391625],[76.9443369,30.8404706],[76.9448949,30.8408456],[76.9449551,30.840886],[76.9453239,30.8411338],[76.9465685,30.8417786],[76.9466887,30.8418772],[76.9475341,30.8425708],[76.9483495,30.8444315],[76.9485855,30.8461817],[76.9493794,30.8476923],[76.950109,30.848595],[76.9504523,30.8497372],[76.9503665,30.8517083],[76.9497442,30.8528688],[76.9467187,30.8529425],[76.9450235,30.8529425],[76.9441867,30.8537346],[76.9438863,30.8548398],[76.9436073,30.8575661],[76.9432425,30.8590213],[76.9422984,30.8605869],[76.9391441,30.8661863],[76.9377923,30.867623],[76.936419,30.8689675],[76.9372773,30.8699621],[76.9375562,30.8711408],[76.9372344,30.8722275],[76.9367409,30.8735167],[76.9357753,30.8742349],[76.9341016,30.8744928],[76.932621,30.8738298],[76.9316983,30.8728536],[76.9300461,30.8722275],[76.9287586,30.8719512],[76.9273424,30.8722459],[76.926291,30.8725958],[76.9253039,30.8731299],[76.9246387,30.8739771],[76.9235015,30.8765554],[76.9228792,30.8778262],[76.9224286,30.8793179],[76.921463,30.8806807],[76.919682,30.8819329],[76.9180298,30.8829826],[76.916914,30.8835719],[76.9169783,30.8848794],[76.9168496,30.885837],[76.9158625,30.8876968],[76.9147897,30.890459],[76.9152403,30.8917111],[76.9158196,30.8931474],[76.9159913,30.8941601],[76.9163131,30.8956515],[76.9166136,30.8972903],[76.9169998,30.8986896],[76.9168925,30.8996839],[76.9165921,30.9005861],[76.9102192,30.8978427],[76.9097793,30.8968576],[76.9093072,30.8957988],[76.9089746,30.8949887],[76.9085455,30.8944547],[76.9076013,30.8940128],[76.9065392,30.8935893],[76.9055736,30.893442],[76.9044256,30.8932486],[76.9030952,30.8930829],[76.9015503,30.8927238],[76.8998659,30.89242],[76.8987715,30.8920794],[76.8978488,30.8917479],[76.8969583,30.8912047],[76.8962502,30.8909285],[76.895113,30.8909653],[76.8948126,30.890551],[76.8946409,30.8894278],[76.8950486,30.8873285],[76.8940723,30.8863434],[76.8929136,30.8861684],[76.8919265,30.8856068],[76.8909824,30.8853121],[76.8898344,30.8853397],[76.8870878,30.8852845],[76.886251,30.8844927],[76.8855214,30.8835351],[76.8847704,30.8828169],[76.8830752,30.8823197],[76.8813586,30.8819329],[76.8795991,30.881712],[76.8780112,30.8814357],[76.8761658,30.8810674],[76.8767023,30.8795941],[76.8768096,30.8785444],[76.8778395,30.8769054],[76.8783116,30.8758372],[76.8749857,30.8747138],[76.8732261,30.8738113],[76.8713808,30.8732404],[76.8698787,30.8732957],[76.8690204,30.8738298],[76.8682694,30.8747322],[76.867733,30.8753768],[76.8645572,30.8768501],[76.863141,30.8776236],[76.8623471,30.8781945],[76.8615532,30.8795021],[76.8612313,30.8807728],[76.8607163,30.8832773],[76.8596864,30.8838297],[76.8579483,30.8840691],[76.8562531,30.8843085],[76.8550944,30.8854687],[76.8540215,30.8863342],[76.8530774,30.8874943],[76.8521547,30.8888017],[76.8505454,30.8895383],[76.8485498,30.8896119],[76.8468547,30.8894278],[76.845417,30.8891884],[76.8444514,30.8892068],[76.8434429,30.8895567],[76.8428206,30.8899434],[76.8404388,30.892153],[76.8393874,30.8943995],[76.838851,30.8958357],[76.8381858,30.8977322],[76.8369198,30.8997759],[76.8359327,30.90112],[76.8352461,30.9025745],[76.8347096,30.9037161],[76.8337655,30.904655],[76.8332076,30.9052074],[76.8320489,30.9061095],[76.8311047,30.9065882],[76.8302464,30.9071405],[76.82971,30.9083924],[76.8293881,30.9099757],[76.827929,30.9110251],[76.8271565,30.9115222],[76.8270707,30.9127004],[76.8269634,30.9137497],[76.8275213,30.9147622],[76.829195,30.916327],[76.8283367,30.9175788],[76.8271136,30.9190883],[76.8266415,30.9201744],[76.8267703,30.9213157],[76.8264699,30.9224202],[76.8262124,30.922954],[76.8244958,30.9273349],[76.8223285,30.9287706],[76.8205261,30.9274638],[76.819024,30.9269116],[76.8169212,30.9257703],[76.8127718,30.9247866],[76.8100977,30.9240769],[76.8085098,30.922549],[76.8054199,30.9197142],[76.8022227,30.9173579],[76.7984462,30.9154434],[76.7949271,30.9146702],[76.7891656,30.9135197],[76.7872989,30.9135196],[76.7843592,30.9115682],[76.7831146,30.9097916],[76.7759585,30.9060727],[76.7769777,30.9040567],[76.7775062,30.8989372],[76.7785978,30.8924661],[76.7806268,30.8858504],[76.7825365,30.8813176],[76.7900562,30.8701831],[76.7965364,30.8682308],[76.8005275,30.8662416],[76.8027591,30.8646576],[76.8046045,30.8606422],[76.8070507,30.8599791],[76.8137025,30.8537899],[76.8143892,30.8516899],[76.8135309,30.8482634],[76.8137025,30.8453159],[76.814795,30.8429234],[76.8174791,30.8425156],[76.8219423,30.8445053],[76.823616,30.8438789],[76.8261051,30.8411523],[76.8287658,30.8401205],[76.830182,30.8389046],[76.8321561,30.8392362],[76.8340286,30.8384175],[76.8366622,30.836141],[76.842885,30.8363989],[76.8454599,30.835146],[76.8461465,30.8342248],[76.8457603,30.8314979],[76.846919,30.8300976],[76.8483781,30.8287709],[76.8482494,30.8245698],[76.848464,30.8188574],[76.848936,30.8149506],[76.8486785,30.8134395],[76.8464899,30.8091639],[76.8453199,30.8072243],[76.8467903,30.8037824],[76.8503522,30.8018656],[76.8528009,30.7999125],[76.8533563,30.7994695],[76.8570041,30.7951565],[76.8534851,30.7937925],[76.8506097,30.7912856],[76.8543658,30.7871086],[76.8495369,30.7830273],[76.8478202,30.7801146],[76.8441295,30.7764275],[76.8420267,30.7747683],[76.8421125,30.7716341],[76.840353,30.7705279],[76.8388509,30.7656235],[76.8397951,30.7622678],[76.8400782,30.7602359],[76.8397307,30.7569758],[76.8349671,30.7509827],[76.8340659,30.7476265],[76.8349242,30.7422784],[76.8344307,30.7409689],[76.8320918,30.7396779],[76.8323064,30.7387374],[76.8339586,30.738221],[76.8356511,30.7359202],[76.8366247,30.7345],[76.8367642,30.7340204],[76.8371343,30.7333611],[76.8377513,30.733693],[76.8385881,30.7337023],[76.8391889,30.7333979],[76.839602,30.7333933],[76.8400419,30.7331305],[76.8411469,30.7322406],[76.8411577,30.7318533],[76.8422735,30.7317334],[76.8430352,30.7310463],[76.844371,30.7313645],[76.8447894,30.7313599],[76.8450576,30.7314613],[76.8472623,30.7312861],[76.8476915,30.730659],[76.8460607,30.7296999],[76.8488287,30.7232348],[76.8466723,30.7223217],[76.8452668,30.7211964],[76.8452775,30.7210397],[76.8460668,30.7199513],[76.8447572,30.7190497],[76.8436434,30.7183974],[76.8431881,30.7181308],[76.8442368,30.7166309],[76.8442613,30.7166417],[76.8477881,30.7181896],[76.8485177,30.7183372],[76.849028,30.7182304],[76.848983,30.7179671],[76.8486008,30.7176016],[76.8479624,30.7169952],[76.8473938,30.7166654],[76.8471604,30.7164326],[76.8473978,30.7159598],[76.8478525,30.7154687],[76.8479691,30.7151118],[76.8480409,30.7147556],[76.8480054,30.7144293],[76.8477438,30.7140067],[76.8472677,30.7135317],[76.8469512,30.7130474],[76.8468145,30.7124548],[76.8468135,30.7123524],[76.8468037,30.7117607],[76.8464175,30.7114493],[76.8459776,30.7112141],[76.8456075,30.7109005],[76.8443475,30.7098513],[76.8441322,30.7094016],[76.8439284,30.7087582],[76.8437795,30.7080248],[76.8431532,30.7079118],[76.8422842,30.7078265],[76.8416887,30.7075313],[76.8406132,30.706708],[76.8401009,30.7064105],[76.838572,30.7059032],[76.8381374,30.705708],[76.8377606,30.7055388],[76.8368044,30.7047985],[76.8357637,30.7041228],[76.8354807,30.7039015],[76.8351288,30.7034655],[76.8350183,30.7031561],[76.8350982,30.70246],[76.8345186,30.7023292],[76.8342777,30.702181],[76.8336442,30.7016771],[76.8335838,30.7013256],[76.8332028,30.7011429],[76.8331264,30.7008411],[76.8330415,30.7005058],[76.8319657,30.6986039],[76.8284118,30.6948053],[76.8277949,30.6943901],[76.8275428,30.6942379],[76.8272692,30.6941365],[76.8271994,30.6936613],[76.8270506,30.6933758],[76.8269205,30.6931262],[76.8263411,30.6926003],[76.8262607,30.6917654],[76.8260837,30.6915532],[76.8261427,30.6914102],[76.826151,30.6910483],[76.8261588,30.6907044],[76.8262124,30.6900539],[76.8265074,30.6900124],[76.8277305,30.689671],[76.8277037,30.6893989],[76.8267837,30.6887654],[76.8258905,30.6883332],[76.8250405,30.688347],[76.8251878,30.6873345],[76.8262553,30.6868397],[76.8277359,30.6880242],[76.831542,30.6830602],[76.8295786,30.6822575],[76.829769,30.6816947],[76.8299273,30.6810165],[76.8317727,30.6789311],[76.8304423,30.6763106],[76.8325022,30.6712538],[76.8321333,30.6696194],[76.8319336,30.6687161],[76.831693,30.6646549],[76.832757,30.6635343],[76.8355465,30.6650109],[76.8376922,30.6649002],[76.8414427,30.6683519],[76.8444786,30.6691606],[76.8472623,30.6678533],[76.8480504,30.666352],[76.8447732,30.6634236],[76.8450737,30.6599904],[76.8463611,30.6576278],[76.8511676,30.6577016],[76.8590797,30.6607778],[76.8656446,30.6697969],[76.8722956,30.676676],[76.8747347,30.678717],[76.876316,30.6808089],[76.8733977,30.6661184],[76.8709048,30.6427673],[76.87545,30.6409732],[76.8772442,30.6434175],[76.8780246,30.6447922],[76.8793091,30.6444556],[76.880064,30.6445689],[76.8803143,30.6448214],[76.8835654,30.6444217],[76.8856716,30.6445952],[76.8906455,30.6405049],[76.8963575,30.6358073],[76.8959283,30.6330379],[76.8933963,30.630453],[76.8957567,30.6286805],[76.8994903,30.6282373],[76.9035244,30.6241013],[76.9090604,30.6270187],[76.9110345,30.6251353],[76.9123167,30.6194417],[76.913824,30.6140559],[76.9116284,30.6140504],[76.9121932,30.612874],[76.9162273,30.6103624],[76.9205188,30.6121353],[76.9252694,30.6098999],[76.9230938,30.6056715],[76.9271707,30.6037508],[76.924598,30.6002207],[76.9231367,30.5967693],[76.918931,30.5928536],[76.9123649,30.5927797],[76.9095793,30.5916934],[76.9117212,30.5905632],[76.9161844,30.5888638],[76.9182443,30.586795],[76.9192743,30.5848738],[76.9152916,30.5825201],[76.9153261,30.578593],[76.9167423,30.5767087],[76.9169139,30.5751199],[76.9119787,30.5696144],[76.9089524,30.5652421],[76.9099617,30.563813],[76.9145107,30.5620023],[76.9180297,30.558196],[76.9160717,30.5540854],[76.9102621,30.547959],[76.9048118,30.5432651],[76.8924093,30.5493634],[76.886487,30.5509526],[76.8877875,30.5471848],[76.8918943,30.5417127],[76.8964004,30.5381644],[76.9016361,30.5373881],[76.9066572,30.5377578],[76.9126224,30.5339136],[76.9133091,30.5290342],[76.9175553,30.5263632],[76.9221496,30.5264465],[76.9318485,30.5222322],[76.9290161,30.5167607],[76.9287157,30.5075915],[76.9306039,30.5026368],[76.9305181,30.500751],[76.9193172,30.4896943],[76.9169569,30.490249],[76.9114,30.4941352],[76.9103479,30.4939932],[76.9091892,30.4935403],[76.9088673,30.4924124],[76.9082451,30.492098],[76.9067001,30.4927452],[76.9063353,30.4920241],[76.9056272,30.4915064],[76.9041037,30.4915248],[76.9025159,30.4912105],[76.9020867,30.4905633],[76.9012928,30.4901011],[76.9006276,30.4896018],[76.9002199,30.4886588],[76.8990934,30.4885571],[76.8985677,30.4872535],[76.8992972,30.4867728],[76.898632,30.4855523],[76.8980312,30.4856448],[76.8979883,30.4850531],[76.8983723,30.4834307],[76.8975591,30.4824827],[76.8965506,30.4815027],[76.8987822,30.4792281],[76.9042325,30.4762693],[76.9094252,30.4724226],[76.9122147,30.4684464],[76.9114637,30.4652838],[76.9080875,30.4613465],[76.9069767,30.4586583],[76.900649,30.4532612],[76.8992328,30.4479338],[76.898632,30.4470273],[76.8985627,30.4462995],[76.8959466,30.4458986],[76.8977222,30.4424494],[76.8969849,30.4401804],[76.8901683,30.4396814],[76.8868038,30.4290498],[76.8951392,30.4280248],[76.8973522,30.4306795],[76.8994064,30.4350487],[76.9062758,30.4347424],[76.8986822,30.4250202],[76.9068682,30.4261173],[76.9101977,30.4303957],[76.9107556,30.4293596],[76.9117212,30.4281754],[76.9127297,30.4271393],[76.9137597,30.4262512],[76.9141245,30.4255851],[76.9140601,30.4244934],[76.9136739,30.4236793],[76.9111848,30.4193865],[76.9122791,30.4181837],[76.9135451,30.4168329],[76.914382,30.4157967],[76.9161844,30.4142238],[76.9161629,30.4134281],[76.9168281,30.4090978],[76.9168496,30.4073767],[76.9162059,30.4060073],[76.9144463,30.4044897],[76.913116,30.4030832],[76.9112491,30.4003627],[76.9129443,30.3996964],[76.9160557,30.3991227],[76.917901,30.3993262],[76.9193816,30.4003071],[76.9210982,30.4005662],[76.92348,30.4006403],[76.9266772,30.401214],[76.9309902,30.4014361],[76.9330501,30.4005662],[76.9341445,30.3990671],[76.9358396,30.3973459],[76.9372129,30.3966611],[76.9383287,30.3960318],[76.9390583,30.3950509],[76.9387793,30.3940144],[76.9369125,30.3876102],[76.9350886,30.3847411],[76.9333291,30.3833343],[76.9325781,30.382779],[76.9268918,30.3790397],[76.9218492,30.3757817],[76.9203472,30.3739489],[76.9196391,30.3721162],[76.917386,30.3695799],[76.9162488,30.3679692],[76.9157338,30.3667288],[76.9145322,30.3660438],[76.9121718,30.3653588],[76.9103265,30.3648496],[76.9086098,30.364396],[76.9063997,30.3636555],[76.9051337,30.3633592],[76.9033098,30.3635073],[76.901164,30.3628779],[76.8991899,30.3617485],[76.8978381,30.3607301],[76.8962717,30.3608042],[76.895585,30.3616189],[76.8950915,30.3633407],[76.8943834,30.3647848],[76.8931389,30.3661919],[76.8924737,30.3674508],[76.8908429,30.3701168],[76.8906283,30.3727271],[76.8909502,30.3741526],[76.8919372,30.3757446],[76.8925166,30.3765962],[76.8966794,30.381946],[76.8972587,30.3833528],[76.895864,30.3848337],[76.8949413,30.3855556],[76.8947267,30.3867587],[76.8942332,30.3880174],[76.8916154,30.3904607],[76.8888902,30.393089],[76.8872165,30.3944031],[76.8854785,30.3945697],[76.8846416,30.3938108],[76.883676,30.3930704],[76.8821096,30.3933481],[76.8810582,30.3938848],[76.8807363,30.3948843],[76.8817878,30.3959948],[76.8836546,30.3989561],[76.8829679,30.4014731],[76.8833327,30.4034904],[76.8835258,30.4047673],[76.8826031,30.4058962],[76.881895,30.4074508],[76.8823671,30.4088572],[76.8810153,30.4100046],[76.8780112,30.4099861],[76.8761015,30.409912],[76.8748998,30.409912],[76.8730759,30.4110409],[76.8709945,30.4120772],[76.8696213,30.4136871],[76.8679905,30.4147974],[76.8662309,30.4150195],[76.8646216,30.415297],[76.8620038,30.4160372],[76.8579912,30.4175916],[76.8561673,30.4184428],[76.8550515,30.4215884],[76.8539786,30.4263252],[76.8521333,30.4308212],[76.8507385,30.4345955],[76.8502557,30.4358905],[76.8487322,30.4373151],[76.8469405,30.4383788],[76.8446553,30.4382493],[76.8434751,30.4375001],[76.8430352,30.4370468],[76.841737,30.4351135],[76.8391406,30.4331801],[76.8372846,30.4317185],[76.8365013,30.4306639],[76.8373275,30.4283604],[76.838851,30.4271763],[76.8389368,30.4262697],[76.8369412,30.4245674],[76.8350529,30.4228651],[76.8338728,30.4212739],[76.832242,30.4200341],[76.8314266,30.4183688],[76.8304825,30.417018],[76.8293237,30.4157041],[76.8279934,30.4145939],[76.8255687,30.4137426],[76.8237662,30.4128544],[76.8186807,30.4124843],[76.816535,30.4135761],[76.8147754,30.4145754],[76.8136382,30.4153341],[76.8110847,30.4171105],[76.8092394,30.4162408],[76.8073511,30.4154451],[76.8060207,30.4145569],[76.8047547,30.4137611],[76.803596,30.413317],[76.8024158,30.414964],[76.800785,30.4161483],[76.7978239,30.4177951],[76.795206,30.4195345],[76.793468,30.4180912],[76.7923307,30.417018],[76.791408,30.4160742],[76.7900347,30.4155931],[76.7890262,30.4159817],[76.7881036,30.4167589],[76.7826533,30.4214774],[76.7779326,30.424993],[76.7776322,30.4273613],[76.7789411,30.4293411],[76.7805719,30.4304327],[76.7819237,30.4311357],[76.7835974,30.4319683],[76.7853141,30.4325788],[76.7864299,30.4332264],[76.7870092,30.4340589],[76.7870736,30.434651],[76.786344,30.4357055],[76.7831039,30.4387766],[76.7817735,30.4398126],[76.7800998,30.4406266],[76.777246,30.4417551],[76.7760229,30.4416441],[76.7742204,30.4387026],[76.7722034,30.435169],[76.7698431,30.4323938],[76.7644357,30.4295816],[76.7585563,30.4285085],[76.7553806,30.4283975],[76.7522478,30.4289525],[76.7500591,30.4293966],[76.7485446,30.4292795],[76.7446518,30.4283975],[76.7422485,30.4273983],[76.7411327,30.4259552],[76.7405748,30.4241419],[76.738944,30.4229207],[76.7377424,30.4218475],[76.7364549,30.4207373],[76.7351245,30.419479],[76.738429,30.41489],[76.7400169,30.4125213],[76.7393302,30.4108929],[76.738429,30.4093754],[76.7366266,30.4073397],[76.7342233,30.4060443],[76.7302751,30.4034164],[76.7277431,30.4019358],[76.7250394,30.4032683],[76.7232799,30.4013066],[76.7215633,30.3999],[76.7193746,30.4014916],[76.717143,30.4026391],[76.7159843,30.4032313],[76.7149543,30.4033423],[76.7149972,30.4018248],[76.7151689,30.4000481],[76.7148256,30.3977161],[76.7142677,30.3954951],[76.7135381,30.3926077],[76.7134523,30.3908679],[76.7139244,30.3889799],[76.7144823,30.3874251],[76.7156839,30.3862775],[76.717143,30.3852039],[76.718173,30.3839082],[76.7179584,30.3823162],[76.7183446,30.3810945],[76.7193317,30.3799838],[76.7202329,30.3801319],[76.7230224,30.3811686],[76.7260265,30.3822052],[76.7279148,30.3829086],[76.7295885,30.3824273],[76.7307043,30.3812056],[76.7303609,30.3796136],[76.7292881,30.3779846],[76.7275714,30.3758002],[76.7261123,30.3741341],[76.7225503,30.3719496],[76.7211771,30.3702834],[76.719675,30.3681359],[76.7194604,30.3653218],[76.7215204,30.3641739],[76.7244386,30.3632852],[76.7258977,30.3636185],[76.7274427,30.3648034],[76.7301893,30.3665067],[76.7321205,30.3682469],[76.7340087,30.3695059],[76.736412,30.3700983],[76.739459,30.3702834],[76.7416477,30.3694318],[76.7451667,30.3684321],[76.7463254,30.3673953],[76.7478704,30.3651366],[76.7481279,30.3608783],[76.7483425,30.3571012],[76.7483425,30.3542497],[76.7473983,30.3529165],[76.7462396,30.3521759],[76.7458534,30.3508797],[76.744523,30.3504723],[76.7430639,30.3503612],[76.7413473,30.3493243],[76.7393732,30.3482873],[76.7370987,30.3471763],[76.7350816,30.3483984],[76.7339658,30.3491761],[76.7322063,30.3494354],[76.7316913,30.3488428],[76.7306184,30.3472503],[76.7293739,30.3455467],[76.7277431,30.343843],[76.7271423,30.3419912],[76.7288194,30.3411264],[76.7286872,30.339843],[76.7272281,30.3381022],[76.7258119,30.3367318],[76.7240524,30.3357317],[76.7222929,30.3349169],[76.7210483,30.3355466],[76.7189455,30.3363244],[76.717658,30.3369911],[76.7161989,30.3372504],[76.7152118,30.3363244],[76.7145252,30.3346206],[76.7137098,30.3334353],[76.7122507,30.3314351],[76.7109203,30.3291756],[76.7102766,30.3274346],[76.7061138,30.3275087],[76.7042255,30.3276198],[76.7026805,30.3280272],[76.7018652,30.3286199],[76.7002773,30.3291756],[76.698389,30.3264344],[76.6971874,30.3248786],[76.6956424,30.3235821],[76.6946125,30.3232116],[76.6929388,30.3254713],[76.6916084,30.3264715],[76.690278,30.3275457],[76.6888189,30.3285829],[76.6874456,30.3272123],[76.6847848,30.3238414],[76.6812229,30.3203221],[76.6809654,30.3192849],[76.683669,30.317803],[76.6848278,30.3166916],[76.6847848,30.3151357],[76.6833257,30.3136538],[76.6812229,30.3117643],[76.6790342,30.3105417],[76.6764164,30.3098007],[76.6743993,30.3108011],[76.6731548,30.3122459],[76.6718673,30.3126535],[76.6696786,30.3125053],[76.6687774,30.3120978],[76.6637992,30.3049472],[76.6594219,30.3013531],[76.656847,30.299834],[76.6545724,30.2980184],[76.6533279,30.2960545],[76.6505384,30.2930901],[76.6388654,30.2859381],[76.6377067,30.2878651],[76.6364622,30.2904962],[76.6347885,30.2905332],[76.6321706,30.2854193],[76.6303682,30.2799716],[76.6304969,30.2784891],[76.6301965,30.2769696],[76.6292953,30.276006],[76.6279649,30.2748571],[76.62642,30.2739676],[76.6259908,30.2729298],[76.62642,30.2719291],[76.6265916,30.2699647],[76.6257762,30.2681856],[76.6237163,30.2669254],[76.6213131,30.2662953],[76.620326,30.2669625],[76.6194677,30.2689269],[76.6184806,30.2701501],[76.6165924,30.2714844],[76.6150903,30.2731893],[76.613717,30.2731522],[76.612215,30.2719662],[76.6107559,30.2708543],[76.6095113,30.2713732],[76.608138,30.2697794],[76.6065073,30.2697053],[76.6045761,30.2701501],[76.6009712,30.2713732],[76.5983104,30.2699277],[76.594963,30.2662953],[76.5932464,30.2641084],[76.5922164,30.2638489],[76.5901994,30.2650721],[76.5883541,30.2658505],[76.5872383,30.2674443],[76.5867233,30.2695941],[76.5855646,30.270669],[76.5837621,30.2714844],[76.5826034,30.2708172],[76.5815734,30.2696312],[76.5805006,30.2675926],[76.5786552,30.2662582],[76.577239,30.2653687],[76.5754795,30.2642567],[76.5740633,30.2641084],[76.5732908,30.2650721],[76.5729045,30.2660729],[76.572175,30.266666],[76.5705871,30.2659617],[76.5694284,30.2657393],[76.5659523,30.2658135],[76.562519,30.2642567],[76.5597724,30.2659988],[76.5583992,30.2657393],[76.5572834,30.2645903],[76.55694,30.2632188],[76.5572834,30.2618844],[76.5573692,30.2603646],[76.5567684,30.2585112],[76.5566396,30.2566207],[76.5571975,30.2531732],[76.560502,30.2470193],[76.562004,30.2430524],[76.5604591,30.239901],[76.5574121,30.2343766],[76.5551805,30.2304092],[76.5538501,30.2294451],[76.5504598,30.2288889],[76.5474987,30.2285181],[76.5462541,30.2278507],[76.5471553,30.2259967],[76.5472739,30.2254206],[76.5474987,30.224328],[76.5490007,30.2240314],[76.5529489,30.2247359],[76.5562534,30.2257],[76.5576696,30.2264417],[76.5593862,30.2274057],[76.5614032,30.2278878],[76.5622186,30.2292597],[76.5637636,30.2311879],[76.5650081,30.2332643],[76.5659952,30.2341541],[76.5678834,30.2357114],[76.5714454,30.2378618],[76.5738487,30.2391966],[76.5756511,30.2402718],[76.5783119,30.2416806],[76.5807151,30.2430153],[76.5818309,30.2444983],[76.5833759,30.2451285],[76.5851783,30.2473159],[76.5880537,30.2472417],[76.5905428,30.24739],[76.591444,30.2485022],[76.5918302,30.2506894],[76.5911865,30.2530249],[76.5907573,30.2543594],[76.591444,30.2559164],[76.5935897,30.2565095],[76.5966367,30.2568431],[76.5989112,30.2558793],[76.600542,30.2548414],[76.6022157,30.2534327],[76.6033315,30.2518757],[76.6033315,30.2497626],[76.6027307,30.2472417],[76.6019153,30.2453139],[76.6001129,30.2437197],[76.5986108,30.2419402],[76.5974092,30.2406796],[76.595993,30.2390854],[76.597495,30.2377135],[76.5986967,30.2364529],[76.5997266,30.2363788],[76.6007995,30.2381214],[76.6026878,30.2391966],[76.6040182,30.2390483],[76.6065931,30.2380101],[76.6087389,30.2368237],[76.6135454,30.2344508],[76.6165494,30.2328564],[76.6187381,30.2315587],[76.6206264,30.2303721],[76.6222143,30.2294081],[76.6251754,30.2275911],[76.626892,30.2263304],[76.6262483,30.2249955],[76.6251754,30.2233268],[76.6241455,30.2212873],[76.6226005,30.2190994],[76.6203689,30.2182836],[76.6186952,30.217579],[76.6171073,30.2157989],[76.6159486,30.2140559],[76.6153907,30.2124612],[76.6156482,30.2109778],[76.6174078,30.209346],[76.6182661,30.2081592],[76.6201973,30.2074916],[76.6222143,30.2070836],[76.6250038,30.2068982],[76.6331148,30.2064902],[76.6364193,30.2075287],[76.6387367,30.2081963],[76.6411399,30.2070465],[76.6439294,30.2058968],[76.6453027,30.2048583],[76.6474485,30.2040424],[76.6490793,30.2039682],[76.6528558,30.2031893],[76.6520834,30.2016315],[76.651225,30.1996287],[76.6508388,30.1978854],[76.6505384,30.1960308],[76.6498088,30.1943616],[76.649723,30.1931005],[76.6518259,30.1908748],[76.6556882,30.1873879],[76.6544437,30.1860896],[76.6530704,30.1845687],[76.6521263,30.1828622],[76.6515684,30.1808589],[76.6510105,30.1795234],[76.649208,30.178225],[76.6476631,30.1773346],[76.6456031,30.1766297],[76.6439724,30.1754796],[76.6425132,30.1742182],[76.6407108,30.1726971],[76.6383504,30.1713614],[76.6370201,30.1714727],[76.6344451,30.1719179],[76.6337156,30.1729197],[76.6342306,30.174144],[76.6332006,30.1757393],[76.6316557,30.1771862],[76.6295957,30.1783733],[76.6291666,30.1791524],[76.6280937,30.1815638],[76.6288232,30.1820461],[76.630969,30.1832332],[76.6329431,30.1853477],[76.6341877,30.1860525],[76.6367197,30.187017],[76.6394662,30.1877589],[76.6424274,30.1887234],[76.6444015,30.1900217],[76.6437578,30.1913942],[76.6419553,30.1933972],[76.6404104,30.1946584],[76.6382217,30.1968839],[76.6351318,30.1990723],[76.6305399,30.1999996],[76.6267204,30.2006301],[76.6224718,30.2010752],[76.6205406,30.201817],[76.6180944,30.2025217],[76.6170215,30.203041],[76.6150045,30.2054517],[76.6135025,30.2052663],[76.6118288,30.2035973],[76.6107559,30.2016686],[76.6105842,30.1998883],[76.6095113,30.1988868],[76.6071081,30.197737],[76.6056919,30.1968097],[76.6032457,30.1958082],[76.6027736,30.1946213],[76.6033315,30.193323],[76.6038894,30.19132],[76.6029882,30.1898733],[76.5991687,30.1870541],[76.6011858,30.1854219],[76.6043615,30.1830477],[76.6059494,30.1816751],[76.6082239,30.1801912],[76.6098547,30.1789669],[76.6114425,30.1780024],[76.6129016,30.1775201],[76.6146612,30.1771862],[76.6158628,30.1758506],[76.6174507,30.1742553],[76.6186952,30.1725487],[76.6202831,30.170842],[76.6224718,30.1694321],[76.6245317,30.1693579],[76.6263341,30.1697661],[76.6286087,30.1701371],[76.6312694,30.1693208],[76.6327714,30.168653],[76.635046,30.1611951],[76.6362476,30.1591914],[76.6371488,30.1567795],[76.6374492,30.1557405],[76.6385221,30.1535882],[76.6393184,30.1526337],[76.6402351,30.151074],[76.6437439,30.1502113],[76.6409678,30.1489116],[76.6383265,30.1476236],[76.622858,30.142084],[76.6003638,30.1185043],[76.5781058,30.1028452],[76.5752234,30.1008134],[76.5614032,30.0944945],[76.5586646,30.0919308],[76.5553092,30.0825378],[76.5439804,30.0764489],[76.5339338,30.0746405],[76.5284872,30.0781557],[76.5210199,30.0750362],[76.5096296,30.0714441],[76.5116858,30.0840602],[76.5053773,30.0912083],[76.4979529,30.0933805],[76.4893292,30.0942266],[76.4679479,30.0987766]],[[76.0078015,28.0590616],[76.0087996,28.0601128],[76.0096148,28.0673064],[76.0127914,28.0709717],[76.0173963,28.0758072],[76.0186562,28.0789458],[76.019916,28.0816266],[76.0231983,28.0859176],[76.0269564,28.0846343],[76.0314771,28.0820189],[76.0332905,28.0803308],[76.0343814,28.0811437],[76.0356045,28.0805946],[76.035145,28.0798631],[76.0366344,28.0787772],[76.037128,28.079099],[76.0387802,28.0780956],[76.0373211,28.0759184],[76.0409283,28.074088],[76.0398611,28.0730542],[76.0404324,28.0722075],[76.0384416,28.0687087],[76.0367388,28.0667178],[76.0336298,28.0633035],[76.0304761,28.0631949],[76.0301431,28.0623363],[76.0287485,28.0596722],[76.0282026,28.0588087],[76.0263133,28.0568515],[76.0253218,28.0541474],[76.0231768,28.0546846],[76.0204348,28.0551424],[76.0170258,28.0562543],[76.0139598,28.056896],[76.0114676,28.0580855],[76.0103698,28.0581425],[76.0078015,28.0590616]]],[[[76.4405273,28.1148327],[76.4415114,28.1171654],[76.4408188,28.119899],[76.4389235,28.1232887],[76.4370282,28.1253662],[76.4356432,28.1273709],[76.4356432,28.1293755],[76.4334563,28.1305054],[76.4331648,28.1325465],[76.4339289,28.1367753],[76.4285494,28.1384252],[76.4279891,28.1348063],[76.4267864,28.1313072],[76.4245266,28.1278447],[76.4224126,28.1248195],[76.4216472,28.122341],[76.42285,28.121685],[76.4233602,28.1204822],[76.4233967,28.1194252],[76.4236154,28.1174934],[76.4235789,28.1162542],[76.4229593,28.1147963],[76.4251826,28.1125001],[76.4276976,28.1109693],[76.4302489,28.1096571],[76.4315975,28.1096936],[76.434404,28.1093655],[76.435461,28.1100216],[76.4396525,28.1103496],[76.4392516,28.1120991],[76.4401628,28.1142131],[76.4405273,28.1148327]]]]},"id":"relation/1942601"}]}