{"type": "FeatureCollection", "features": [{"type": "Feature", "id": 7176, "geometry": {"type": "LineString", "coordinates": [[75.57306366072902, 29.689554825928834], [75.57314746995175, 29.689840308704525]]}, "properties": {"OBJECTID": 7176, "rd_name": "No Name", "start_pt": " ", "end_pt": " ", "width": 0, "carrriage": 0, "r_temp_id": "ulb_rat_00216", "mla_cons": "SDE", "pwd_cir": "Municipal Committee Ratia", "pwd_div": "Ward 2", "dlp__from": " ", "dlp_to": " ", "source": " ", "ur_id": " ", "district": "04", "vs_con": " ", "type": " ", "crust": " ", "date": " ", "gis_length": 0.03775323, "road_catog": "ODR", "status": "P", "remarks": " ", "created_user": "SDE", "created_date": 1747503722000, "last_edited_user": "mc_jind", "last_edited_date": 1770226965000, "lengthdoc": 0, "GlobalID": "{97435F21-BA8B-44CC-9973-B81F2A9D87D1}", "temp_road_id": "137202", "ownership": "DULB", "department": "DULB_MC_Ratia", "circleCode": 9, "divCode": 2, "distCode": 4, "deptCode": 5, "enc_userid": "ULB_1002", "engineer_name": null, "enccode": null, "gisid": "172255", "sectorNumber": null, "estateCode": null, "sectorName": null, "estateName": null, "tttt": "39592", "h_creator_name": null, "h_creator_mob": null, "v_eng_name": null, "v_eng_mob": null, "isRetired": null, "harsac_status": null, "road_status": null, "Shape__Length": 37.753226477348925}}, {"type": "Feature", "id": 65491, "geometry": {"type": "LineString", "coordinates": [[75.57562125417444, 29.69273370570537], [75.57557842609495, 29.69272441082023], [75.57551323804972, 29.69271048214732], [75.5753797483985, 29.69270727252003], [75.5752060824945, 29.6926995001181], [75.57400789789045, 29.692664904338255], [75.57235554214672, 29.69258884321165], [75.57208887905126, 29.692576565767187], [75.5704206033641, 29.6925013317587], [75.56951826632245, 29.69246823264775], [75.5687597738123, 29.692440404882692], [75.56871695920755, 29.692449899567194]]}, "properties": {"OBJECTID": 65491, "rd_name": "main budlada road to byepass", "start_pt": " budlada road", "end_pt": " bypass ratia w 1", "width": 716, "carrriage": 12, "r_temp_id": "W1M01", "mla_cons": "PC SIRSA (SC)", "pwd_cir": "Municipal Committee Ratia", "pwd_div": "Ward 1", "dlp__from": " 2028", "dlp_to": " 2028", "source": "HARPATH", "ur_id": " W1M01", "district": "04", "vs_con": "Ratia(SC)", "type": " 2025", "crust": " Ipb 80 mm thick ", "date": " 2025", "gis_length": 0.76991784, "road_catog": "mc road", "status": "C", "remarks": "road is in good condition ", "created_user": "", "created_date": 1745220778000, "last_edited_user": "mc_jind", "last_edited_date": 1770226965000, "lengthdoc": 716, "GlobalID": "{87174647-D031-4315-9AA3-D87CAB469E98}", "temp_road_id": "10476", "ownership": "DULB", "department": null, "circleCode": 9, "divCode": 1, "distCode": 4, "deptCode": 5, "enc_userid": null, "engineer_name": null, "enccode": null, "gisid": "9487", "sectorNumber": null, "estateCode": null, "sectorName": null, "estateName": null, "tttt": "9487", "h_creator_name": null, "h_creator_mob": null, "v_eng_name": null, "v_eng_mob": null, "isRetired": null, "harsac_status": null, "road_status": null, "Shape__Length": 769.9178435022465}}, {"type": "Feature", "id": 65566, "geometry": {"type": "LineString", "coordinates": [[75.57380529545452, 29.690591578330924], [75.57369260180214, 29.690518493559733], [75.57357196973757, 29.69042418944298], [75.57346055169288, 29.690483288333425], [75.57344967039984, 29.69048999959159]]}, "properties": {"OBJECTID": 65566, "rd_name": "No Name", "start_pt": " ", "end_pt": " ", "width": 0, "carrriage": 0, "r_temp_id": "ulb_rat_00243", "mla_cons": "PC SIRSA (SC)", "pwd_cir": "Municipal Committee Ratia", "pwd_div": "Ward 1", "dlp__from": " ", "dlp_to": " ", "source": " ", "ur_id": " ", "district": "04", "vs_con": "Ratia(SC)", "type": " ", "crust": " ", "date": " ", "gis_length": 0.04973853, "road_catog": "ODR", "status": "P", "remarks": " ", "created_user": "SDE", "created_date": 1747503722000, "last_edited_user": "mc_jind", "last_edited_date": 1770226965000, "lengthdoc": 0, "GlobalID": "{234D7AE4-E473-4775-8F1F-A9B8AF57B8E9}", "temp_road_id": "124610", "ownership": "DULB", "department": "DULB_MC_Ratia", "circleCode": 9, "divCode": 1, "distCode": 4, "deptCode": 5, "enc_userid": "ULB_1002", "engineer_name": null, "enccode": null, "gisid": "27001", "sectorNumber": null, "estateCode": null, "sectorName": null, "estateName": null, "tttt": "27001", "h_creator_name": null, "h_creator_mob": null, "v_eng_name": null, "v_eng_mob": null, "isRetired": null, "harsac_status": null, "road_status": null, "Shape__Length": 49.73852509665395}}, {"type": "Feature", "id": 65567, "geometry": {"type": "LineString", "coordinates": [[75.57651087466492, 29.679093423672402], [75.57649997989716, 29.678193408147177]]}, "properties": {"OBJECTID": 65567, "rd_name": "No Name", "start_pt": " ", "end_pt": " ", "width": 0, "carrriage": 0, "r_temp_id": "ulb_rat_00021", "mla_cons": "PC SIRSA (SC)", "pwd_cir": "Municipal Committee Ratia", "pwd_div": "Ward 10", "dlp__from": " ", "dlp_to": " ", "source": " ", "ur_id": " ", "district": "04", "vs_con": "Ratia(SC)", "type": " ", "crust": " ", "date": " ", "gis_length": 0.11532338, "road_catog": "ODR", "status": "P", "remarks": " ", "created_user": "SDE", "created_date": 1747503722000, "last_edited_user": "mc_jind", "last_edited_date": 1770226965000, "lengthdoc": 0, "GlobalID": "{A39A70C2-CCBA-411D-8F28-FFE63E53B8DD}", "temp_road_id": "124628", "ownership": "DULB", "department": "DULB_MC_Ratia", "circleCode": 9, "divCode": 10, "distCode": 4, "deptCode": 5, "enc_userid": "ULB_1002", "engineer_name": null, "enccode": null, "gisid": "27019", "sectorNumber": null, "estateCode": null, "sectorName": null, "estateName": null, "tttt": "27019", "h_creator_name": null, "h_creator_mob": null, "v_eng_name": null, "v_eng_mob": null, "isRetired": null, "harsac_status": null, "road_status": null, "Shape__Length": 115.32337739088288}}, {"type": "Feature", "id": 65584, "geometry": {"type": "LineString", "coordinates": [[75.57958314886919, 29.68103524584804], [75.57958326654851, 29.681102948496395], [75.57956189023801, 29.682615771745315], [75.5795572702025, 29.682651278635987]]}, "properties": {"OBJECTID": 65584, "rd_name": "No Name", "start_pt": " ", "end_pt": " ", "width": 0, "carrriage": 0, "r_temp_id": "ulb_rat_00061", "mla_cons": "PC SIRSA (SC)", "pwd_cir": "Municipal Committee Ratia", "pwd_div": "Ward 11", "dlp__from": " ", "dlp_to": " ", "source": " ", "ur_id": " ", "district": "04", "vs_con": "Ratia(SC)", "type": " ", "crust": " ", "date": " ", "gis_length": 0.20710889, "road_catog": "ODR", "status": "P", "remarks": " ", "created_user": "SDE", "created_date": 1747503722000, "last_edited_user": "mc_jind", "last_edited_date": 1770226965000, "lengthdoc": 0, "GlobalID": "{7B75C09E-DEA8-4187-BF08-5256FDBDC7EB}", "temp_road_id": "125308", "ownership": "DULB", "department": "DULB_MC_Ratia", "circleCode": 9, "divCode": 11, "distCode": 4, "deptCode": 5, "enc_userid": "ULB_1002", "engineer_name": null, "enccode": null, "gisid": "27699", "sectorNumber": null, "estateCode": null, "sectorName": null, "estateName": null, "tttt": "27699", "h_creator_name": null, "h_creator_mob": null, "v_eng_name": null, "v_eng_mob": null, "isRetired": null, "harsac_status": null, "road_status": null, "Shape__Length": 207.10889208747224}}, {"type": "Feature", "id": 65589, "geometry": {"type": "LineString", "coordinates": [[75.57954971357432, 29.681035381646772], [75.57958314886919, 29.68103524584804], [75.58019742314872, 29.681032764790384]]}, "properties": {"OBJECTID": 65589, "rd_name": "No Name", "start_pt": " ", "end_pt": " ", "width": 0, "carrriage": 0, "r_temp_id": "ulb_rat_00062", "mla_cons": "PC SIRSA (SC)", "pwd_cir": "Municipal Committee Ratia", "pwd_div": "Ward 13", "dlp__from": " ", "dlp_to": " ", "source": " ", "ur_id": " ", "district": "04", "vs_con": "Ratia(SC)", "type": " ", "crust": " ", "date": " ", "gis_length": 0.07210348, "road_catog": "ODR", "status": "P", "remarks": " ", "created_user": "SDE", "created_date": 1747503722000, "last_edited_user": "mc_jind", "last_edited_date": 1770226965000, "lengthdoc": 0, "GlobalID": "{B53383A4-C949-4D8E-9F5A-F45F5892818D}", "temp_road_id": "125410", "ownership": "DULB", "department": "DULB_MC_Ratia", "circleCode": 9, "divCode": 13, "distCode": 4, "deptCode": 5, "enc_userid": "ULB_1002", "engineer_name": null, "enccode": null, "gisid": "27801", "sectorNumber": null, "estateCode": null, "sectorName": null, "estateName": null, "tttt": "27801", "h_creator_name": null, "h_creator_mob": null, "v_eng_name": null, "v_eng_mob": null, "isRetired": null, "harsac_status": null, "road_status": null, "Shape__Length": 72.1034796216602}}, {"type": "Feature", "id": 65590, "geometry": {"type": "LineString", "coordinates": [[75.57681968222192, 29.67969728659277], [75.5768105822881, 29.679982000517874], [75.57680987082239, 29.680004250661526], [75.57680429497941, 29.681089744032924]]}, "properties": {"OBJECTID": 65590, "rd_name": "No Name", "start_pt": " ", "end_pt": " ", "width": 0, "carrriage": 0, "r_temp_id": "ulb_rat_00012", "mla_cons": "PC SIRSA (SC)", "pwd_cir": "Municipal Committee Ratia", "pwd_div": "Ward 10", "dlp__from": " ", "dlp_to": " ", "source": " ", "ur_id": " ", "district": "04", "vs_con": "Ratia(SC)", "type": " ", "crust": " ", "date": " ", "gis_length": 0.17843215, "road_catog": "ODR", "status": "P", "remarks": " ", "created_user": "SDE", "created_date": 1747503722000, "last_edited_user": "mc_jind", "last_edited_date": 1770226965000, "lengthdoc": 0, "GlobalID": "{8FB469D9-6672-48A1-B08A-B0B3B96F8899}", "temp_road_id": "125443", "ownership": "DULB", "department": "DULB_MC_Ratia", "circleCode": 9, "divCode": 10, "distCode": 4, "deptCode": 5, "enc_userid": "ULB_1002", "engineer_name": null, "enccode": null, "gisid": "27834", "sectorNumber": null, "estateCode": null, "sectorName": null, "estateName": null, "tttt": "27834", "h_creator_name": null, "h_creator_mob": null, "v_eng_name": null, "v_eng_mob": null, "isRetired": null, "harsac_status": null, "road_status": null, "Shape__Length": 178.43214694157007}}, {"type": "Feature", "id": 65592, "geometry": {"type": "LineString", "coordinates": [[75.5788614405733, 29.67704104918363], [75.57886140823396, 29.677038817001513], [75.57885843481039, 29.67683663026633], [75.57885399892952, 29.67653500910734]]}, "properties": {"OBJECTID": 65592, "rd_name": "No Name", "start_pt": " ", "end_pt": " ", "width": 0, "carrriage": 0, "r_temp_id": "ulb_rat_00107", "mla_cons": "PC SIRSA (SC)", "pwd_cir": "Municipal Committee Ratia", "pwd_div": "Ward 13", "dlp__from": " ", "dlp_to": " ", "source": " ", "ur_id": " ", "district": "04", "vs_con": "Ratia(SC)", "type": " ", "crust": " ", "date": " ", "gis_length": 0.06484189, "road_catog": "ODR", "status": "P", "remarks": " ", "created_user": "SDE", "created_date": 1747503722000, "last_edited_user": "mc_jind", "last_edited_date": 1770226965000, "lengthdoc": 0, "GlobalID": "{59D77F26-16C7-4965-AC7B-6936328967F1}", "temp_road_id": "125470", "ownership": "DULB", "department": "DULB_MC_Ratia", "circleCode": 9, "divCode": 13, "distCode": 4, "deptCode": 5, "enc_userid": "ULB_1002", "engineer_name": null, "enccode": null, "gisid": "27861", "sectorNumber": null, "estateCode": null, "sectorName": null, "estateName": null, "tttt": "27861", "h_creator_name": null, "h_creator_mob": null, "v_eng_name": null, "v_eng_mob": null, "isRetired": null, "harsac_status": null, "road_status": null, "Shape__Length": 64.84189191246408}}, {"type": "Feature", "id": 65595, "geometry": {"type": "LineString", "coordinates": [[75.57681968222192, 29.67969728659277], [75.57681896177306, 29.679671069288748], [75.57681525622253, 29.679536414384998], [75.57681493462565, 29.679524730059573], [75.5767979986876, 29.679129556180875]]}, "properties": {"OBJECTID": 65595, "rd_name": "No Name", "start_pt": " ", "end_pt": " ", "width": 0, "carrriage": 0, "r_temp_id": "ulb_rat_00010", "mla_cons": "PC SIRSA (SC)", "pwd_cir": "Municipal Committee Ratia", "pwd_div": "Ward 10", "dlp__from": " ", "dlp_to": " ", "source": " ", "ur_id": " ", "district": "04", "vs_con": "Ratia(SC)", "type": " ", "crust": " ", "date": " ", "gis_length": 0.072784, "road_catog": "ODR", "status": "P", "remarks": " ", "created_user": "SDE", "created_date": 1747503722000, "last_edited_user": "mc_jind", "last_edited_date": 1770226965000, "lengthdoc": 0, "GlobalID": "{19E3B724-3B56-4FA9-A48C-DC3BF5496970}", "temp_road_id": "125500", "ownership": "DULB", "department": "DULB_MC_Ratia", "circleCode": 9, "divCode": 10, "distCode": 4, "deptCode": 5, "enc_userid": "ULB_1002", "engineer_name": null, "enccode": null, "gisid": "27891", "sectorNumber": null, "estateCode": null, "sectorName": null, "estateName": null, "tttt": "27891", "h_creator_name": null, "h_creator_mob": null, "v_eng_name": null, "v_eng_mob": null, "isRetired": null, "harsac_status": null, "road_status": null, "Shape__Length": 72.7840026446563}}, {"type": "Feature", "id": 65596, "geometry": {"type": "LineString", "coordinates": [[75.57679002524112, 29.685004258049062], [75.57679051572127, 29.684977871216745], [75.5767809306972, 29.684698120108862], [75.57679002524112, 29.685004258049062], [75.5767891053663, 29.68528584385102], [75.57678657032055, 29.685338210748817]]}, "properties": {"OBJECTID": 65596, "rd_name": "No Name", "start_pt": " ", "end_pt": " ", "width": 0, "carrriage": 0, "r_temp_id": "ulb_rat_00113", "mla_cons": "PC SIRSA (SC)", "pwd_cir": "Municipal Committee Ratia", "pwd_div": "Ward 10", "dlp__from": " ", "dlp_to": " ", "source": " ", "ur_id": " ", "district": "04", "vs_con": "Ratia(SC)", "type": " ", "crust": " ", "date": " ", "gis_length": 0.12128126, "road_catog": "ODR", "status": "P", "remarks": " ", "created_user": "SDE", "created_date": 1747503722000, "last_edited_user": "mc_jind", "last_edited_date": 1770226965000, "lengthdoc": 0, "GlobalID": "{75B8AFE5-779A-4D61-9C5D-366DD8E14696}", "temp_road_id": "125505", "ownership": "DULB", "department": "DULB_MC_Ratia", "circleCode": 9, "divCode": 10, "distCode": 4, "deptCode": 5, "enc_userid": "ULB_1002", "engineer_name": null, "enccode": null, "gisid": "27896", "sectorNumber": null, "estateCode": null, "sectorName": null, "estateName": null, "tttt": "27896", "h_creator_name": null, "h_creator_mob": null, "v_eng_name": null, "v_eng_mob": null, "isRetired": null, "harsac_status": null, "road_status": null, "Shape__Length": 121.28125648482968}}, {"type": "Feature", "id": 65603, "geometry": {"type": "LineString", "coordinates": [[75.56468453598318, 29.668988566931766], [75.56416524776519, 29.66899324942561], [75.56413760750222, 29.66899349920027], [75.56364283341003, 29.668994387461268], [75.5636025951735, 29.668994459271463], [75.56309435443688, 29.668988809681533]]}, "properties": {"OBJECTID": 65603, "rd_name": "No Name", "start_pt": " ", "end_pt": " ", "width": 0, "carrriage": 0, "r_temp_id": "ulb_rat_00272", "mla_cons": "PC SIRSA (SC)", "pwd_cir": "Municipal Committee Ratia", "pwd_div": "Ward 15", "dlp__from": " ", "dlp_to": " ", "source": " ", "ur_id": " ", "district": "04", "vs_con": "Ratia(SC)", "type": " ", "crust": " ", "date": " ", "gis_length": 0.17702624, "road_catog": "ODR", "status": "P", "remarks": " ", "created_user": "SDE", "created_date": 1747503722000, "last_edited_user": "mc_jind", "last_edited_date": 1770226965000, "lengthdoc": 0, "GlobalID": "{29072FE8-5C54-48B9-AB5D-F5A8A8EEDDD6}", "temp_road_id": "125694", "ownership": "DULB", "department": "DULB_MC_Ratia", "circleCode": 9, "divCode": 15, "distCode": 4, "deptCode": 5, "enc_userid": "ULB_1002", "engineer_name": null, "enccode": null, "gisid": "28085", "sectorNumber": null, "estateCode": null, "sectorName": null, "estateName": null, "tttt": "28085", "h_creator_name": null, "h_creator_mob": null, "v_eng_name": null, "v_eng_mob": null, "isRetired": null, "harsac_status": null, "road_status": null, "Shape__Length": 177.02623575841054}}, {"type": "Feature", "id": 65606, "geometry": {"type": "LineString", "coordinates": [[75.57320066099635, 29.68569725583969], [75.57320796968949, 29.68569226273773], [75.57447862228587, 29.684824053897504], [75.57457206324509, 29.684701681963034], [75.57460831206342, 29.684654210334347]]}, "properties": {"OBJECTID": 65606, "rd_name": "No Name", "start_pt": " ", "end_pt": " ", "width": 0, "carrriage": 0, "r_temp_id": "ulb_rat_00147", "mla_cons": "PC SIRSA (SC)", "pwd_cir": "Municipal Committee Ratia", "pwd_div": "Ward 9", "dlp__from": " ", "dlp_to": " ", "source": " ", "ur_id": " ", "district": "04", "vs_con": "Ratia(SC)", "type": " ", "crust": " ", "date": " ", "gis_length": 0.20710674, "road_catog": "ODR", "status": "P", "remarks": " ", "created_user": "SDE", "created_date": 1747503722000, "last_edited_user": "mc_jind", "last_edited_date": 1770226965000, "lengthdoc": 0, "GlobalID": "{255B2B8E-2079-4814-8514-844EFE0B0652}", "temp_road_id": "125837", "ownership": "DULB", "department": "DULB_MC_Ratia", "circleCode": 9, "divCode": 9, "distCode": 4, "deptCode": 5, "enc_userid": "ULB_1002", "engineer_name": null, "enccode": null, "gisid": "28228", "sectorNumber": null, "estateCode": null, "sectorName": null, "estateName": null, "tttt": "28228", "h_creator_name": null, "h_creator_mob": null, "v_eng_name": null, "v_eng_mob": null, "isRetired": null, "harsac_status": null, "road_status": null, "Shape__Length": 207.10673818560844}}, {"type": "Feature", "id": 65608, "geometry": {"type": "LineString", "coordinates": [[75.58003019996193, 29.683205895015135], [75.58003020175855, 29.683205806045503], [75.58003529610453, 29.682914383243755]]}, "properties": {"OBJECTID": 65608, "rd_name": "No Name", "start_pt": " ", "end_pt": " ", "width": 0, "carrriage": 0, "r_temp_id": "ulb_rat_00072", "mla_cons": "PC SIRSA (SC)", "pwd_cir": "Municipal Committee Ratia", "pwd_div": "Ward 11", "dlp__from": " ", "dlp_to": " ", "source": " ", "ur_id": " ", "district": "04", "vs_con": "Ratia(SC)", "type": " ", "crust": " ", "date": " ", "gis_length": 0.03735671, "road_catog": "ODR", "status": "P", "remarks": " ", "created_user": "SDE", "created_date": 1747503722000, "last_edited_user": "mc_jind", "last_edited_date": 1770226965000, "lengthdoc": 0, "GlobalID": "{4F13E24D-E40E-4991-B800-5EEB70D66726}", "temp_road_id": "125862", "ownership": "DULB", "department": "DULB_MC_Ratia", "circleCode": 9, "divCode": 11, "distCode": 4, "deptCode": 5, "enc_userid": "ULB_1002", "engineer_name": null, "enccode": null, "gisid": "28253", "sectorNumber": null, "estateCode": null, "sectorName": null, "estateName": null, "tttt": "28253", "h_creator_name": null, "h_creator_mob": null, "v_eng_name": null, "v_eng_mob": null, "isRetired": null, "harsac_status": null, "road_status": null, "Shape__Length": 37.35670779677794}}, {"type": "Feature", "id": 65611, "geometry": {"type": "LineString", "coordinates": [[75.56583934363711, 29.67405135584244], [75.56584036502159, 29.674032322410156], [75.56584023027428, 29.67291885176758]]}, "properties": {"OBJECTID": 65611, "rd_name": "No Name", "start_pt": " ", "end_pt": " ", "width": 0, "carrriage": 0, "r_temp_id": "ulb_rat_00296", "mla_cons": "PC SIRSA (SC)", "pwd_cir": "Municipal Committee Ratia", "pwd_div": "Ward 15", "dlp__from": " ", "dlp_to": " ", "source": " ", "ur_id": " ", "district": "04", "vs_con": "Ratia(SC)", "type": " ", "crust": " ", "date": " ", "gis_length": 0.14510045, "road_catog": "ODR", "status": "P", "remarks": " ", "created_user": "SDE", "created_date": 1747503722000, "last_edited_user": "mc_jind", "last_edited_date": 1770226965000, "lengthdoc": 0, "GlobalID": "{2617D4D3-B4C5-4459-9B38-51229A4799A0}", "temp_road_id": "125958", "ownership": "DULB", "department": "DULB_MC_Ratia", "circleCode": 9, "divCode": 15, "distCode": 4, "deptCode": 5, "enc_userid": "ULB_1002", "engineer_name": null, "enccode": null, "gisid": "28349", "sectorNumber": null, "estateCode": null, "sectorName": null, "estateName": null, "tttt": "28349", "h_creator_name": null, "h_creator_mob": null, "v_eng_name": null, "v_eng_mob": null, "isRetired": null, "harsac_status": null, "road_status": null, "Shape__Length": 145.10044998726124}}, {"type": "Feature", "id": 65615, "geometry": {"type": "LineString", "coordinates": [[75.56426201159266, 29.668524202801276], [75.5642639887846, 29.66819249375628], [75.56426409119254, 29.668175296634733], [75.56426620403008, 29.667820830927116], [75.56427121123946, 29.667820865271533], [75.564797555724, 29.667824539342988]]}, "properties": {"OBJECTID": 65615, "rd_name": "No Name", "start_pt": " ", "end_pt": " ", "width": 0, "carrriage": 0, "r_temp_id": "ulb_rat_00276", "mla_cons": "PC SIRSA (SC)", "pwd_cir": "Municipal Committee Ratia", "pwd_div": "Ward 15", "dlp__from": " ", "dlp_to": " ", "source": " ", "ur_id": " ", "district": "04", "vs_con": "Ratia(SC)", "type": " ", "crust": " ", "date": " ", "gis_length": 0.14926502, "road_catog": "ODR", "status": "P", "remarks": " ", "created_user": "SDE", "created_date": 1747503722000, "last_edited_user": "mc_jind", "last_edited_date": 1770226965000, "lengthdoc": 0, "GlobalID": "{A6EEE3D0-2375-4166-A9DF-56FD3BB7FDCF}", "temp_road_id": "126184", "ownership": "DULB", "department": "DULB_MC_Ratia", "circleCode": 9, "divCode": 15, "distCode": 4, "deptCode": 5, "enc_userid": "ULB_1002", "engineer_name": null, "enccode": null, "gisid": "28575", "sectorNumber": null, "estateCode": null, "sectorName": null, "estateName": null, "tttt": "28575", "h_creator_name": null, "h_creator_mob": null, "v_eng_name": null, "v_eng_mob": null, "isRetired": null, "harsac_status": null, "road_status": null, "Shape__Length": 149.2650165475811}}, {"type": "Feature", "id": 65616, "geometry": {"type": "LineString", "coordinates": [[75.57679032258349, 29.68164208309679], [75.57678334986026, 29.681938048656622], [75.57678182541922, 29.68199277658329], [75.57676412950643, 29.682612089629465]]}, "properties": {"OBJECTID": 65616, "rd_name": "No Name", "start_pt": " ", "end_pt": " ", "width": 0, "carrriage": 0, "r_temp_id": "ulb_rat_00047", "mla_cons": "PC SIRSA (SC)", "pwd_cir": "Municipal Committee Ratia", "pwd_div": "Ward 10", "dlp__from": " ", "dlp_to": " ", "source": " ", "ur_id": " ", "district": "04", "vs_con": "Ratia(SC)", "type": " ", "crust": " ", "date": " ", "gis_length": 0.12432354, "road_catog": "ODR", "status": "P", "remarks": " ", "created_user": "SDE", "created_date": 1747503722000, "last_edited_user": "mc_jind", "last_edited_date": 1770226965000, "lengthdoc": 0, "GlobalID": "{80C04557-B726-4161-93A1-829C6484FD72}", "temp_road_id": "126201", "ownership": "DULB", "department": "DULB_MC_Ratia", "circleCode": 9, "divCode": 10, "distCode": 4, "deptCode": 5, "enc_userid": "ULB_1002", "engineer_name": null, "enccode": null, "gisid": "28592", "sectorNumber": null, "estateCode": null, "sectorName": null, "estateName": null, "tttt": "28592", "h_creator_name": null, "h_creator_mob": null, "v_eng_name": null, "v_eng_mob": null, "isRetired": null, "harsac_status": null, "road_status": null, "Shape__Length": 124.32354267443256}}, {"type": "Feature", "id": 65621, "geometry": {"type": "LineString", "coordinates": [[75.57675315928017, 29.685004896433842], [75.57675635099439, 29.68500484102391], [75.57679002524112, 29.685004258049062], [75.57780032540687, 29.68498676490127]]}, "properties": {"OBJECTID": 65621, "rd_name": "No Name", "start_pt": " ", "end_pt": " ", "width": 0, "carrriage": 0, "r_temp_id": "ulb_rat_00114", "mla_cons": "PC SIRSA (SC)", "pwd_cir": "Municipal Committee Ratia", "pwd_div": "Ward 10", "dlp__from": " ", "dlp_to": " ", "source": " ", "ur_id": " ", "district": "04", "vs_con": "Ratia(SC)", "type": " ", "crust": " ", "date": " ", "gis_length": 0.11659315, "road_catog": "ODR", "status": "P", "remarks": " ", "created_user": "SDE", "created_date": 1747503722000, "last_edited_user": "mc_jind", "last_edited_date": 1770226965000, "lengthdoc": 0, "GlobalID": "{007299B5-EC15-4CC6-97F0-ED4240851FBA}", "temp_road_id": "126275", "ownership": "DULB", "department": "DULB_MC_Ratia", "circleCode": 9, "divCode": 10, "distCode": 4, "deptCode": 5, "enc_userid": "ULB_1002", "engineer_name": null, "enccode": null, "gisid": "28666", "sectorNumber": null, "estateCode": null, "sectorName": null, "estateName": null, "tttt": "28666", "h_creator_name": null, "h_creator_mob": null, "v_eng_name": null, "v_eng_mob": null, "isRetired": null, "harsac_status": null, "road_status": null, "Shape__Length": 116.59314998321608}}, {"type": "Feature", "id": 65625, "geometry": {"type": "LineString", "coordinates": [[75.57324805072086, 29.683723608765316], [75.57310424122366, 29.683764882650294], [75.57296011462115, 29.683867265006292], [75.57285163676238, 29.68400937501186], [75.57280952284356, 29.684062518320903]]}, "properties": {"OBJECTID": 65625, "rd_name": "No Name", "start_pt": " ", "end_pt": " ", "width": 0, "carrriage": 0, "r_temp_id": "ulb_rat_00117", "mla_cons": "PC SIRSA (SC)", "pwd_cir": "Municipal Committee Ratia", "pwd_div": "Ward 9", "dlp__from": " ", "dlp_to": " ", "source": " ", "ur_id": " ", "district": "04", "vs_con": "Ratia(SC)", "type": " ", "crust": " ", "date": " ", "gis_length": 0.06770114, "road_catog": "ODR", "status": "P", "remarks": " ", "created_user": "SDE", "created_date": 1747503722000, "last_edited_user": "mc_jind", "last_edited_date": 1770226965000, "lengthdoc": 0, "GlobalID": "{02D543EB-E57E-467A-AECA-F77B31DD13C3}", "temp_road_id": "126383", "ownership": "DULB", "department": "DULB_MC_Ratia", "circleCode": 9, "divCode": 9, "distCode": 4, "deptCode": 5, "enc_userid": "ULB_1002", "engineer_name": null, "enccode": null, "gisid": "28774", "sectorNumber": null, "estateCode": null, "sectorName": null, "estateName": null, "tttt": "28774", "h_creator_name": null, "h_creator_mob": null, "v_eng_name": null, "v_eng_mob": null, "isRetired": null, "harsac_status": null, "road_status": null, "Shape__Length": 67.70113671447376}}, {"type": "Feature", "id": 65630, "geometry": {"type": "LineString", "coordinates": [[75.5635656914833, 29.667824566662414], [75.56355355704045, 29.667530041836205]]}, "properties": {"OBJECTID": 65630, "rd_name": "No Name", "start_pt": " ", "end_pt": " ", "width": 0, "carrriage": 0, "r_temp_id": "ulb_rat_00280", "mla_cons": "PC SIRSA (SC)", "pwd_cir": "Municipal Committee Ratia", "pwd_div": "Ward 15", "dlp__from": " ", "dlp_to": " ", "source": " ", "ur_id": " ", "district": "04", "vs_con": "Ratia(SC)", "type": " ", "crust": " ", "date": " ", "gis_length": 0.03775687, "road_catog": "ODR", "status": "P", "remarks": " ", "created_user": "SDE", "created_date": 1747503722000, "last_edited_user": "mc_jind", "last_edited_date": 1770226965000, "lengthdoc": 0, "GlobalID": "{8ABD58A9-2155-4E77-A198-C09D72F5D108}", "temp_road_id": "126565", "ownership": "DULB", "department": "DULB_MC_Ratia", "circleCode": 9, "divCode": 15, "distCode": 4, "deptCode": 5, "enc_userid": "ULB_1002", "engineer_name": null, "enccode": null, "gisid": "28956", "sectorNumber": null, "estateCode": null, "sectorName": null, "estateName": null, "tttt": "28956", "h_creator_name": null, "h_creator_mob": null, "v_eng_name": null, "v_eng_mob": null, "isRetired": null, "harsac_status": null, "road_status": null, "Shape__Length": 37.75687102939013}}, {"type": "Feature", "id": 65631, "geometry": {"type": "LineString", "coordinates": [[75.57535732285574, 29.687485422827383], [75.57531902857349, 29.687452318942675], [75.57498237054773, 29.687174932324307], [75.57482467938445, 29.68704887115346]]}, "properties": {"OBJECTID": 65631, "rd_name": "No Name", "start_pt": " ", "end_pt": " ", "width": 0, "carrriage": 0, "r_temp_id": "ulb_rat_00208", "mla_cons": "PC SIRSA (SC)", "pwd_cir": "Municipal Committee Ratia", "pwd_div": "Ward 7", "dlp__from": " ", "dlp_to": " ", "source": " ", "ur_id": " ", "district": "04", "vs_con": "Ratia(SC)", "type": " ", "crust": " ", "date": " ", "gis_length": 0.08152057, "road_catog": "ODR", "status": "P", "remarks": " ", "created_user": "SDE", "created_date": 1747503722000, "last_edited_user": "mc_jind", "last_edited_date": 1770226965000, "lengthdoc": 0, "GlobalID": "{7ECBC74A-C207-4131-B834-1F9776604B95}", "temp_road_id": "126699", "ownership": "DULB", "department": "DULB_MC_Ratia", "circleCode": 9, "divCode": 7, "distCode": 4, "deptCode": 5, "enc_userid": "ULB_1002", "engineer_name": null, "enccode": null, "gisid": "29090", "sectorNumber": null, "estateCode": null, "sectorName": null, "estateName": null, "tttt": "29090", "h_creator_name": null, "h_creator_mob": null, "v_eng_name": null, "v_eng_mob": null, "isRetired": null, "harsac_status": null, "road_status": null, "Shape__Length": 81.52056628109625}}, {"type": "Feature", "id": 65639, "geometry": {"type": "LineString", "coordinates": [[75.57880621035302, 29.681029058422524], [75.57881049801188, 29.681029102908294], [75.57954561096845, 29.681036758364495], [75.5795485062386, 29.68103677787579]]}, "properties": {"OBJECTID": 65639, "rd_name": "No Name", "start_pt": " ", "end_pt": " ", "width": 0, "carrriage": 0, "r_temp_id": "ulb_rat_00060", "mla_cons": "PC SIRSA (SC)", "pwd_cir": "Municipal Committee Ratia", "pwd_div": "Ward 13", "dlp__from": " ", "dlp_to": " ", "source": " ", "ur_id": " ", "district": "04", "vs_con": "Ratia(SC)", "type": " ", "crust": " ", "date": " ", "gis_length": 0.08263792, "road_catog": "ODR", "status": "P", "remarks": " ", "created_user": "SDE", "created_date": 1747503722000, "last_edited_user": "mc_jind", "last_edited_date": 1770226965000, "lengthdoc": 0, "GlobalID": "{57DB37FE-E175-4029-8D7A-5EDC23C1D167}", "temp_road_id": "126840", "ownership": "DULB", "department": "DULB_MC_Ratia", "circleCode": 9, "divCode": 13, "distCode": 4, "deptCode": 5, "enc_userid": "ULB_1002", "engineer_name": null, "enccode": null, "gisid": "29231", "sectorNumber": null, "estateCode": null, "sectorName": null, "estateName": null, "tttt": "29231", "h_creator_name": null, "h_creator_mob": null, "v_eng_name": null, "v_eng_mob": null, "isRetired": null, "harsac_status": null, "road_status": null, "Shape__Length": 82.63792239306234}}, {"type": "Feature", "id": 65642, "geometry": {"type": "LineString", "coordinates": [[75.58059263695793, 29.68764525296492], [75.58059319840498, 29.687653035902983], [75.58059785886469, 29.68771757113138], [75.5807588136074, 29.688180126626293], [75.58095644656316, 29.68854727844207], [75.58117668202979, 29.68895641550786], [75.58118861704666, 29.68897430362277], [75.58116393673254, 29.68899502221066]]}, "properties": {"OBJECTID": 65642, "rd_name": "No Name", "start_pt": " ", "end_pt": " ", "width": 0, "carrriage": 0, "r_temp_id": "ulb_rat_00168", "mla_cons": "PC SIRSA (SC)", "pwd_cir": "Municipal Committee Ratia", "pwd_div": "Ward 4", "dlp__from": " ", "dlp_to": " ", "source": " ", "ur_id": " ", "district": "04", "vs_con": "Ratia(SC)", "type": " ", "crust": " ", "date": " ", "gis_length": 0.18748866, "road_catog": "ODR", "status": "P", "remarks": " ", "created_user": "SDE", "created_date": 1747503722000, "last_edited_user": "mc_jind", "last_edited_date": 1770226965000, "lengthdoc": 0, "GlobalID": "{A34B308F-0C9B-4126-96D1-31A2F92A4095}", "temp_road_id": "126938", "ownership": "DULB", "department": "DULB_MC_Ratia", "circleCode": 9, "divCode": 4, "distCode": 4, "deptCode": 5, "enc_userid": "ULB_1002", "engineer_name": null, "enccode": null, "gisid": "29329", "sectorNumber": null, "estateCode": null, "sectorName": null, "estateName": null, "tttt": "29329", "h_creator_name": null, "h_creator_mob": null, "v_eng_name": null, "v_eng_mob": null, "isRetired": null, "harsac_status": null, "road_status": null, "Shape__Length": 187.4886573642801}}, {"type": "Feature", "id": 65645, "geometry": {"type": "LineString", "coordinates": [[75.57577191422396, 29.686556245965644], [75.57588663447567, 29.68693669325569], [75.57597625489997, 29.687147308339853], [75.57601339574539, 29.68736830078317], [75.57599523001372, 29.687662971185873], [75.57598796623631, 29.68771499034734], [75.57597588748902, 29.68776515915361]]}, "properties": {"OBJECTID": 65645, "rd_name": "No Name", "start_pt": " ", "end_pt": " ", "width": 0, "carrriage": 0, "r_temp_id": "ulb_rat_00159", "mla_cons": "PC SIRSA (SC)", "pwd_cir": "Municipal Committee Ratia", "pwd_div": "Ward 7", "dlp__from": " ", "dlp_to": " ", "source": " ", "ur_id": " ", "district": "04", "vs_con": "Ratia(SC)", "type": " ", "crust": " ", "date": " ", "gis_length": 0.15888074, "road_catog": "ODR", "status": "P", "remarks": " ", "created_user": "SDE", "created_date": 1747503722000, "last_edited_user": "mc_jind", "last_edited_date": 1770226965000, "lengthdoc": 0, "GlobalID": "{119859FB-1FA3-442B-AC8B-2AD3355856A8}", "temp_road_id": "127039", "ownership": "DULB", "department": "DULB_MC_Ratia", "circleCode": 9, "divCode": 7, "distCode": 4, "deptCode": 5, "enc_userid": "ULB_1002", "engineer_name": null, "enccode": null, "gisid": "29430", "sectorNumber": null, "estateCode": null, "sectorName": null, "estateName": null, "tttt": "29430", "h_creator_name": null, "h_creator_mob": null, "v_eng_name": null, "v_eng_mob": null, "isRetired": null, "harsac_status": null, "road_status": null, "Shape__Length": 158.88073570200456}}, {"type": "Feature", "id": 65647, "geometry": {"type": "LineString", "coordinates": [[75.57724232519007, 29.6882854013146], [75.57728871958123, 29.688303404267092], [75.5774849772163, 29.68840488532617], [75.57810042559385, 29.68872367228486], [75.5781452335602, 29.68878088986964], [75.57815399662582, 29.688859542437203]]}, "properties": {"OBJECTID": 65647, "rd_name": "No Name", "start_pt": " ", "end_pt": " ", "width": 0, "carrriage": 0, "r_temp_id": "ulb_rat_00172", "mla_cons": "PC SIRSA (SC)", "pwd_cir": "Municipal Committee Ratia", "pwd_div": "Ward 6", "dlp__from": " ", "dlp_to": " ", "source": " ", "ur_id": " ", "district": "04", "vs_con": "Ratia(SC)", "type": " ", "crust": " ", "date": " ", "gis_length": 0.12983955, "road_catog": "ODR", "status": "P", "remarks": " ", "created_user": "SDE", "created_date": 1747503722000, "last_edited_user": "mc_jind", "last_edited_date": 1770226965000, "lengthdoc": 0, "GlobalID": "{4D6CC840-553E-4597-8A49-4C00004E5FAE}", "temp_road_id": "127079", "ownership": "DULB", "department": "DULB_MC_Ratia", "circleCode": 9, "divCode": 6, "distCode": 4, "deptCode": 5, "enc_userid": "ULB_1002", "engineer_name": null, "enccode": null, "gisid": "29470", "sectorNumber": null, "estateCode": null, "sectorName": null, "estateName": null, "tttt": "29470", "h_creator_name": null, "h_creator_mob": null, "v_eng_name": null, "v_eng_mob": null, "isRetired": null, "harsac_status": null, "road_status": null, "Shape__Length": 129.83954934310816}}, {"type": "Feature", "id": 65650, "geometry": {"type": "LineString", "coordinates": [[75.5681802885888, 29.679447378245825], [75.56817280023262, 29.679447304101714], [75.56779910197274, 29.67944359377307], [75.56777668990472, 29.67944337134062], [75.56777226839687, 29.679443326854138]]}, "properties": {"OBJECTID": 65650, "rd_name": "No Name", "start_pt": " ", "end_pt": " ", "width": 0, "carrriage": 0, "r_temp_id": "ulb_rat_00227", "mla_cons": "PC SIRSA (SC)", "pwd_cir": "Municipal Committee Ratia", "pwd_div": "Ward 16", "dlp__from": " ", "dlp_to": " ", "source": " ", "ur_id": " ", "district": "04", "vs_con": "Ratia(SC)", "type": " ", "crust": " ", "date": " ", "gis_length": 0.04542357, "road_catog": "ODR", "status": "P", "remarks": " ", "created_user": "SDE", "created_date": 1747503722000, "last_edited_user": "mc_jind", "last_edited_date": 1770226965000, "lengthdoc": 0, "GlobalID": "{C165A267-C19D-4C8C-BE98-2CA90DB4F6A1}", "temp_road_id": "127241", "ownership": "DULB", "department": "DULB_MC_Ratia", "circleCode": 9, "divCode": 16, "distCode": 4, "deptCode": 5, "enc_userid": "ULB_1002", "engineer_name": null, "enccode": null, "gisid": "29632", "sectorNumber": null, "estateCode": null, "sectorName": null, "estateName": null, "tttt": "29632", "h_creator_name": null, "h_creator_mob": null, "v_eng_name": null, "v_eng_mob": null, "isRetired": null, "harsac_status": null, "road_status": null, "Shape__Length": 45.4235662374746}}, {"type": "Feature", "id": 65654, "geometry": {"type": "LineString", "coordinates": [[75.56753612466488, 29.67943249712677], [75.56753042305776, 29.67939580201195], [75.56753568269376, 29.678573365734838]]}, "properties": {"OBJECTID": 65654, "rd_name": "No Name", "start_pt": " ", "end_pt": " ", "width": 0, "carrriage": 0, "r_temp_id": "ulb_rat_00220", "mla_cons": "PC SIRSA (SC)", "pwd_cir": "Municipal Committee Ratia", "pwd_div": "Ward 16", "dlp__from": " ", "dlp_to": " ", "source": " ", "ur_id": " ", "district": "04", "vs_con": "Ratia(SC)", "type": " ", "crust": " ", "date": " ", "gis_length": 0.11012327, "road_catog": "ODR", "status": "P", "remarks": " ", "created_user": "SDE", "created_date": 1747503722000, "last_edited_user": "mc_jind", "last_edited_date": 1770226965000, "lengthdoc": 0, "GlobalID": "{07147F24-1211-4E6A-A343-435B39822DB3}", "temp_road_id": "127335", "ownership": "DULB", "department": "DULB_MC_Ratia", "circleCode": 9, "divCode": 16, "distCode": 4, "deptCode": 5, "enc_userid": "ULB_1002", "engineer_name": null, "enccode": null, "gisid": "29726", "sectorNumber": null, "estateCode": null, "sectorName": null, "estateName": null, "tttt": "29726", "h_creator_name": null, "h_creator_mob": null, "v_eng_name": null, "v_eng_mob": null, "isRetired": null, "harsac_status": null, "road_status": null, "Shape__Length": 110.12327341674988}}, {"type": "Feature", "id": 65666, "geometry": {"type": "LineString", "coordinates": [[75.57885258947283, 29.676535046570724], [75.57885399892952, 29.67653500910734], [75.58022731818305, 29.676498664934794]]}, "properties": {"OBJECTID": 65666, "rd_name": "No Name", "start_pt": " ", "end_pt": " ", "width": 0, "carrriage": 0, "r_temp_id": "ulb_rat_00109", "mla_cons": "PC SIRSA (SC)", "pwd_cir": "Municipal Committee Ratia", "pwd_div": "Ward 12", "dlp__from": " ", "dlp_to": " ", "source": " ", "ur_id": " ", "district": "04", "vs_con": "Ratia(SC)", "type": " ", "crust": " ", "date": " ", "gis_length": 0.15310508, "road_catog": "ODR", "status": "P", "remarks": " ", "created_user": "SDE", "created_date": 1747503722000, "last_edited_user": "mc_jind", "last_edited_date": 1770226965000, "lengthdoc": 0, "GlobalID": "{85453E3B-4BDC-43EF-8C91-1524C9EA2139}", "temp_road_id": "127830", "ownership": "DULB", "department": "DULB_MC_Ratia", "circleCode": 9, "divCode": 12, "distCode": 4, "deptCode": 5, "enc_userid": "ULB_1002", "engineer_name": null, "enccode": null, "gisid": "30221", "sectorNumber": null, "estateCode": null, "sectorName": null, "estateName": null, "tttt": "30221", "h_creator_name": null, "h_creator_mob": null, "v_eng_name": null, "v_eng_mob": null, "isRetired": null, "harsac_status": null, "road_status": null, "Shape__Length": 153.10507637956965}}, {"type": "Feature", "id": 65673, "geometry": {"type": "LineString", "coordinates": [[75.57296110725954, 29.68886930513429], [75.57296624382634, 29.688936669279073], [75.57296520447554, 29.689287265518814]]}, "properties": {"OBJECTID": 65673, "rd_name": "No Name", "start_pt": " ", "end_pt": " ", "width": 0, "carrriage": 0, "r_temp_id": "ulb_rat_00214", "mla_cons": "PC SIRSA (SC)", "pwd_cir": "Municipal Committee Ratia", "pwd_div": "Ward 9", "dlp__from": " ", "dlp_to": " ", "source": " ", "ur_id": " ", "district": "04", "vs_con": "Ratia(SC)", "type": " ", "crust": " ", "date": " ", "gis_length": 0.05357697, "road_catog": "ODR", "status": "P", "remarks": " ", "created_user": "SDE", "created_date": 1747503722000, "last_edited_user": "mc_jind", "last_edited_date": 1770226965000, "lengthdoc": 0, "GlobalID": "{A9016024-F9E3-40B9-81C4-7BE18C8D2CD6}", "temp_road_id": "128016", "ownership": "DULB", "department": "DULB_MC_Ratia", "circleCode": 9, "divCode": 9, "distCode": 4, "deptCode": 5, "enc_userid": "ULB_1002", "engineer_name": null, "enccode": null, "gisid": "30407", "sectorNumber": null, "estateCode": null, "sectorName": null, "estateName": null, "tttt": "30407", "h_creator_name": null, "h_creator_mob": null, "v_eng_name": null, "v_eng_mob": null, "isRetired": null, "harsac_status": null, "road_status": null, "Shape__Length": 53.576966591962616}}, {"type": "Feature", "id": 65691, "geometry": {"type": "LineString", "coordinates": [[75.57589504001177, 29.683751392898674], [75.57596928756664, 29.684817449959354], [75.57595951209973, 29.68491363391126], [75.57594621254194, 29.684954326673797], [75.5758962518391, 29.685036831273372]]}, "properties": {"OBJECTID": 65691, "rd_name": "No Name", "start_pt": " ", "end_pt": " ", "width": 0, "carrriage": 0, "r_temp_id": "ulb_rat_00118", "mla_cons": "PC SIRSA (SC)", "pwd_cir": "Municipal Committee Ratia", "pwd_div": "Ward 10", "dlp__from": " ", "dlp_to": " ", "source": " ", "ur_id": " ", "district": "04", "vs_con": "Ratia(SC)", "type": " ", "crust": " ", "date": " ", "gis_length": 0.16658735, "road_catog": "ODR", "status": "P", "remarks": " ", "created_user": "SDE", "created_date": 1747503722000, "last_edited_user": "mc_jind", "last_edited_date": 1770226965000, "lengthdoc": 0, "GlobalID": "{C2FAB9AB-94B5-4760-9F54-F7B1EE5B83D7}", "temp_road_id": "128482", "ownership": "DULB", "department": "DULB_MC_Ratia", "circleCode": 9, "divCode": 10, "distCode": 4, "deptCode": 5, "enc_userid": "ULB_1002", "engineer_name": null, "enccode": null, "gisid": "30873", "sectorNumber": null, "estateCode": null, "sectorName": null, "estateName": null, "tttt": "30873", "h_creator_name": null, "h_creator_mob": null, "v_eng_name": null, "v_eng_mob": null, "isRetired": null, "harsac_status": null, "road_status": null, "Shape__Length": 166.58735471976757}}, {"type": "Feature", "id": 65694, "geometry": {"type": "LineString", "coordinates": [[75.5695085905685, 29.691513707811502], [75.56947913481035, 29.69160126148414], [75.56951826632245, 29.69246823264775]]}, "properties": {"OBJECTID": 65694, "rd_name": "No Name", "start_pt": " ", "end_pt": " ", "width": 0, "carrriage": 0, "r_temp_id": "ulb_rat_00247", "mla_cons": "PC SIRSA (SC)", "pwd_cir": "Municipal Committee Ratia", "pwd_div": "Ward 1", "dlp__from": " ", "dlp_to": " ", "source": " ", "ur_id": " ", "district": "04", "vs_con": "Ratia(SC)", "type": " ", "crust": " ", "date": " ", "gis_length": 0.12287211, "road_catog": "ODR", "status": "P", "remarks": " ", "created_user": "SDE", "created_date": 1747503722000, "last_edited_user": "mc_jind", "last_edited_date": 1770226965000, "lengthdoc": 0, "GlobalID": "{6C06839B-F466-47AE-AF5A-E36004E08CA7}", "temp_road_id": "128588", "ownership": "DULB", "department": "DULB_MC_Ratia", "circleCode": 9, "divCode": 1, "distCode": 4, "deptCode": 5, "enc_userid": "ULB_1002", "engineer_name": null, "enccode": null, "gisid": "30979", "sectorNumber": null, "estateCode": null, "sectorName": null, "estateName": null, "tttt": "30979", "h_creator_name": null, "h_creator_mob": null, "v_eng_name": null, "v_eng_mob": null, "isRetired": null, "harsac_status": null, "road_status": null, "Shape__Length": 122.87210932950308}}, {"type": "Feature", "id": 65699, "geometry": {"type": "LineString", "coordinates": [[75.5781084915668, 29.683933272214734], [75.57812395157283, 29.683933130956948], [75.57934571425812, 29.683921981737022], [75.57934873708906, 29.68392195364153]]}, "properties": {"OBJECTID": 65699, "rd_name": "No Name", "start_pt": " ", "end_pt": " ", "width": 0, "carrriage": 0, "r_temp_id": "ulb_rat_00087", "mla_cons": "PC SIRSA (SC)", "pwd_cir": "Municipal Committee Ratia", "pwd_div": "Ward 11", "dlp__from": " ", "dlp_to": " ", "source": " ", "ur_id": " ", "district": "04", "vs_con": "Ratia(SC)", "type": " ", "crust": " ", "date": " ", "gis_length": 0.13807112, "road_catog": "ODR", "status": "P", "remarks": " ", "created_user": "SDE", "created_date": 1747503722000, "last_edited_user": "mc_jind", "last_edited_date": 1770226965000, "lengthdoc": 0, "GlobalID": "{37D45FB1-34A0-46D8-B110-0555E2329FF9}", "temp_road_id": "128729", "ownership": "DULB", "department": "DULB_MC_Ratia", "circleCode": 9, "divCode": 11, "distCode": 4, "deptCode": 5, "enc_userid": "ULB_1002", "engineer_name": null, "enccode": null, "gisid": "31120", "sectorNumber": null, "estateCode": null, "sectorName": null, "estateName": null, "tttt": "31120", "h_creator_name": null, "h_creator_mob": null, "v_eng_name": null, "v_eng_mob": null, "isRetired": null, "harsac_status": null, "road_status": null, "Shape__Length": 138.07111719736835}}, {"type": "Feature", "id": 65703, "geometry": {"type": "LineString", "coordinates": [[75.57693844489236, 29.68934995173975], [75.57695986791528, 29.68940488009217], [75.57710682600754, 29.68986792804683]]}, "properties": {"OBJECTID": 65703, "rd_name": "No Name", "start_pt": " ", "end_pt": " ", "width": 0, "carrriage": 0, "r_temp_id": "ulb_rat_00192", "mla_cons": "PC SIRSA (SC)", "pwd_cir": "Municipal Committee Ratia", "pwd_div": "Ward 3", "dlp__from": " ", "dlp_to": " ", "source": " ", "ur_id": " ", "district": "04", "vs_con": "Ratia(SC)", "type": " ", "crust": " ", "date": " ", "gis_length": 0.06898132, "road_catog": "ODR", "status": "P", "remarks": " ", "created_user": "SDE", "created_date": 1747503722000, "last_edited_user": "mc_jind", "last_edited_date": 1770226965000, "lengthdoc": 0, "GlobalID": "{B728CCD6-D18D-440A-858A-076F2904F3BA}", "temp_road_id": "128837", "ownership": "DULB", "department": "DULB_MC_Ratia", "circleCode": 9, "divCode": 3, "distCode": 4, "deptCode": 5, "enc_userid": "ULB_1002", "engineer_name": null, "enccode": null, "gisid": "31228", "sectorNumber": null, "estateCode": null, "sectorName": null, "estateName": null, "tttt": "31228", "h_creator_name": null, "h_creator_mob": null, "v_eng_name": null, "v_eng_mob": null, "isRetired": null, "harsac_status": null, "road_status": null, "Shape__Length": 68.98131855148226}}, {"type": "Feature", "id": 65704, "geometry": {"type": "LineString", "coordinates": [[75.57587627869707, 29.685598486336335], [75.57571890643571, 29.685588415056845], [75.57552759312797, 29.68560971263157]]}, "properties": {"OBJECTID": 65704, "rd_name": "No Name", "start_pt": " ", "end_pt": " ", "width": 0, "carrriage": 0, "r_temp_id": "ulb_rat_00150", "mla_cons": "PC SIRSA (SC)", "pwd_cir": "Municipal Committee Ratia", "pwd_div": "Ward 7", "dlp__from": " ", "dlp_to": " ", "source": " ", "ur_id": " ", "district": "04", "vs_con": "Ratia(SC)", "type": " ", "crust": " ", "date": " ", "gis_length": 0.0390371, "road_catog": "ODR", "status": "P", "remarks": " ", "created_user": "SDE", "created_date": 1747503722000, "last_edited_user": "mc_jind", "last_edited_date": 1770226965000, "lengthdoc": 0, "GlobalID": "{94352444-1466-4D6A-A6D3-3ECA28929CD4}", "temp_road_id": "128874", "ownership": "DULB", "department": "DULB_MC_Ratia", "circleCode": 9, "divCode": 7, "distCode": 4, "deptCode": 5, "enc_userid": "ULB_1002", "engineer_name": null, "enccode": null, "gisid": "31265", "sectorNumber": null, "estateCode": null, "sectorName": null, "estateName": null, "tttt": "31265", "h_creator_name": null, "h_creator_mob": null, "v_eng_name": null, "v_eng_mob": null, "isRetired": null, "harsac_status": null, "road_status": null, "Shape__Length": 39.037103836439066}}, {"type": "Feature", "id": 65712, "geometry": {"type": "LineString", "coordinates": [[75.57331723537078, 29.68753306558767], [75.5729126449466, 29.68679627306927], [75.57277215562266, 29.686357846976552], [75.57276744395901, 29.686343144033774], [75.57276028438618, 29.68632079852222]]}, "properties": {"OBJECTID": 65712, "rd_name": "No Name", "start_pt": " ", "end_pt": " ", "width": 0, "carrriage": 0, "r_temp_id": "ulb_rat_00250", "mla_cons": "PC SIRSA (SC)", "pwd_cir": "Municipal Committee Ratia", "pwd_div": "Ward 9", "dlp__from": " ", "dlp_to": " ", "source": " ", "ur_id": " ", "district": "04", "vs_con": "Ratia(SC)", "type": " ", "crust": " ", "date": " ", "gis_length": 0.16784724, "road_catog": "ODR", "status": "P", "remarks": " ", "created_user": "SDE", "created_date": 1747503722000, "last_edited_user": "mc_jind", "last_edited_date": 1770226965000, "lengthdoc": 0, "GlobalID": "{CD9DBC4A-10C7-406A-AB5B-B38AB32DBC60}", "temp_road_id": "129064", "ownership": "DULB", "department": "DULB_MC_Ratia", "circleCode": 9, "divCode": 9, "distCode": 4, "deptCode": 5, "enc_userid": "ULB_1002", "engineer_name": null, "enccode": null, "gisid": "31455", "sectorNumber": null, "estateCode": null, "sectorName": null, "estateName": null, "tttt": "31455", "h_creator_name": null, "h_creator_mob": null, "v_eng_name": null, "v_eng_mob": null, "isRetired": null, "harsac_status": null, "road_status": null, "Shape__Length": 167.84724259783945}}, {"type": "Feature", "id": 65717, "geometry": {"type": "LineString", "coordinates": [[75.5628561903938, 29.6685652987164], [75.56286337691608, 29.668190421390868], [75.56286281636737, 29.668162743795698], [75.56285972256953, 29.66800995449717], [75.56221592605654, 29.668015000774414]]}, "properties": {"OBJECTID": 65717, "rd_name": "No Name", "start_pt": " ", "end_pt": " ", "width": 0, "carrriage": 0, "r_temp_id": "ulb_rat_00268", "mla_cons": "PC SIRSA (SC)", "pwd_cir": "Municipal Committee Ratia", "pwd_div": "Ward 15", "dlp__from": " ", "dlp_to": " ", "source": " ", "ur_id": " ", "district": "04", "vs_con": "Ratia(SC)", "type": " ", "crust": " ", "date": " ", "gis_length": 0.14282796, "road_catog": "ODR", "status": "P", "remarks": " ", "created_user": "SDE", "created_date": 1747503722000, "last_edited_user": "mc_jind", "last_edited_date": 1770226965000, "lengthdoc": 0, "GlobalID": "{6261F73E-871C-46C7-9EDA-9F35BAC5A414}", "temp_road_id": "129153", "ownership": "DULB", "department": "DULB_MC_Ratia", "circleCode": 9, "divCode": 15, "distCode": 4, "deptCode": 5, "enc_userid": "ULB_1002", "engineer_name": null, "enccode": null, "gisid": "31544", "sectorNumber": null, "estateCode": null, "sectorName": null, "estateName": null, "tttt": "31544", "h_creator_name": null, "h_creator_mob": null, "v_eng_name": null, "v_eng_mob": null, "isRetired": null, "harsac_status": null, "road_status": null, "Shape__Length": 142.82795686962652}}, {"type": "Feature", "id": 65736, "geometry": {"type": "LineString", "coordinates": [[75.56939520880661, 29.679422789706553], [75.56939559777713, 29.679434825252887], [75.56941360540532, 29.67999184212329], [75.56943171184817, 29.68055187080903]]}, "properties": {"OBJECTID": 65736, "rd_name": "No Name", "start_pt": " ", "end_pt": " ", "width": 0, "carrriage": 0, "r_temp_id": "ulb_rat_00225", "mla_cons": "PC SIRSA (SC)", "pwd_cir": "Municipal Committee Ratia", "pwd_div": "Ward 16", "dlp__from": " ", "dlp_to": " ", "source": " ", "ur_id": " ", "district": "04", "vs_con": "Ratia(SC)", "type": " ", "crust": " ", "date": " ", "gis_length": 0.14472566, "road_catog": "ODR", "status": "P", "remarks": " ", "created_user": "SDE", "created_date": 1747503722000, "last_edited_user": "mc_jind", "last_edited_date": 1770226965000, "lengthdoc": 0, "GlobalID": "{29CEB34E-A9FA-43CB-B82F-0A8A51C482F6}", "temp_road_id": "129927", "ownership": "DULB", "department": "DULB_MC_Ratia", "circleCode": 9, "divCode": 16, "distCode": 4, "deptCode": 5, "enc_userid": "ULB_1002", "engineer_name": null, "enccode": null, "gisid": "32318", "sectorNumber": null, "estateCode": null, "sectorName": null, "estateName": null, "tttt": "32318", "h_creator_name": null, "h_creator_mob": null, "v_eng_name": null, "v_eng_mob": null, "isRetired": null, "harsac_status": null, "road_status": null, "Shape__Length": 144.7256572217032}}, {"type": "Feature", "id": 65740, "geometry": {"type": "LineString", "coordinates": [[75.58460768317144, 29.683894448949303], [75.5846340747762, 29.683865218718157], [75.58463538272325, 29.683719687097565]]}, "properties": {"OBJECTID": 65740, "rd_name": "No Name", "start_pt": " ", "end_pt": " ", "width": 0, "carrriage": 0, "r_temp_id": "ulb_rat_00139", "mla_cons": "PC SIRSA (SC)", "pwd_cir": "Municipal Committee Ratia", "pwd_div": "Ward 12", "dlp__from": " ", "dlp_to": " ", "source": " ", "ur_id": " ", "district": "04", "vs_con": "Ratia(SC)", "type": " ", "crust": " ", "date": " ", "gis_length": 0.02340834, "road_catog": "ODR", "status": "P", "remarks": " ", "created_user": "SDE", "created_date": 1747503722000, "last_edited_user": "mc_jind", "last_edited_date": 1770226965000, "lengthdoc": 0, "GlobalID": "{1ABDDC56-1737-4B7C-8C06-DFB5FAA156CA}", "temp_road_id": "130058", "ownership": "DULB", "department": "DULB_MC_Ratia", "circleCode": 9, "divCode": 12, "distCode": 4, "deptCode": 5, "enc_userid": "ULB_1002", "engineer_name": null, "enccode": null, "gisid": "32449", "sectorNumber": null, "estateCode": null, "sectorName": null, "estateName": null, "tttt": "32449", "h_creator_name": null, "h_creator_mob": null, "v_eng_name": null, "v_eng_mob": null, "isRetired": null, "harsac_status": null, "road_status": null, "Shape__Length": 23.408344624012447}}, {"type": "Feature", "id": 65759, "geometry": {"type": "LineString", "coordinates": [[75.56426409119254, 29.668175296634733], [75.56354737663132, 29.66817033154293], [75.56286281636737, 29.668162743795698], [75.56285061814411, 29.668162608760145]]}, "properties": {"OBJECTID": 65759, "rd_name": "No Name", "start_pt": " ", "end_pt": " ", "width": 0, "carrriage": 0, "r_temp_id": "ulb_rat_00278", "mla_cons": "PC SIRSA (SC)", "pwd_cir": "Municipal Committee Ratia", "pwd_div": "Ward 15", "dlp__from": " ", "dlp_to": " ", "source": " ", "ur_id": " ", "district": "04", "vs_con": "Ratia(SC)", "type": " ", "crust": " ", "date": " ", "gis_length": 0.15735595, "road_catog": "ODR", "status": "P", "remarks": " ", "created_user": "SDE", "created_date": 1747503722000, "last_edited_user": "mc_jind", "last_edited_date": 1770226965000, "lengthdoc": 0, "GlobalID": "{D13F8247-AFCD-4E33-92E9-8B7F5417F5DF}", "temp_road_id": "130783", "ownership": "DULB", "department": "DULB_MC_Ratia", "circleCode": 9, "divCode": 15, "distCode": 4, "deptCode": 5, "enc_userid": "ULB_1002", "engineer_name": null, "enccode": null, "gisid": "33174", "sectorNumber": null, "estateCode": null, "sectorName": null, "estateName": null, "tttt": "33174", "h_creator_name": null, "h_creator_mob": null, "v_eng_name": null, "v_eng_mob": null, "isRetired": null, "harsac_status": null, "road_status": null, "Shape__Length": 157.355945885336}}, {"type": "Feature", "id": 65761, "geometry": {"type": "LineString", "coordinates": [[75.57606307617387, 29.680478693667364], [75.57570284815166, 29.680487633016426], [75.57565674391637, 29.680488777165642], [75.57513710894867, 29.68048569124068], [75.57513191039811, 29.680485660022416], [75.57513152502086, 29.680461040518818]]}, "properties": {"OBJECTID": 65761, "rd_name": "No Name", "start_pt": " ", "end_pt": " ", "width": 0, "carrriage": 0, "r_temp_id": "ulb_rat_00034", "mla_cons": "PC SIRSA (SC)", "pwd_cir": "Municipal Committee Ratia", "pwd_div": "Ward 10", "dlp__from": " ", "dlp_to": " ", "source": " ", "ur_id": " ", "district": "04", "vs_con": "Ratia(SC)", "type": " ", "crust": " ", "date": " ", "gis_length": 0.10683151, "road_catog": "ODR", "status": "P", "remarks": " ", "created_user": "SDE", "created_date": 1747503722000, "last_edited_user": "mc_jind", "last_edited_date": 1770226965000, "lengthdoc": 0, "GlobalID": "{02A260AC-864C-40FE-A25F-CA803BF7919F}", "temp_road_id": "130903", "ownership": "DULB", "department": "DULB_MC_Ratia", "circleCode": 9, "divCode": 10, "distCode": 4, "deptCode": 5, "enc_userid": "ULB_1002", "engineer_name": null, "enccode": null, "gisid": "33294", "sectorNumber": null, "estateCode": null, "sectorName": null, "estateName": null, "tttt": "33294", "h_creator_name": null, "h_creator_mob": null, "v_eng_name": null, "v_eng_mob": null, "isRetired": null, "harsac_status": null, "road_status": null, "Shape__Length": 106.83150507346198}}, {"type": "Feature", "id": 65767, "geometry": {"type": "LineString", "coordinates": [[75.57818156592188, 29.689656554667096], [75.57822373823122, 29.68965667718762], [75.57860011436894, 29.689674486358992], [75.57875859155811, 29.68968244004423], [75.57892835068894, 29.689715201385805], [75.57911261132338, 29.689730947990032], [75.57914654967482, 29.68972853426], [75.57929137067502, 29.689690295400343], [75.5793424623568, 29.689676300754435], [75.57935634581955, 29.689669020541142]]}, "properties": {"OBJECTID": 65767, "rd_name": "No Name", "start_pt": " ", "end_pt": " ", "width": 0, "carrriage": 0, "r_temp_id": "ulb_rat_00190", "mla_cons": "PC SIRSA (SC)", "pwd_cir": "Municipal Committee Ratia", "pwd_div": "Ward 3", "dlp__from": " ", "dlp_to": " ", "source": " ", "ur_id": " ", "district": "04", "vs_con": "Ratia(SC)", "type": " ", "crust": " ", "date": " ", "gis_length": 0.13270376, "road_catog": "ODR", "status": "P", "remarks": " ", "created_user": "SDE", "created_date": 1747503722000, "last_edited_user": "mc_jind", "last_edited_date": 1770226965000, "lengthdoc": 0, "GlobalID": "{7FA0E84B-5480-41B4-AD65-07F955456D2A}", "temp_road_id": "131028", "ownership": "DULB", "department": "DULB_MC_Ratia", "circleCode": 9, "divCode": 3, "distCode": 4, "deptCode": 5, "enc_userid": "ULB_1002", "engineer_name": null, "enccode": null, "gisid": "33419", "sectorNumber": null, "estateCode": null, "sectorName": null, "estateName": null, "tttt": "33419", "h_creator_name": null, "h_creator_mob": null, "v_eng_name": null, "v_eng_mob": null, "isRetired": null, "harsac_status": null, "road_status": null, "Shape__Length": 132.70375814159456}}, {"type": "Feature", "id": 65771, "geometry": {"type": "LineString", "coordinates": [[75.56896737806771, 29.679991906121074], [75.56896726577831, 29.680005607881892], [75.56895861140887, 29.681062518747996], [75.56895860961221, 29.681062805954323]]}, "properties": {"OBJECTID": 65771, "rd_name": "No Name", "start_pt": " ", "end_pt": " ", "width": 0, "carrriage": 0, "r_temp_id": "ulb_rat_00226", "mla_cons": "PC SIRSA (SC)", "pwd_cir": "Municipal Committee Ratia", "pwd_div": "Ward 16", "dlp__from": " ", "dlp_to": " ", "source": " ", "ur_id": " ", "district": "04", "vs_con": "Ratia(SC)", "type": " ", "crust": " ", "date": " ", "gis_length": 0.13721807, "road_catog": "ODR", "status": "P", "remarks": " ", "created_user": "SDE", "created_date": 1747503722000, "last_edited_user": "mc_jind", "last_edited_date": 1770226965000, "lengthdoc": 0, "GlobalID": "{248923FF-9F7B-4292-AF12-69C7991FCB9F}", "temp_road_id": "131178", "ownership": "DULB", "department": "DULB_MC_Ratia", "circleCode": 9, "divCode": 16, "distCode": 4, "deptCode": 5, "enc_userid": "ULB_1002", "engineer_name": null, "enccode": null, "gisid": "33569", "sectorNumber": null, "estateCode": null, "sectorName": null, "estateName": null, "tttt": "33569", "h_creator_name": null, "h_creator_mob": null, "v_eng_name": null, "v_eng_mob": null, "isRetired": null, "harsac_status": null, "road_status": null, "Shape__Length": 137.21807183682037}}, {"type": "Feature", "id": 65776, "geometry": {"type": "LineString", "coordinates": [[75.57513802882353, 29.680519316423272], [75.57513710894867, 29.68048569124068], [75.57512497720076, 29.680042436232767]]}, "properties": {"OBJECTID": 65776, "rd_name": "No Name", "start_pt": " ", "end_pt": " ", "width": 0, "carrriage": 0, "r_temp_id": "ulb_rat_00035", "mla_cons": "PC SIRSA (SC)", "pwd_cir": "Municipal Committee Ratia", "pwd_div": "Ward 10", "dlp__from": " ", "dlp_to": " ", "source": " ", "ur_id": " ", "district": "04", "vs_con": "Ratia(SC)", "type": " ", "crust": " ", "date": " ", "gis_length": 0.06111987, "road_catog": "ODR", "status": "P", "remarks": " ", "created_user": "SDE", "created_date": 1747503722000, "last_edited_user": "mc_jind", "last_edited_date": 1770226965000, "lengthdoc": 0, "GlobalID": "{D18E31D2-4DE3-4615-9C2F-28C6A885C5D3}", "temp_road_id": "131473", "ownership": "DULB", "department": "DULB_MC_Ratia", "circleCode": 9, "divCode": 10, "distCode": 4, "deptCode": 5, "enc_userid": "ULB_1002", "engineer_name": null, "enccode": null, "gisid": "33863", "sectorNumber": null, "estateCode": null, "sectorName": null, "estateName": null, "tttt": "33863", "h_creator_name": null, "h_creator_mob": null, "v_eng_name": null, "v_eng_mob": null, "isRetired": null, "harsac_status": null, "road_status": null, "Shape__Length": 61.119871115712414}}, {"type": "Feature", "id": 65782, "geometry": {"type": "LineString", "coordinates": [[75.57647578736821, 29.679529991947508], [75.57647936086641, 29.679530060628327], [75.57650932596935, 29.6795306342693], [75.5767791969487, 29.679535800159943], [75.57681525622253, 29.679536414384998]]}, "properties": {"OBJECTID": 65782, "rd_name": "No Name", "start_pt": " ", "end_pt": " ", "width": 0, "carrriage": 0, "r_temp_id": "ulb_rat_00026", "mla_cons": "PC SIRSA (SC)", "pwd_cir": "Municipal Committee Ratia", "pwd_div": "Ward 10", "dlp__from": " ", "dlp_to": " ", "source": " ", "ur_id": " ", "district": "04", "vs_con": "Ratia(SC)", "type": " ", "crust": " ", "date": " ", "gis_length": 0.03779847, "road_catog": "ODR", "status": "P", "remarks": " ", "created_user": "SDE", "created_date": 1747503722000, "last_edited_user": "mc_jind", "last_edited_date": 1770226965000, "lengthdoc": 0, "GlobalID": "{D3745E16-D44D-4AEE-B4E3-57D361F95002}", "temp_road_id": "131574", "ownership": "DULB", "department": "DULB_MC_Ratia", "circleCode": 9, "divCode": 10, "distCode": 4, "deptCode": 5, "enc_userid": "ULB_1002", "engineer_name": null, "enccode": null, "gisid": "33964", "sectorNumber": null, "estateCode": null, "sectorName": null, "estateName": null, "tttt": "33964", "h_creator_name": null, "h_creator_mob": null, "v_eng_name": null, "v_eng_mob": null, "isRetired": null, "harsac_status": null, "road_status": null, "Shape__Length": 37.798469196795224}}, {"type": "Feature", "id": 65788, "geometry": {"type": "LineString", "coordinates": [[75.568529501469, 29.679439993489797], [75.56852958591062, 29.67945024177027], [75.56853396609594, 29.679982819220868], [75.56853404155444, 29.679991966216484]]}, "properties": {"OBJECTID": 65788, "rd_name": "No Name", "start_pt": " ", "end_pt": " ", "width": 0, "carrriage": 0, "r_temp_id": "ulb_rat_00222", "mla_cons": "PC SIRSA (SC)", "pwd_cir": "Municipal Committee Ratia", "pwd_div": "Ward 16", "dlp__from": " ", "dlp_to": " ", "source": " ", "ur_id": " ", "district": "04", "vs_con": "Ratia(SC)", "type": " ", "crust": " ", "date": " ", "gis_length": 0.07072561, "road_catog": "ODR", "status": "P", "remarks": " ", "created_user": "SDE", "created_date": 1747503722000, "last_edited_user": "mc_jind", "last_edited_date": 1770226965000, "lengthdoc": 0, "GlobalID": "{D4BDA2FE-B62D-4CFA-998B-69F11F054DA9}", "temp_road_id": "131852", "ownership": "DULB", "department": "DULB_MC_Ratia", "circleCode": 9, "divCode": 16, "distCode": 4, "deptCode": 5, "enc_userid": "ULB_1002", "engineer_name": null, "enccode": null, "gisid": "34242", "sectorNumber": null, "estateCode": null, "sectorName": null, "estateName": null, "tttt": "34242", "h_creator_name": null, "h_creator_mob": null, "v_eng_name": null, "v_eng_mob": null, "isRetired": null, "harsac_status": null, "road_status": null, "Shape__Length": 70.72560579912565}}, {"type": "Feature", "id": 65791, "geometry": {"type": "LineString", "coordinates": [[75.56360620101104, 29.670116089389616], [75.563648839546, 29.670115077033145], [75.56364155870064, 29.669041352885376], [75.56364283341003, 29.668994387461268]]}, "properties": {"OBJECTID": 65791, "rd_name": "No Name", "start_pt": " ", "end_pt": " ", "width": 0, "carrriage": 0, "r_temp_id": "ulb_rat_00275", "mla_cons": "PC SIRSA (SC)", "pwd_cir": "Municipal Committee Ratia", "pwd_div": "Ward 15", "dlp__from": " ", "dlp_to": " ", "source": " ", "ur_id": " ", "district": "04", "vs_con": "Ratia(SC)", "type": " ", "crust": " ", "date": " ", "gis_length": 0.14833083, "road_catog": "ODR", "status": "P", "remarks": " ", "created_user": "SDE", "created_date": 1747503722000, "last_edited_user": "mc_jind", "last_edited_date": 1770226965000, "lengthdoc": 0, "GlobalID": "{4DAD043C-2B18-466B-8BA0-CFD74893E9F5}", "temp_road_id": "132071", "ownership": "DULB", "department": "DULB_MC_Ratia", "circleCode": 9, "divCode": 15, "distCode": 4, "deptCode": 5, "enc_userid": "ULB_1002", "engineer_name": null, "enccode": null, "gisid": "34461", "sectorNumber": null, "estateCode": null, "sectorName": null, "estateName": null, "tttt": "34461", "h_creator_name": null, "h_creator_mob": null, "v_eng_name": null, "v_eng_mob": null, "isRetired": null, "harsac_status": null, "road_status": null, "Shape__Length": 148.33083239135385}}, {"type": "Feature", "id": 65797, "geometry": {"type": "LineString", "coordinates": [[75.57859812999048, 29.683209323467757], [75.57859560752117, 29.68318341144944], [75.57858406237314, 29.682808126601135], [75.5785828900717, 29.682699558184876], [75.57858414861144, 29.682696935908695]]}, "properties": {"OBJECTID": 65797, "rd_name": "No Name", "start_pt": " ", "end_pt": " ", "width": 0, "carrriage": 0, "r_temp_id": "ulb_rat_00077", "mla_cons": "PC SIRSA (SC)", "pwd_cir": "Municipal Committee Ratia", "pwd_div": "Ward 11", "dlp__from": " ", "dlp_to": " ", "source": " ", "ur_id": " ", "district": "04", "vs_con": "Ratia(SC)", "type": " ", "crust": " ", "date": " ", "gis_length": 0.06571158, "road_catog": "ODR", "status": "P", "remarks": " ", "created_user": "SDE", "created_date": 1747503722000, "last_edited_user": "mc_jind", "last_edited_date": 1770226965000, "lengthdoc": 0, "GlobalID": "{B86FF9B0-E979-48B4-A0C6-978CB6F33F33}", "temp_road_id": "132218", "ownership": "DULB", "department": "DULB_MC_Ratia", "circleCode": 9, "divCode": 11, "distCode": 4, "deptCode": 5, "enc_userid": "ULB_1002", "engineer_name": null, "enccode": null, "gisid": "34608", "sectorNumber": null, "estateCode": null, "sectorName": null, "estateName": null, "tttt": "34608", "h_creator_name": null, "h_creator_mob": null, "v_eng_name": null, "v_eng_mob": null, "isRetired": null, "harsac_status": null, "road_status": null, "Shape__Length": 65.71157508708775}}, {"type": "Feature", "id": 65814, "geometry": {"type": "LineString", "coordinates": [[75.57813074373469, 29.681424702469513], [75.57878749305577, 29.68141388076003]]}, "properties": {"OBJECTID": 65814, "rd_name": "No Name", "start_pt": " ", "end_pt": " ", "width": 0, "carrriage": 0, "r_temp_id": "ulb_rat_00054", "mla_cons": "PC SIRSA (SC)", "pwd_cir": "Municipal Committee Ratia", "pwd_div": "Ward 13", "dlp__from": " ", "dlp_to": " ", "source": " ", "ur_id": " ", "district": "04", "vs_con": "Ratia(SC)", "type": " ", "crust": " ", "date": " ", "gis_length": 0.07312215, "road_catog": "ODR", "status": "P", "remarks": " ", "created_user": "SDE", "created_date": 1747503722000, "last_edited_user": "mc_jind", "last_edited_date": 1770226965000, "lengthdoc": 0, "GlobalID": "{79E6EBA5-0A54-49A7-B192-CD2551746D1C}", "temp_road_id": "132682", "ownership": "DULB", "department": "DULB_MC_Ratia", "circleCode": 9, "divCode": 13, "distCode": 4, "deptCode": 5, "enc_userid": "ULB_1002", "engineer_name": null, "enccode": null, "gisid": "35072", "sectorNumber": null, "estateCode": null, "sectorName": null, "estateName": null, "tttt": "35072", "h_creator_name": null, "h_creator_mob": null, "v_eng_name": null, "v_eng_mob": null, "isRetired": null, "harsac_status": null, "road_status": null, "Shape__Length": 73.12214808496807}}, {"type": "Feature", "id": 65824, "geometry": {"type": "LineString", "coordinates": [[75.57648057359206, 29.68132170731374], [75.57571501134063, 29.681323381379027], [75.57567814268472, 29.681323462545816], [75.575677664781, 29.681323463326272]]}, "properties": {"OBJECTID": 65824, "rd_name": "No Name", "start_pt": " ", "end_pt": " ", "width": 0, "carrriage": 0, "r_temp_id": "ulb_rat_00039", "mla_cons": "PC SIRSA (SC)", "pwd_cir": "Municipal Committee Ratia", "pwd_div": "Ward 10", "dlp__from": " ", "dlp_to": " ", "source": " ", "ur_id": " ", "district": "04", "vs_con": "Ratia(SC)", "type": " ", "crust": " ", "date": " ", "gis_length": 0.08937968, "road_catog": "ODR", "status": "P", "remarks": " ", "created_user": "SDE", "created_date": 1747503722000, "last_edited_user": "mc_jind", "last_edited_date": 1770226965000, "lengthdoc": 0, "GlobalID": "{79B9B130-AD2A-46D5-8892-6AC91B5F6AE1}", "temp_road_id": "132901", "ownership": "DULB", "department": "DULB_MC_Ratia", "circleCode": 9, "divCode": 10, "distCode": 4, "deptCode": 5, "enc_userid": "ULB_1002", "engineer_name": null, "enccode": null, "gisid": "35291", "sectorNumber": null, "estateCode": null, "sectorName": null, "estateName": null, "tttt": "35291", "h_creator_name": null, "h_creator_mob": null, "v_eng_name": null, "v_eng_mob": null, "isRetired": null, "harsac_status": null, "road_status": null, "Shape__Length": 89.37968321378247}}, {"type": "Feature", "id": 65830, "geometry": {"type": "LineString", "coordinates": [[75.57910309906285, 29.681614603535458], [75.57911431542747, 29.682662714418203]]}, "properties": {"OBJECTID": 65830, "rd_name": "No Name", "start_pt": " ", "end_pt": " ", "width": 0, "carrriage": 0, "r_temp_id": "ulb_rat_00056", "mla_cons": "PC SIRSA (SC)", "pwd_cir": "Municipal Committee Ratia", "pwd_div": "Ward 11", "dlp__from": " ", "dlp_to": " ", "source": " ", "ur_id": " ", "district": "04", "vs_con": "Ratia(SC)", "type": " ", "crust": " ", "date": " ", "gis_length": 0.1343026, "road_catog": "ODR", "status": "P", "remarks": " ", "created_user": "SDE", "created_date": 1747503722000, "last_edited_user": "mc_jind", "last_edited_date": 1770226965000, "lengthdoc": 0, "GlobalID": "{6A19617A-63E0-4F41-9C23-4DDD09C43C2B}", "temp_road_id": "133179", "ownership": "DULB", "department": "DULB_MC_Ratia", "circleCode": 9, "divCode": 11, "distCode": 4, "deptCode": 5, "enc_userid": "ULB_1002", "engineer_name": null, "enccode": null, "gisid": "35569", "sectorNumber": null, "estateCode": null, "sectorName": null, "estateName": null, "tttt": "35569", "h_creator_name": null, "h_creator_mob": null, "v_eng_name": null, "v_eng_mob": null, "isRetired": null, "harsac_status": null, "road_status": null, "Shape__Length": 134.30260418994115}}, {"type": "Feature", "id": 65841, "geometry": {"type": "LineString", "coordinates": [[75.58367690546791, 29.679889741468926], [75.5836971993085, 29.67990774592526], [75.58369658486083, 29.680274778891444], [75.58368944954255, 29.68096685713613], [75.58368834730969, 29.680996716474386]]}, "properties": {"OBJECTID": 65841, "rd_name": "No Name", "start_pt": " ", "end_pt": " ", "width": 0, "carrriage": 0, "r_temp_id": "ulb_rat_00124", "mla_cons": "PC SIRSA (SC)", "pwd_cir": "Municipal Committee Ratia", "pwd_div": "Ward 12", "dlp__from": " ", "dlp_to": " ", "source": " ", "ur_id": " ", "district": "04", "vs_con": "Ratia(SC)", "type": " ", "crust": " ", "date": " ", "gis_length": 0.1427643, "road_catog": "ODR", "status": "P", "remarks": " ", "created_user": "SDE", "created_date": 1747503722000, "last_edited_user": "mc_jind", "last_edited_date": 1770226965000, "lengthdoc": 0, "GlobalID": "{326C793B-6EB6-4D7C-9B8C-8F4EB091ACB6}", "temp_road_id": "133565", "ownership": "DULB", "department": "DULB_MC_Ratia", "circleCode": 9, "divCode": 12, "distCode": 4, "deptCode": 5, "enc_userid": "ULB_1002", "engineer_name": null, "enccode": null, "gisid": "35955", "sectorNumber": null, "estateCode": null, "sectorName": null, "estateName": null, "tttt": "35955", "h_creator_name": null, "h_creator_mob": null, "v_eng_name": null, "v_eng_mob": null, "isRetired": null, "harsac_status": null, "road_status": null, "Shape__Length": 142.76430058619235}}, {"type": "Feature", "id": 65844, "geometry": {"type": "LineString", "coordinates": [[75.56779725234153, 29.679426228434224], [75.56779910197274, 29.67944359377307], [75.5677978497212, 29.67945472866087], [75.56777802839449, 29.68107567014427]]}, "properties": {"OBJECTID": 65844, "rd_name": "No Name", "start_pt": " ", "end_pt": " ", "width": 0, "carrriage": 0, "r_temp_id": "ulb_rat_00229", "mla_cons": "PC SIRSA (SC)", "pwd_cir": "Municipal Committee Ratia", "pwd_div": "Ward 17", "dlp__from": " ", "dlp_to": " ", "source": " ", "ur_id": " ", "district": "04", "vs_con": "Ratia(SC)", "type": " ", "crust": " ", "date": " ", "gis_length": 0.21137072, "road_catog": "ODR", "status": "P", "remarks": " ", "created_user": "SDE", "created_date": 1747503722000, "last_edited_user": "mc_jind", "last_edited_date": 1770226965000, "lengthdoc": 0, "GlobalID": "{37270FD2-6807-42DA-81E7-3603DE5F676C}", "temp_road_id": "133673", "ownership": "DULB", "department": "DULB_MC_Ratia", "circleCode": 9, "divCode": 17, "distCode": 4, "deptCode": 5, "enc_userid": "ULB_1002", "engineer_name": null, "enccode": null, "gisid": "36063", "sectorNumber": null, "estateCode": null, "sectorName": null, "estateName": null, "tttt": "36063", "h_creator_name": null, "h_creator_mob": null, "v_eng_name": null, "v_eng_mob": null, "isRetired": null, "harsac_status": null, "road_status": null, "Shape__Length": 211.37072123339414}}, {"type": "Feature", "id": 65845, "geometry": {"type": "LineString", "coordinates": [[75.57565986376532, 29.679530900407535], [75.57647578736821, 29.679529991947508], [75.57647936086641, 29.679530060628327]]}, "properties": {"OBJECTID": 65845, "rd_name": "No Name", "start_pt": " ", "end_pt": " ", "width": 0, "carrriage": 0, "r_temp_id": "ulb_rat_00024", "mla_cons": "PC SIRSA (SC)", "pwd_cir": "Municipal Committee Ratia", "pwd_div": "Ward 10", "dlp__from": " ", "dlp_to": " ", "source": " ", "ur_id": " ", "district": "04", "vs_con": "Ratia(SC)", "type": " ", "crust": " ", "date": " ", "gis_length": 0.09122617, "road_catog": "ODR", "status": "P", "remarks": " ", "created_user": "SDE", "created_date": 1747503722000, "last_edited_user": "mc_jind", "last_edited_date": 1770226965000, "lengthdoc": 0, "GlobalID": "{E6D71E91-7FD2-4202-A3D6-19D5F8FAF5F6}", "temp_road_id": "133674", "ownership": "DULB", "department": "DULB_MC_Ratia", "circleCode": 9, "divCode": 10, "distCode": 4, "deptCode": 5, "enc_userid": "ULB_1002", "engineer_name": null, "enccode": null, "gisid": "36064", "sectorNumber": null, "estateCode": null, "sectorName": null, "estateName": null, "tttt": "36064", "h_creator_name": null, "h_creator_mob": null, "v_eng_name": null, "v_eng_mob": null, "isRetired": null, "harsac_status": null, "road_status": null, "Shape__Length": 91.22617190905477}}, {"type": "Feature", "id": 65851, "geometry": {"type": "LineString", "coordinates": [[75.58370133425375, 29.68207219383519], [75.58375823084891, 29.68207172322734], [75.58495172445055, 29.68206438783211], [75.58570162098172, 29.682055268340605]]}, "properties": {"OBJECTID": 65851, "rd_name": "No Name", "start_pt": " ", "end_pt": " ", "width": 0, "carrriage": 0, "r_temp_id": "ulb_rat_00128", "mla_cons": "PC SIRSA (SC)", "pwd_cir": "Municipal Committee Ratia", "pwd_div": "Ward 12", "dlp__from": " ", "dlp_to": " ", "source": " ", "ur_id": " ", "district": "04", "vs_con": "Ratia(SC)", "type": " ", "crust": " ", "date": " ", "gis_length": 0.22268269, "road_catog": "ODR", "status": "P", "remarks": " ", "created_user": "SDE", "created_date": 1747503722000, "last_edited_user": "mc_jind", "last_edited_date": 1770226965000, "lengthdoc": 0, "GlobalID": "{4CDF63F6-5D1A-4FF1-9A8D-C1DEAD825018}", "temp_road_id": "133918", "ownership": "DULB", "department": "DULB_MC_Ratia", "circleCode": 9, "divCode": 12, "distCode": 4, "deptCode": 5, "enc_userid": "ULB_1002", "engineer_name": null, "enccode": null, "gisid": "36308", "sectorNumber": null, "estateCode": null, "sectorName": null, "estateName": null, "tttt": "36308", "h_creator_name": null, "h_creator_mob": null, "v_eng_name": null, "v_eng_mob": null, "isRetired": null, "harsac_status": null, "road_status": null, "Shape__Length": 222.68268936076444}}, {"type": "Feature", "id": 65853, "geometry": {"type": "LineString", "coordinates": [[75.56221592605654, 29.668015000774414], [75.56222015352829, 29.66877508978407], [75.56222302184898, 29.66881441297423]]}, "properties": {"OBJECTID": 65853, "rd_name": "No Name", "start_pt": " ", "end_pt": " ", "width": 0, "carrriage": 0, "r_temp_id": "ulb_rat_00273", "mla_cons": "PC SIRSA (SC)", "pwd_cir": "Municipal Committee Ratia", "pwd_div": "Ward 15", "dlp__from": " ", "dlp_to": " ", "source": " ", "ur_id": " ", "district": "04", "vs_con": "Ratia(SC)", "type": " ", "crust": " ", "date": " ", "gis_length": 0.10242775, "road_catog": "ODR", "status": "P", "remarks": " ", "created_user": "SDE", "created_date": 1747503722000, "last_edited_user": "mc_jind", "last_edited_date": 1770226965000, "lengthdoc": 0, "GlobalID": "{3F67058E-1524-44F5-BFFF-8B55579F5684}", "temp_road_id": "133959", "ownership": "DULB", "department": "DULB_MC_Ratia", "circleCode": 9, "divCode": 15, "distCode": 4, "deptCode": 5, "enc_userid": "ULB_1002", "engineer_name": null, "enccode": null, "gisid": "36349", "sectorNumber": null, "estateCode": null, "sectorName": null, "estateName": null, "tttt": "36349", "h_creator_name": null, "h_creator_mob": null, "v_eng_name": null, "v_eng_mob": null, "isRetired": null, "harsac_status": null, "road_status": null, "Shape__Length": 102.42774553316467}}, {"type": "Feature", "id": 65856, "geometry": {"type": "LineString", "coordinates": [[75.57969218637838, 29.68808497280344], [75.58002045413942, 29.68848515048287]]}, "properties": {"OBJECTID": 65856, "rd_name": "No Name", "start_pt": " ", "end_pt": " ", "width": 0, "carrriage": 0, "r_temp_id": "ulb_rat_00167", "mla_cons": "PC SIRSA (SC)", "pwd_cir": "Municipal Committee Ratia", "pwd_div": "Ward 6", "dlp__from": " ", "dlp_to": " ", "source": " ", "ur_id": " ", "district": "04", "vs_con": "Ratia(SC)", "type": " ", "crust": " ", "date": " ", "gis_length": 0.06296727, "road_catog": "ODR", "status": "P", "remarks": " ", "created_user": "SDE", "created_date": 1747503722000, "last_edited_user": "mc_jind", "last_edited_date": 1770226965000, "lengthdoc": 0, "GlobalID": "{A8AE288E-1BE3-4BC9-BFDC-7713DED71ECA}", "temp_road_id": "134037", "ownership": "DULB", "department": "DULB_MC_Ratia", "circleCode": 9, "divCode": 6, "distCode": 4, "deptCode": 5, "enc_userid": "ULB_1002", "engineer_name": null, "enccode": null, "gisid": "36427", "sectorNumber": null, "estateCode": null, "sectorName": null, "estateName": null, "tttt": "36427", "h_creator_name": null, "h_creator_mob": null, "v_eng_name": null, "v_eng_mob": null, "isRetired": null, "harsac_status": null, "road_status": null, "Shape__Length": 62.96726883230683}}, {"type": "Feature", "id": 65857, "geometry": {"type": "LineString", "coordinates": [[75.58366431827415, 29.68099649482583], [75.58366821067428, 29.680996529946214], [75.58367259355455, 29.680996569749254], [75.58368187225314, 29.68099665637951], [75.58368834730969, 29.680996716474386], [75.58369609797397, 29.680996789056476], [75.5837124922279, 29.68099694202515], [75.58506464896998, 29.680980511936934], [75.58508015748504, 29.680982036160962], [75.58507936696759, 29.681009686814328]]}, "properties": {"OBJECTID": 65857, "rd_name": "No Name", "start_pt": " ", "end_pt": " ", "width": 0, "carrriage": 0, "r_temp_id": "ulb_rat_00125", "mla_cons": "PC SIRSA (SC)", "pwd_cir": "Municipal Committee Ratia", "pwd_div": "Ward 12", "dlp__from": " ", "dlp_to": " ", "source": " ", "ur_id": " ", "district": "04", "vs_con": "Ratia(SC)", "type": " ", "crust": " ", "date": " ", "gis_length": 0.16118053, "road_catog": "ODR", "status": "P", "remarks": " ", "created_user": "SDE", "created_date": 1747503722000, "last_edited_user": "mc_jind", "last_edited_date": 1770226965000, "lengthdoc": 0, "GlobalID": "{0663D732-D5D2-415F-813F-0CE61210BC75}", "temp_road_id": "134038", "ownership": "DULB", "department": "DULB_MC_Ratia", "circleCode": 9, "divCode": 12, "distCode": 4, "deptCode": 5, "enc_userid": "ULB_1002", "engineer_name": null, "enccode": null, "gisid": "36428", "sectorNumber": null, "estateCode": null, "sectorName": null, "estateName": null, "tttt": "36428", "h_creator_name": null, "h_creator_mob": null, "v_eng_name": null, "v_eng_mob": null, "isRetired": null, "harsac_status": null, "road_status": null, "Shape__Length": 161.1805314691227}}, {"type": "Feature", "id": 65860, "geometry": {"type": "LineString", "coordinates": [[75.57192028323875, 29.690772462774508], [75.57192087882179, 29.69077494671334], [75.57234060855343, 29.69252652266032], [75.57234209616357, 29.692532729667548], [75.57235554214672, 29.69258884321165]]}, "properties": {"OBJECTID": 65860, "rd_name": "No Name", "start_pt": " ", "end_pt": " ", "width": 0, "carrriage": 0, "r_temp_id": "ulb_rat_00248", "mla_cons": "PC SIRSA (SC)", "pwd_cir": "Municipal Committee Ratia", "pwd_div": "Ward 1", "dlp__from": " ", "dlp_to": " ", "source": " ", "ur_id": " ", "district": "04", "vs_con": "Ratia(SC)", "type": " ", "crust": " ", "date": " ", "gis_length": 0.23774866, "road_catog": "ODR", "status": "P", "remarks": " ", "created_user": "SDE", "created_date": 1747503722000, "last_edited_user": "mc_jind", "last_edited_date": 1770226965000, "lengthdoc": 0, "GlobalID": "{EF755158-6053-4E7F-AD15-82456F4605E9}", "temp_road_id": "134194", "ownership": "DULB", "department": "DULB_MC_Ratia", "circleCode": 9, "divCode": 1, "distCode": 4, "deptCode": 5, "enc_userid": "ULB_1002", "engineer_name": null, "enccode": null, "gisid": "36584", "sectorNumber": null, "estateCode": null, "sectorName": null, "estateName": null, "tttt": "36584", "h_creator_name": null, "h_creator_mob": null, "v_eng_name": null, "v_eng_mob": null, "isRetired": null, "harsac_status": null, "road_status": null, "Shape__Length": 237.74866121659844}}, {"type": "Feature", "id": 65862, "geometry": {"type": "LineString", "coordinates": [[75.58047150183684, 29.68319584846983], [75.5800305808476, 29.68320951701568]]}, "properties": {"OBJECTID": 65862, "rd_name": "No Name", "start_pt": " ", "end_pt": " ", "width": 0, "carrriage": 0, "r_temp_id": "ulb_rat_00071", "mla_cons": "PC SIRSA (SC)", "pwd_cir": "Municipal Committee Ratia", "pwd_div": "Ward 11", "dlp__from": " ", "dlp_to": " ", "source": " ", "ur_id": " ", "district": "04", "vs_con": "Ratia(SC)", "type": " ", "crust": " ", "date": " ", "gis_length": 0.04911434, "road_catog": "ODR", "status": "P", "remarks": " ", "created_user": "SDE", "created_date": 1747503722000, "last_edited_user": "mc_jind", "last_edited_date": 1770226965000, "lengthdoc": 0, "GlobalID": "{F2C62DAD-54A0-4305-B193-2C479417780F}", "temp_road_id": "134226", "ownership": "DULB", "department": "DULB_MC_Ratia", "circleCode": 9, "divCode": 11, "distCode": 4, "deptCode": 5, "enc_userid": "ULB_1002", "engineer_name": null, "enccode": null, "gisid": "36616", "sectorNumber": null, "estateCode": null, "sectorName": null, "estateName": null, "tttt": "36616", "h_creator_name": null, "h_creator_mob": null, "v_eng_name": null, "v_eng_mob": null, "isRetired": null, "harsac_status": null, "road_status": null, "Shape__Length": 49.114337087758805}}, {"type": "Feature", "id": 65863, "geometry": {"type": "LineString", "coordinates": [[75.57744849573427, 29.677782095005934], [75.57675013644923, 29.677816767712812]]}, "properties": {"OBJECTID": 65863, "rd_name": "No Name", "start_pt": " ", "end_pt": " ", "width": 0, "carrriage": 0, "r_temp_id": "ulb_rat_00005", "mla_cons": "PC SIRSA (SC)", "pwd_cir": "Municipal Committee Ratia", "pwd_div": "Ward 10", "dlp__from": " ", "dlp_to": " ", "source": " ", "ur_id": " ", "district": "04", "vs_con": "Ratia(SC)", "type": " ", "crust": " ", "date": " ", "gis_length": 0.07786783, "road_catog": "ODR", "status": "P", "remarks": " ", "created_user": "SDE", "created_date": 1747503722000, "last_edited_user": "mc_jind", "last_edited_date": 1770226965000, "lengthdoc": 0, "GlobalID": "{936D1A1F-36B0-40E2-83D3-1420D03C9D00}", "temp_road_id": "134382", "ownership": "DULB", "department": "DULB_MC_Ratia", "circleCode": 9, "divCode": 10, "distCode": 4, "deptCode": 5, "enc_userid": "ULB_1002", "engineer_name": null, "enccode": null, "gisid": "36772", "sectorNumber": null, "estateCode": null, "sectorName": null, "estateName": null, "tttt": "36772", "h_creator_name": null, "h_creator_mob": null, "v_eng_name": null, "v_eng_mob": null, "isRetired": null, "harsac_status": null, "road_status": null, "Shape__Length": 77.86782960407976}}, {"type": "Feature", "id": 65867, "geometry": {"type": "LineString", "coordinates": [[75.57816836428047, 29.684518179192132], [75.5793512236258, 29.684537913021845]]}, "properties": {"OBJECTID": 65867, "rd_name": "No Name", "start_pt": " ", "end_pt": " ", "width": 0, "carrriage": 0, "r_temp_id": "ulb_rat_00093", "mla_cons": "PC SIRSA (SC)", "pwd_cir": "Municipal Committee Ratia", "pwd_div": "Ward 11", "dlp__from": " ", "dlp_to": " ", "source": " ", "ur_id": " ", "district": "04", "vs_con": "Ratia(SC)", "type": " ", "crust": " ", "date": " ", "gis_length": 0.13169958, "road_catog": "ODR", "status": "P", "remarks": " ", "created_user": "SDE", "created_date": 1747503722000, "last_edited_user": "mc_jind", "last_edited_date": 1770226965000, "lengthdoc": 0, "GlobalID": "{5ED16005-DEBE-4823-968C-5F13F385C2FE}", "temp_road_id": "134526", "ownership": "DULB", "department": "DULB_MC_Ratia", "circleCode": 9, "divCode": 11, "distCode": 4, "deptCode": 5, "enc_userid": "ULB_1002", "engineer_name": null, "enccode": null, "gisid": "36916", "sectorNumber": null, "estateCode": null, "sectorName": null, "estateName": null, "tttt": "36916", "h_creator_name": null, "h_creator_mob": null, "v_eng_name": null, "v_eng_mob": null, "isRetired": null, "harsac_status": null, "road_status": null, "Shape__Length": 131.69957649153622}}, {"type": "Feature", "id": 65928, "geometry": {"type": "LineString", "coordinates": [[75.58369514575975, 29.682421459954607], [75.58535049199506, 29.682419874877983], [75.58537798583265, 29.682418610562753]]}, "properties": {"OBJECTID": 65928, "rd_name": "No Name", "start_pt": " ", "end_pt": " ", "width": 0, "carrriage": 0, "r_temp_id": "ulb_rat_00132", "mla_cons": "PC SIRSA (SC)", "pwd_cir": "Municipal Committee Ratia", "pwd_div": "Ward 12", "dlp__from": " ", "dlp_to": " ", "source": " ", "ur_id": " ", "district": "04", "vs_con": "Ratia(SC)", "type": " ", "crust": " ", "date": " ", "gis_length": 0.1873373, "road_catog": "ODR", "status": "P", "remarks": " ", "created_user": "SDE", "created_date": 1747503722000, "last_edited_user": "mc_jind", "last_edited_date": 1770226965000, "lengthdoc": 0, "GlobalID": "{D0E8C9BE-DFFE-45DA-9E28-F1613A4161A5}", "temp_road_id": "136663", "ownership": "DULB", "department": "DULB_MC_Ratia", "circleCode": 9, "divCode": 12, "distCode": 4, "deptCode": 5, "enc_userid": "ULB_1002", "engineer_name": null, "enccode": null, "gisid": "39053", "sectorNumber": null, "estateCode": null, "sectorName": null, "estateName": null, "tttt": "39053", "h_creator_name": null, "h_creator_mob": null, "v_eng_name": null, "v_eng_mob": null, "isRetired": null, "harsac_status": null, "road_status": null, "Shape__Length": 187.33729632152193}}, {"type": "Feature", "id": 65931, "geometry": {"type": "LineString", "coordinates": [[75.58035204207373, 29.690769388090516], [75.58034316941365, 29.690750248570716], [75.58005244763824, 29.690142461180823], [75.57999169457557, 29.690149006240468]]}, "properties": {"OBJECTID": 65931, "rd_name": "No Name", "start_pt": " ", "end_pt": " ", "width": 0, "carrriage": 0, "r_temp_id": "ulb_rat_00183", "mla_cons": "PC SIRSA (SC)", "pwd_cir": "Municipal Committee Ratia", "pwd_div": "Ward 4", "dlp__from": " ", "dlp_to": " ", "source": " ", "ur_id": " ", "district": "04", "vs_con": "Ratia(SC)", "type": " ", "crust": " ", "date": " ", "gis_length": 0.09379872, "road_catog": "ODR", "status": "P", "remarks": " ", "created_user": "SDE", "created_date": 1747503722000, "last_edited_user": "mc_jind", "last_edited_date": 1770226965000, "lengthdoc": 0, "GlobalID": "{40382A80-0EA4-4BD0-B70B-71F61B869745}", "temp_road_id": "136696", "ownership": "DULB", "department": "DULB_MC_Ratia", "circleCode": 9, "divCode": 4, "distCode": 4, "deptCode": 5, "enc_userid": "ULB_1002", "engineer_name": null, "enccode": null, "gisid": "39086", "sectorNumber": null, "estateCode": null, "sectorName": null, "estateName": null, "tttt": "39086", "h_creator_name": null, "h_creator_mob": null, "v_eng_name": null, "v_eng_mob": null, "isRetired": null, "harsac_status": null, "road_status": null, "Shape__Length": 93.79871926732677}}, {"type": "Feature", "id": 65938, "geometry": {"type": "LineString", "coordinates": [[75.5635261701024, 29.670746434265325], [75.56309670981958, 29.670734411728517], [75.5628722352031, 29.670728128444093], [75.56285475488599, 29.670727638269856], [75.5625378382369, 29.670718765959307], [75.56251091842279, 29.670718011965107], [75.56187155060415, 29.670700108893485]]}, "properties": {"OBJECTID": 65938, "rd_name": "No Name", "start_pt": " ", "end_pt": " ", "width": 0, "carrriage": 0, "r_temp_id": "ulb_rat_00284", "mla_cons": "PC SIRSA (SC)", "pwd_cir": "Municipal Committee Ratia", "pwd_div": "Ward 15", "dlp__from": " ", "dlp_to": " ", "source": " ", "ur_id": " ", "district": "04", "vs_con": "Ratia(SC)", "type": " ", "crust": " ", "date": " ", "gis_length": 0.184287, "road_catog": "ODR", "status": "P", "remarks": " ", "created_user": "SDE", "created_date": 1747503722000, "last_edited_user": "mc_jind", "last_edited_date": 1770226965000, "lengthdoc": 0, "GlobalID": "{BC905F4B-3DF9-4438-934C-6EF59C57DE28}", "temp_road_id": "136829", "ownership": "DULB", "department": "DULB_MC_Ratia", "circleCode": 9, "divCode": 15, "distCode": 4, "deptCode": 5, "enc_userid": "ULB_1002", "engineer_name": null, "enccode": null, "gisid": "39219", "sectorNumber": null, "estateCode": null, "sectorName": null, "estateName": null, "tttt": "39219", "h_creator_name": null, "h_creator_mob": null, "v_eng_name": null, "v_eng_mob": null, "isRetired": null, "harsac_status": null, "road_status": null, "Shape__Length": 184.28699695746894}}, {"type": "Feature", "id": 65941, "geometry": {"type": "LineString", "coordinates": [[75.57111858086513, 29.687571345849022], [75.57111525979353, 29.687602373046833], [75.5711000764686, 29.687603354791584], [75.56933389519523, 29.68755855038529], [75.56922391176003, 29.687555691774204]]}, "properties": {"OBJECTID": 65941, "rd_name": "No Name", "start_pt": " ", "end_pt": " ", "width": 0, "carrriage": 0, "r_temp_id": "ulb_rat_00255", "mla_cons": "PC SIRSA (SC)", "pwd_cir": "Municipal Committee Ratia", "pwd_div": "Ward 9", "dlp__from": " ", "dlp_to": " ", "source": " ", "ur_id": " ", "district": "04", "vs_con": "Ratia(SC)", "type": " ", "crust": " ", "date": " ", "gis_length": 0.21463081, "road_catog": "ODR", "status": "P", "remarks": " ", "created_user": "SDE", "created_date": 1747503722000, "last_edited_user": "mc_jind", "last_edited_date": 1770226965000, "lengthdoc": 0, "GlobalID": "{E20DC9CF-13F6-4061-A5B1-6FE718EC5B3C}", "temp_road_id": "136928", "ownership": "DULB", "department": "DULB_MC_Ratia", "circleCode": 9, "divCode": 9, "distCode": 4, "deptCode": 5, "enc_userid": "ULB_1002", "engineer_name": null, "enccode": null, "gisid": "39318", "sectorNumber": null, "estateCode": null, "sectorName": null, "estateName": null, "tttt": "39318", "h_creator_name": null, "h_creator_mob": null, "v_eng_name": null, "v_eng_mob": null, "isRetired": null, "harsac_status": null, "road_status": null, "Shape__Length": 214.6308114418034}}, {"type": "Feature", "id": 65944, "geometry": {"type": "LineString", "coordinates": [[75.57678022821464, 29.684674226650838], [75.57816172123894, 29.684639987103306], [75.57816836428047, 29.684518179192132]]}, "properties": {"OBJECTID": 65944, "rd_name": "No Name", "start_pt": " ", "end_pt": " ", "width": 0, "carrriage": 0, "r_temp_id": "ulb_rat_00092", "mla_cons": "PC SIRSA (SC)", "pwd_cir": "Municipal Committee Ratia", "pwd_div": "Ward 10", "dlp__from": " ", "dlp_to": " ", "source": " ", "ur_id": " ", "district": "04", "vs_con": "Ratia(SC)", "type": " ", "crust": " ", "date": " ", "gis_length": 0.16947508, "road_catog": "ODR", "status": "P", "remarks": " ", "created_user": "SDE", "created_date": 1747503722000, "last_edited_user": "mc_jind", "last_edited_date": 1770226965000, "lengthdoc": 0, "GlobalID": "{74FDF4E3-EDC0-4DF1-A4AA-CA39F2763FDF}", "temp_road_id": "137036", "ownership": "DULB", "department": "DULB_MC_Ratia", "circleCode": 9, "divCode": 10, "distCode": 4, "deptCode": 5, "enc_userid": "ULB_1002", "engineer_name": null, "enccode": null, "gisid": "39426", "sectorNumber": null, "estateCode": null, "sectorName": null, "estateName": null, "tttt": "39426", "h_creator_name": null, "h_creator_mob": null, "v_eng_name": null, "v_eng_mob": null, "isRetired": null, "harsac_status": null, "road_status": null, "Shape__Length": 169.47507747772326}}, {"type": "Feature", "id": 65948, "geometry": {"type": "LineString", "coordinates": [[75.5719256228248, 29.680195148715264], [75.57193326119965, 29.680449869841446], [75.57193422599026, 29.68048200436405], [75.57193426641446, 29.680483373284783]]}, "properties": {"OBJECTID": 65948, "rd_name": "No Name", "start_pt": " ", "end_pt": " ", "width": 0, "carrriage": 0, "r_temp_id": "ulb_rat_00098", "mla_cons": "PC SIRSA (SC)", "pwd_cir": "Municipal Committee Ratia", "pwd_div": "Ward 10", "dlp__from": " ", "dlp_to": " ", "source": " ", "ur_id": " ", "district": "04", "vs_con": "Ratia(SC)", "type": " ", "crust": " ", "date": " ", "gis_length": 0.03694273, "road_catog": "ODR", "status": "P", "remarks": " ", "created_user": "SDE", "created_date": 1747503722000, "last_edited_user": "mc_jind", "last_edited_date": 1770226965000, "lengthdoc": 0, "GlobalID": "{092F3E16-FAEC-46A3-AEF0-ECCCB661805A}", "temp_road_id": "137156", "ownership": "DULB", "department": "DULB_MC_Ratia", "circleCode": 9, "divCode": 10, "distCode": 4, "deptCode": 5, "enc_userid": "ULB_1002", "engineer_name": null, "enccode": null, "gisid": "39546", "sectorNumber": null, "estateCode": null, "sectorName": null, "estateName": null, "tttt": "39546", "h_creator_name": null, "h_creator_mob": null, "v_eng_name": null, "v_eng_mob": null, "isRetired": null, "harsac_status": null, "road_status": null, "Shape__Length": 36.94273273661279}}, {"type": "Feature", "id": 65950, "geometry": {"type": "LineString", "coordinates": [[75.57296921186001, 29.689588171040608], [75.57297650258687, 29.689630673185235], [75.57304087945339, 29.689835987718922], [75.57305507283489, 29.689875609362915]]}, "properties": {"OBJECTID": 65950, "rd_name": "No Name", "start_pt": " ", "end_pt": " ", "width": 0, "carrriage": 0, "r_temp_id": "ulb_rat_00216", "mla_cons": "PC SIRSA (SC)", "pwd_cir": "Municipal Committee Ratia", "pwd_div": "Ward 2", "dlp__from": " ", "dlp_to": " ", "source": " ", "ur_id": " ", "district": "04", "vs_con": "Ratia(SC)", "type": " ", "crust": " ", "date": " ", "gis_length": 0.03809177, "road_catog": "ODR", "status": "P", "remarks": " ", "created_user": "SDE", "created_date": 1747503722000, "last_edited_user": "mc_jind", "last_edited_date": 1770226965000, "lengthdoc": 0, "GlobalID": "{E0276EBD-FE3B-477B-B6A3-CFBC6A59CA81}", "temp_road_id": "137202", "ownership": "DULB", "department": "DULB_MC_Ratia", "circleCode": 9, "divCode": 2, "distCode": 4, "deptCode": 5, "enc_userid": "ULB_1002", "engineer_name": null, "enccode": null, "gisid": "39592", "sectorNumber": null, "estateCode": null, "sectorName": null, "estateName": null, "tttt": "39592", "h_creator_name": null, "h_creator_mob": null, "v_eng_name": null, "v_eng_mob": null, "isRetired": null, "harsac_status": null, "road_status": null, "Shape__Length": 38.09176690531135}}, {"type": "Feature", "id": 65952, "geometry": {"type": "LineString", "coordinates": [[75.56427121123946, 29.667820865271533], [75.56427071626777, 29.667811618818778], [75.5642529341167, 29.667479282977745]]}, "properties": {"OBJECTID": 65952, "rd_name": "No Name", "start_pt": " ", "end_pt": " ", "width": 0, "carrriage": 0, "r_temp_id": "ulb_rat_00279", "mla_cons": "PC SIRSA (SC)", "pwd_cir": "Municipal Committee Ratia", "pwd_div": "Ward 15", "dlp__from": " ", "dlp_to": " ", "source": " ", "ur_id": " ", "district": "04", "vs_con": "Ratia(SC)", "type": " ", "crust": " ", "date": " ", "gis_length": 0.04380867, "road_catog": "ODR", "status": "P", "remarks": " ", "created_user": "SDE", "created_date": 1747503722000, "last_edited_user": "mc_jind", "last_edited_date": 1770226965000, "lengthdoc": 0, "GlobalID": "{6B6385B2-6A89-4B73-A3DA-0A6EECC82370}", "temp_road_id": "137249", "ownership": "DULB", "department": "DULB_MC_Ratia", "circleCode": 9, "divCode": 15, "distCode": 4, "deptCode": 5, "enc_userid": "ULB_1002", "engineer_name": null, "enccode": null, "gisid": "39639", "sectorNumber": null, "estateCode": null, "sectorName": null, "estateName": null, "tttt": "39639", "h_creator_name": null, "h_creator_mob": null, "v_eng_name": null, "v_eng_mob": null, "isRetired": null, "harsac_status": null, "road_status": null, "Shape__Length": 43.80867182582098}}, {"type": "Feature", "id": 65954, "geometry": {"type": "LineString", "coordinates": [[75.58430096329916, 29.68371552895901], [75.58430978745021, 29.683753984710535], [75.58432413444359, 29.684003663050742], [75.58432881466624, 29.684083545410193]]}, "properties": {"OBJECTID": 65954, "rd_name": "No Name", "start_pt": " ", "end_pt": " ", "width": 0, "carrriage": 0, "r_temp_id": "ulb_rat_00143", "mla_cons": "PC SIRSA (SC)", "pwd_cir": "Municipal Committee Ratia", "pwd_div": "Ward 12", "dlp__from": " ", "dlp_to": " ", "source": " ", "ur_id": " ", "district": "04", "vs_con": "Ratia(SC)", "type": " ", "crust": " ", "date": " ", "gis_length": 0.04730565, "road_catog": "ODR", "status": "P", "remarks": " ", "created_user": "SDE", "created_date": 1747503722000, "last_edited_user": "mc_jind", "last_edited_date": 1770226965000, "lengthdoc": 0, "GlobalID": "{0260BE52-97CC-428E-80F8-A30BA4C711C4}", "temp_road_id": "137334", "ownership": "DULB", "department": "DULB_MC_Ratia", "circleCode": 9, "divCode": 12, "distCode": 4, "deptCode": 5, "enc_userid": "ULB_1002", "engineer_name": null, "enccode": null, "gisid": "39724", "sectorNumber": null, "estateCode": null, "sectorName": null, "estateName": null, "tttt": "39724", "h_creator_name": null, "h_creator_mob": null, "v_eng_name": null, "v_eng_mob": null, "isRetired": null, "harsac_status": null, "road_status": null, "Shape__Length": 47.30564787787913}}, {"type": "Feature", "id": 65970, "geometry": {"type": "LineString", "coordinates": [[75.57816599632139, 29.682666905378827], [75.57816220453256, 29.68266692098759], [75.57771184224971, 29.682668757361924], [75.57769755095185, 29.682668815114436], [75.57769344654935, 29.682668832284115], [75.57727232353068, 29.682670547690215], [75.57676257721764, 29.682672626000706]]}, "properties": {"OBJECTID": 65970, "rd_name": "No Name", "start_pt": " ", "end_pt": " ", "width": 0, "carrriage": 0, "r_temp_id": "ulb_rat_00052", "mla_cons": "PC SIRSA (SC)", "pwd_cir": "Municipal Committee Ratia", "pwd_div": "Ward 10", "dlp__from": " ", "dlp_to": " ", "source": " ", "ur_id": " ", "district": "04", "vs_con": "Ratia(SC)", "type": " ", "crust": " ", "date": " ", "gis_length": 0.15622962, "road_catog": "ODR", "status": "P", "remarks": " ", "created_user": "SDE", "created_date": 1747503722000, "last_edited_user": "mc_jind", "last_edited_date": 1770226965000, "lengthdoc": 0, "GlobalID": "{1B59C071-A9E0-4C4E-98F4-A6CED1EB3834}", "temp_road_id": "137693", "ownership": "DULB", "department": "DULB_MC_Ratia", "circleCode": 9, "divCode": 10, "distCode": 4, "deptCode": 5, "enc_userid": "ULB_1002", "engineer_name": null, "enccode": null, "gisid": "40083", "sectorNumber": null, "estateCode": null, "sectorName": null, "estateName": null, "tttt": "40083", "h_creator_name": null, "h_creator_mob": null, "v_eng_name": null, "v_eng_mob": null, "isRetired": null, "harsac_status": null, "road_status": null, "Shape__Length": 156.2296195641077}}, {"type": "Feature", "id": 65980, "geometry": {"type": "LineString", "coordinates": [[75.57733272984362, 29.691397974061207], [75.57712409971217, 29.691145430609392], [75.57704820374872, 29.691054265747066], [75.57702647529864, 29.691025687650406]]}, "properties": {"OBJECTID": 65980, "rd_name": "No Name", "start_pt": " ", "end_pt": " ", "width": 0, "carrriage": 0, "r_temp_id": "ulb_rat_00197", "mla_cons": "PC SIRSA (SC)", "pwd_cir": "Municipal Committee Ratia", "pwd_div": "Ward 2", "dlp__from": " ", "dlp_to": " ", "source": " ", "ur_id": " ", "district": "04", "vs_con": "Ratia(SC)", "type": " ", "crust": " ", "date": " ", "gis_length": 0.05863904, "road_catog": "ODR", "status": "P", "remarks": " ", "created_user": "SDE", "created_date": 1747503722000, "last_edited_user": "mc_jind", "last_edited_date": 1770226965000, "lengthdoc": 0, "GlobalID": "{A2647FBA-5941-4B30-8485-3C2A1D2B4FD8}", "temp_road_id": "137947", "ownership": "DULB", "department": "DULB_MC_Ratia", "circleCode": 9, "divCode": 2, "distCode": 4, "deptCode": 5, "enc_userid": "ULB_1002", "engineer_name": null, "enccode": null, "gisid": "40337", "sectorNumber": null, "estateCode": null, "sectorName": null, "estateName": null, "tttt": "40337", "h_creator_name": null, "h_creator_mob": null, "v_eng_name": null, "v_eng_mob": null, "isRetired": null, "harsac_status": null, "road_status": null, "Shape__Length": 58.6390389197848}}, {"type": "Feature", "id": 65983, "geometry": {"type": "LineString", "coordinates": [[75.58507936696759, 29.681009686814328], [75.585078482127, 29.681765279005475]]}, "properties": {"OBJECTID": 65983, "rd_name": "No Name", "start_pt": " ", "end_pt": " ", "width": 0, "carrriage": 0, "r_temp_id": "ulb_rat_00126", "mla_cons": "PC SIRSA (SC)", "pwd_cir": "Municipal Committee Ratia", "pwd_div": "Ward 12", "dlp__from": " ", "dlp_to": " ", "source": " ", "ur_id": " ", "district": "04", "vs_con": "Ratia(SC)", "type": " ", "crust": " ", "date": " ", "gis_length": 0.09681505, "road_catog": "ODR", "status": "P", "remarks": " ", "created_user": "SDE", "created_date": 1747503722000, "last_edited_user": "mc_jind", "last_edited_date": 1770226965000, "lengthdoc": 0, "GlobalID": "{020B4CC2-D390-4CD0-9805-66FAADE722D9}", "temp_road_id": "137993", "ownership": "DULB", "department": "DULB_MC_Ratia", "circleCode": 9, "divCode": 12, "distCode": 4, "deptCode": 5, "enc_userid": "ULB_1002", "engineer_name": null, "enccode": null, "gisid": "40383", "sectorNumber": null, "estateCode": null, "sectorName": null, "estateName": null, "tttt": "40383", "h_creator_name": null, "h_creator_mob": null, "v_eng_name": null, "v_eng_mob": null, "isRetired": null, "harsac_status": null, "road_status": null, "Shape__Length": 96.81505010715017}}, {"type": "Feature", "id": 65988, "geometry": {"type": "LineString", "coordinates": [[75.57678733029529, 29.678320233580745], [75.57679749203776, 29.6790911041235], [75.5767979986876, 29.679129556180875]]}, "properties": {"OBJECTID": 65988, "rd_name": "No Name", "start_pt": " ", "end_pt": " ", "width": 0, "carrriage": 0, "r_temp_id": "ulb_rat_00007", "mla_cons": "PC SIRSA (SC)", "pwd_cir": "Municipal Committee Ratia", "pwd_div": "Ward 10", "dlp__from": " ", "dlp_to": " ", "source": " ", "ur_id": " ", "district": "04", "vs_con": "Ratia(SC)", "type": " ", "crust": " ", "date": " ", "gis_length": 0.1037036, "road_catog": "ODR", "status": "P", "remarks": " ", "created_user": "SDE", "created_date": 1747503722000, "last_edited_user": "mc_jind", "last_edited_date": 1770226965000, "lengthdoc": 0, "GlobalID": "{9C611841-DC6F-4E43-97B1-DDDF9034C704}", "temp_road_id": "138212", "ownership": "DULB", "department": "DULB_MC_Ratia", "circleCode": 9, "divCode": 10, "distCode": 4, "deptCode": 5, "enc_userid": "ULB_1002", "engineer_name": null, "enccode": null, "gisid": "40602", "sectorNumber": null, "estateCode": null, "sectorName": null, "estateName": null, "tttt": "40602", "h_creator_name": null, "h_creator_mob": null, "v_eng_name": null, "v_eng_mob": null, "isRetired": null, "harsac_status": null, "road_status": null, "Shape__Length": 103.70360034257996}}, {"type": "Feature", "id": 65997, "geometry": {"type": "LineString", "coordinates": [[75.5740702248015, 29.68854278337303], [75.57358616761064, 29.688704835948215], [75.57296110725954, 29.68886930513429]]}, "properties": {"OBJECTID": 65997, "rd_name": "No Name", "start_pt": " ", "end_pt": " ", "width": 0, "carrriage": 0, "r_temp_id": "ulb_rat_00206", "mla_cons": "PC SIRSA (SC)", "pwd_cir": "Municipal Committee Ratia", "pwd_div": "Ward 9", "dlp__from": " ", "dlp_to": " ", "source": " ", "ur_id": " ", "district": "04", "vs_con": "Ratia(SC)", "type": " ", "crust": " ", "date": " ", "gis_length": 0.13045078, "road_catog": "ODR", "status": "P", "remarks": " ", "created_user": "SDE", "created_date": 1747503722000, "last_edited_user": "mc_jind", "last_edited_date": 1770226965000, "lengthdoc": 0, "GlobalID": "{1383B572-AA6E-4B41-8E48-6AFEB86952E6}", "temp_road_id": "138611", "ownership": "DULB", "department": "DULB_MC_Ratia", "circleCode": 9, "divCode": 9, "distCode": 4, "deptCode": 5, "enc_userid": "ULB_1002", "engineer_name": null, "enccode": null, "gisid": "41001", "sectorNumber": null, "estateCode": null, "sectorName": null, "estateName": null, "tttt": "41001", "h_creator_name": null, "h_creator_mob": null, "v_eng_name": null, "v_eng_mob": null, "isRetired": null, "harsac_status": null, "road_status": null, "Shape__Length": 130.45078282416046}}, {"type": "Feature", "id": 66006, "geometry": {"type": "LineString", "coordinates": [[75.57162026479847, 29.68382517951554], [75.57157348323344, 29.683732503341222], [75.57148500456785, 29.683523240615536], [75.57137621409537, 29.683108734664277], [75.5712576346812, 29.682545140342178]]}, "properties": {"OBJECTID": 66006, "rd_name": "No Name", "start_pt": " ", "end_pt": " ", "width": 0, "carrriage": 0, "r_temp_id": "ulb_rat_00259", "mla_cons": "PC SIRSA (SC)", "pwd_cir": "Municipal Committee Ratia", "pwd_div": "Ward 9", "dlp__from": " ", "dlp_to": " ", "source": " ", "ur_id": " ", "district": "04", "vs_con": "Ratia(SC)", "type": " ", "crust": " ", "date": " ", "gis_length": 0.1694192, "road_catog": "ODR", "status": "P", "remarks": " ", "created_user": "SDE", "created_date": 1747503722000, "last_edited_user": "mc_jind", "last_edited_date": 1770226965000, "lengthdoc": 0, "GlobalID": "{E9459855-5104-461E-800B-1DC4182E779C}", "temp_road_id": "138860", "ownership": "DULB", "department": "DULB_MC_Ratia", "circleCode": 9, "divCode": 9, "distCode": 4, "deptCode": 5, "enc_userid": "ULB_1002", "engineer_name": null, "enccode": null, "gisid": "41250", "sectorNumber": null, "estateCode": null, "sectorName": null, "estateName": null, "tttt": "41250", "h_creator_name": null, "h_creator_mob": null, "v_eng_name": null, "v_eng_mob": null, "isRetired": null, "harsac_status": null, "road_status": null, "Shape__Length": 169.41919927915856}}, {"type": "Feature", "id": 66014, "geometry": {"type": "LineString", "coordinates": [[75.5684718448991, 29.6810712395186], [75.56848203359108, 29.68107105689282], [75.5684776623889, 29.681551106286896]]}, "properties": {"OBJECTID": 66014, "rd_name": "No Name", "start_pt": " ", "end_pt": " ", "width": 0, "carrriage": 0, "r_temp_id": "ulb_rat_00006", "mla_cons": "PC SIRSA (SC)", "pwd_cir": "Municipal Committee Ratia", "pwd_div": "Ward 17", "dlp__from": " ", "dlp_to": " ", "source": " ", "ur_id": " ", "district": "04", "vs_con": "Ratia(SC)", "type": " ", "crust": " ", "date": " ", "gis_length": 0.06264567, "road_catog": "ODR", "status": "P", "remarks": " ", "created_user": "SDE", "created_date": 1747503722000, "last_edited_user": "mc_jind", "last_edited_date": 1770226965000, "lengthdoc": 0, "GlobalID": "{C13BD0DC-8659-439D-B0C1-D1BB9E3CB07F}", "temp_road_id": "139155", "ownership": "DULB", "department": "DULB_MC_Ratia", "circleCode": 9, "divCode": 17, "distCode": 4, "deptCode": 5, "enc_userid": "ULB_1002", "engineer_name": null, "enccode": null, "gisid": "41545", "sectorNumber": null, "estateCode": null, "sectorName": null, "estateName": null, "tttt": "41545", "h_creator_name": null, "h_creator_mob": null, "v_eng_name": null, "v_eng_mob": null, "isRetired": null, "harsac_status": null, "road_status": null, "Shape__Length": 62.64566607621836}}, {"type": "Feature", "id": 66016, "geometry": {"type": "LineString", "coordinates": [[75.56805669567709, 29.673973421462016], [75.56796007917333, 29.673981982063104], [75.56697746777958, 29.674030919059295], [75.56629274492056, 29.674061642916982], [75.56617053631268, 29.674062815237566], [75.56585450540246, 29.67405179995057], [75.56583934363711, 29.67405135584244], [75.56583512694517, 29.674051232522427], [75.56563220381067, 29.67402759488154], [75.56508824965164, 29.6739363434672], [75.5647127215235, 29.673830160069294], [75.56434985604766, 29.67369748373884], [75.56431368987433, 29.673679551538285], [75.56428981714565, 29.6736677135524], [75.56423192611547, 29.673639008752847], [75.56397273969813, 29.673515041108075], [75.5637158772224, 29.67339004615722], [75.56342924457819, 29.673146207796865], [75.56328766110626, 29.67302173923477], [75.56325162429033, 29.672999686577167]]}, "properties": {"OBJECTID": 66016, "rd_name": "No Name", "start_pt": " ", "end_pt": " ", "width": 0, "carrriage": 0, "r_temp_id": "ulb_rat_00292", "mla_cons": "PC SIRSA (SC)", "pwd_cir": "Municipal Committee Ratia", "pwd_div": "Ward 15", "dlp__from": " ", "dlp_to": " ", "source": " ", "ur_id": " ", "district": "04", "vs_con": "Ratia(SC)", "type": " ", "crust": " ", "date": " ", "gis_length": 0.57272704, "road_catog": "ODR", "status": "P", "remarks": " ", "created_user": "SDE", "created_date": 1747503722000, "last_edited_user": "mc_jind", "last_edited_date": 1770226965000, "lengthdoc": 0, "GlobalID": "{2D8656CF-A2BA-49EF-99BE-BD722A4C3034}", "temp_road_id": "139186", "ownership": "DULB", "department": "DULB", "circleCode": 9, "divCode": 15, "distCode": 4, "deptCode": 5, "enc_userid": "ULB_1002", "engineer_name": null, "enccode": null, "gisid": "41576", "sectorNumber": null, "estateCode": null, "sectorName": null, "estateName": null, "tttt": "41576", "h_creator_name": null, "h_creator_mob": null, "v_eng_name": null, "v_eng_mob": null, "isRetired": null, "harsac_status": null, "road_status": null, "Shape__Length": 572.7270386678701}}, {"type": "Feature", "id": 66020, "geometry": {"type": "LineString", "coordinates": [[75.5740702248015, 29.68854278337303], [75.57404457610352, 29.688515162105713], [75.57365403982195, 29.688094610712177], [75.57329410914211, 29.687551801472093], [75.57331723537078, 29.68753306558767], [75.5735778240583, 29.687321944049685], [75.57368482239178, 29.68727339904256], [75.5738193702584, 29.68730376064812], [75.57393295234462, 29.687300477490194], [75.57467398879214, 29.686980296894287]]}, "properties": {"OBJECTID": 66020, "rd_name": "No Name", "start_pt": " ", "end_pt": " ", "width": 0, "carrriage": 0, "r_temp_id": "ulb_rat_00249", "mla_cons": "PC SIRSA (SC)", "pwd_cir": "Municipal Committee Ratia", "pwd_div": "Ward 7", "dlp__from": " ", "dlp_to": " ", "source": " ", "ur_id": " ", "district": "04", "vs_con": "Ratia(SC)", "type": " ", "crust": " ", "date": " ", "gis_length": 0.33093733, "road_catog": "ODR", "status": "P", "remarks": " ", "created_user": "SDE", "created_date": 1747503722000, "last_edited_user": "mc_jind", "last_edited_date": 1770226965000, "lengthdoc": 0, "GlobalID": "{18A09DD0-01A9-4015-88AB-71D1DCF98A18}", "temp_road_id": "139305", "ownership": "DULB", "department": "DULB_MC_Ratia", "circleCode": 9, "divCode": 7, "distCode": 4, "deptCode": 5, "enc_userid": "ULB_1002", "engineer_name": null, "enccode": null, "gisid": "41695", "sectorNumber": null, "estateCode": null, "sectorName": null, "estateName": null, "tttt": "41695", "h_creator_name": null, "h_creator_mob": null, "v_eng_name": null, "v_eng_mob": null, "isRetired": null, "harsac_status": null, "road_status": null, "Shape__Length": 330.9373346660901}}, {"type": "Feature", "id": 66024, "geometry": {"type": "LineString", "coordinates": [[75.57606307617387, 29.680478693667364], [75.57650709006262, 29.680465034896123]]}, "properties": {"OBJECTID": 66024, "rd_name": "No Name", "start_pt": " ", "end_pt": " ", "width": 0, "carrriage": 0, "r_temp_id": "ulb_rat_00032", "mla_cons": "PC SIRSA (SC)", "pwd_cir": "Municipal Committee Ratia", "pwd_div": "Ward 10", "dlp__from": " ", "dlp_to": " ", "source": " ", "ur_id": " ", "district": "04", "vs_con": "Ratia(SC)", "type": " ", "crust": " ", "date": " ", "gis_length": 0.04945837, "road_catog": "ODR", "status": "P", "remarks": " ", "created_user": "SDE", "created_date": 1747503722000, "last_edited_user": "mc_jind", "last_edited_date": 1770226965000, "lengthdoc": 0, "GlobalID": "{32215A1A-D5E9-4F52-81B4-C127F9CE1C28}", "temp_road_id": "139474", "ownership": "DULB", "department": "DULB_MC_Ratia", "circleCode": 9, "divCode": 10, "distCode": 4, "deptCode": 5, "enc_userid": "ULB_1002", "engineer_name": null, "enccode": null, "gisid": "41864", "sectorNumber": null, "estateCode": null, "sectorName": null, "estateName": null, "tttt": "41864", "h_creator_name": null, "h_creator_mob": null, "v_eng_name": null, "v_eng_mob": null, "isRetired": null, "harsac_status": null, "road_status": null, "Shape__Length": 49.458373616304854}}, {"type": "Feature", "id": 66035, "geometry": {"type": "LineString", "coordinates": [[75.57567240065345, 29.690240427108588], [75.57524845422982, 29.68985341212937]]}, "properties": {"OBJECTID": 66035, "rd_name": "No Name", "start_pt": " ", "end_pt": " ", "width": 0, "carrriage": 0, "r_temp_id": "ulb_rat_00201", "mla_cons": "PC SIRSA (SC)", "pwd_cir": "Municipal Committee Ratia", "pwd_div": "Ward 2", "dlp__from": " ", "dlp_to": " ", "source": " ", "ur_id": " ", "district": "04", "vs_con": "Ratia(SC)", "type": " ", "crust": " ", "date": " ", "gis_length": 0.06845942, "road_catog": "ODR", "status": "P", "remarks": " ", "created_user": "SDE", "created_date": 1747503722000, "last_edited_user": "mc_jind", "last_edited_date": 1770226965000, "lengthdoc": 0, "GlobalID": "{87CDDA6A-5DF0-4CF1-A440-1B62BB09D4EB}", "temp_road_id": "139876", "ownership": "DULB", "department": "DULB_MC_Ratia", "circleCode": 9, "divCode": 2, "distCode": 4, "deptCode": 5, "enc_userid": "ULB_1002", "engineer_name": null, "enccode": null, "gisid": "42266", "sectorNumber": null, "estateCode": null, "sectorName": null, "estateName": null, "tttt": "42266", "h_creator_name": null, "h_creator_mob": null, "v_eng_name": null, "v_eng_mob": null, "isRetired": null, "harsac_status": null, "road_status": null, "Shape__Length": 68.45941930260584}}, {"type": "Feature", "id": 66052, "geometry": {"type": "LineString", "coordinates": [[75.57515651345713, 29.68262645596793], [75.57514646310572, 29.68371333360535]]}, "properties": {"OBJECTID": 66052, "rd_name": "No Name", "start_pt": " ", "end_pt": " ", "width": 0, "carrriage": 0, "r_temp_id": "ulb_rat_00115", "mla_cons": "PC SIRSA (SC)", "pwd_cir": "Municipal Committee Ratia", "pwd_div": "Ward 10", "dlp__from": " ", "dlp_to": " ", "source": " ", "ur_id": " ", "district": "04", "vs_con": "Ratia(SC)", "type": " ", "crust": " ", "date": " ", "gis_length": 0.13926999, "road_catog": "ODR", "status": "P", "remarks": " ", "created_user": "SDE", "created_date": 1747503722000, "last_edited_user": "mc_jind", "last_edited_date": 1770226965000, "lengthdoc": 0, "GlobalID": "{7213E552-1B55-417B-8097-3636225E18F0}", "temp_road_id": "140438", "ownership": "DULB", "department": "DULB_MC_Ratia", "circleCode": 9, "divCode": 10, "distCode": 4, "deptCode": 5, "enc_userid": "ULB_1002", "engineer_name": null, "enccode": null, "gisid": "42828", "sectorNumber": null, "estateCode": null, "sectorName": null, "estateName": null, "tttt": "42828", "h_creator_name": null, "h_creator_mob": null, "v_eng_name": null, "v_eng_mob": null, "isRetired": null, "harsac_status": null, "road_status": null, "Shape__Length": 139.26999390999484}}, {"type": "Feature", "id": 66055, "geometry": {"type": "LineString", "coordinates": [[75.57679822416473, 29.6813119633948], [75.57679032258349, 29.68164208309679]]}, "properties": {"OBJECTID": 66055, "rd_name": "No Name", "start_pt": " ", "end_pt": " ", "width": 0, "carrriage": 0, "r_temp_id": "ulb_rat_00042", "mla_cons": "PC SIRSA (SC)", "pwd_cir": "Municipal Committee Ratia", "pwd_div": "Ward 10", "dlp__from": " ", "dlp_to": " ", "source": " ", "ur_id": " ", "district": "04", "vs_con": "Ratia(SC)", "type": " ", "crust": " ", "date": " ", "gis_length": 0.04230784, "road_catog": "ODR", "status": "P", "remarks": " ", "created_user": "SDE", "created_date": 1747503722000, "last_edited_user": "mc_jind", "last_edited_date": 1770226965000, "lengthdoc": 0, "GlobalID": "{0797A216-768C-4E38-BE22-4E9E1F08D289}", "temp_road_id": "140496", "ownership": "DULB", "department": "DULB_MC_Ratia", "circleCode": 9, "divCode": 10, "distCode": 4, "deptCode": 5, "enc_userid": "ULB_1002", "engineer_name": null, "enccode": null, "gisid": "42886", "sectorNumber": null, "estateCode": null, "sectorName": null, "estateName": null, "tttt": "42886", "h_creator_name": null, "h_creator_mob": null, "v_eng_name": null, "v_eng_mob": null, "isRetired": null, "harsac_status": null, "road_status": null, "Shape__Length": 42.307844637253744}}, {"type": "Feature", "id": 66077, "geometry": {"type": "LineString", "coordinates": [[75.58306729883465, 29.683718395483584], [75.58305776142127, 29.684812908678524], [75.58306375498084, 29.6848197139661], [75.58344739848926, 29.684818025130976], [75.58348185696521, 29.68481787294856], [75.58366740578379, 29.684817055845805], [75.58371231885306, 29.68481305071552]]}, "properties": {"OBJECTID": 66077, "rd_name": "No Name", "start_pt": " ", "end_pt": " ", "width": 0, "carrriage": 0, "r_temp_id": "ulb_rat_00135", "mla_cons": "PC SIRSA (SC)", "pwd_cir": "Municipal Committee Ratia", "pwd_div": "Ward 12", "dlp__from": " ", "dlp_to": " ", "source": " ", "ur_id": " ", "district": "04", "vs_con": "Ratia(SC)", "type": " ", "crust": " ", "date": " ", "gis_length": 0.21357232, "road_catog": "ODR", "status": "P", "remarks": " ", "created_user": "SDE", "created_date": 1747503722000, "last_edited_user": "mc_jind", "last_edited_date": 1770226965000, "lengthdoc": 0, "GlobalID": "{8C6C4A9A-525C-4159-ACBD-9CF22B008B80}", "temp_road_id": "141164", "ownership": "DULB", "department": "DULB_MC_Ratia", "circleCode": 9, "divCode": 12, "distCode": 4, "deptCode": 5, "enc_userid": "ULB_1002", "engineer_name": null, "enccode": null, "gisid": "43554", "sectorNumber": null, "estateCode": null, "sectorName": null, "estateName": null, "tttt": "43554", "h_creator_name": null, "h_creator_mob": null, "v_eng_name": null, "v_eng_mob": null, "isRetired": null, "harsac_status": null, "road_status": null, "Shape__Length": 213.57232258572137}}, {"type": "Feature", "id": 66085, "geometry": {"type": "LineString", "coordinates": [[75.57566813635079, 29.678202516281925], [75.57509779957017, 29.678203143783186]]}, "properties": {"OBJECTID": 66085, "rd_name": "No Name", "start_pt": " ", "end_pt": " ", "width": 0, "carrriage": 0, "r_temp_id": "ulb_rat_00017", "mla_cons": "PC SIRSA (SC)", "pwd_cir": "Municipal Committee Ratia", "pwd_div": "Ward 10", "dlp__from": " ", "dlp_to": " ", "source": " ", "ur_id": " ", "district": "04", "vs_con": "Ratia(SC)", "type": " ", "crust": " ", "date": " ", "gis_length": 0.06348965, "road_catog": "ODR", "status": "P", "remarks": " ", "created_user": "SDE", "created_date": 1747503722000, "last_edited_user": "mc_jind", "last_edited_date": 1770226965000, "lengthdoc": 0, "GlobalID": "{B77BA33F-DCE9-478E-9D0F-D99B063F87A1}", "temp_road_id": "141620", "ownership": "DULB", "department": "DULB_MC_Ratia", "circleCode": 9, "divCode": 10, "distCode": 4, "deptCode": 5, "enc_userid": "ULB_1002", "engineer_name": null, "enccode": null, "gisid": "44010", "sectorNumber": null, "estateCode": null, "sectorName": null, "estateName": null, "tttt": "44010", "h_creator_name": null, "h_creator_mob": null, "v_eng_name": null, "v_eng_mob": null, "isRetired": null, "harsac_status": null, "road_status": null, "Shape__Length": 63.48965090721479}}, {"type": "Feature", "id": 66091, "geometry": {"type": "LineString", "coordinates": [[75.5748809193111, 29.683717564324137], [75.574880907633, 29.683718084091478], [75.57488005962338, 29.68375767849098], [75.57489164250065, 29.684281523555956]]}, "properties": {"OBJECTID": 66091, "rd_name": "No Name", "start_pt": " ", "end_pt": " ", "width": 0, "carrriage": 0, "r_temp_id": "ulb_rat_00122", "mla_cons": "PC SIRSA (SC)", "pwd_cir": "Municipal Committee Ratia", "pwd_div": "Ward 10", "dlp__from": " ", "dlp_to": " ", "source": " ", "ur_id": " ", "district": "04", "vs_con": "Ratia(SC)", "type": " ", "crust": " ", "date": " ", "gis_length": 0.07227597, "road_catog": "ODR", "status": "P", "remarks": " ", "created_user": "SDE", "created_date": 1747503722000, "last_edited_user": "mc_jind", "last_edited_date": 1770226965000, "lengthdoc": 0, "GlobalID": "{49DE9F2A-D1C6-4A86-85A3-AF2C5D7B0CC0}", "temp_road_id": "141833", "ownership": "DULB", "department": "DULB_MC_Ratia", "circleCode": 9, "divCode": 10, "distCode": 4, "deptCode": 5, "enc_userid": "ULB_1002", "engineer_name": null, "enccode": null, "gisid": "44223", "sectorNumber": null, "estateCode": null, "sectorName": null, "estateName": null, "tttt": "44223", "h_creator_name": null, "h_creator_mob": null, "v_eng_name": null, "v_eng_mob": null, "isRetired": null, "harsac_status": null, "road_status": null, "Shape__Length": 72.275974138612}}, {"type": "Feature", "id": 66092, "geometry": {"type": "LineString", "coordinates": [[75.57969218637838, 29.68808497280344], [75.57958952780605, 29.68814041690938], [75.57880970390117, 29.688561573696795], [75.57858240587976, 29.688706835314274], [75.57848600766664, 29.688768441834462], [75.5782923686206, 29.688874098298232], [75.57828926943287, 29.688875790186753]]}, "properties": {"OBJECTID": 66092, "rd_name": "No Name", "start_pt": " ", "end_pt": " ", "width": 0, "carrriage": 0, "r_temp_id": "ulb_rat_00178", "mla_cons": "PC SIRSA (SC)", "pwd_cir": "Municipal Committee Ratia", "pwd_div": "Ward 6", "dlp__from": " ", "dlp_to": " ", "source": " ", "ur_id": " ", "district": "04", "vs_con": "Ratia(SC)", "type": " ", "crust": " ", "date": " ", "gis_length": 0.18626971, "road_catog": "ODR", "status": "P", "remarks": " ", "created_user": "SDE", "created_date": 1747503722000, "last_edited_user": "mc_jind", "last_edited_date": 1770226965000, "lengthdoc": 0, "GlobalID": "{83320B77-0CD9-4AE7-B7C7-BCB5C8503013}", "temp_road_id": "141841", "ownership": "DULB", "department": "DULB_MC_Ratia", "circleCode": 9, "divCode": 6, "distCode": 4, "deptCode": 5, "enc_userid": "ULB_1002", "engineer_name": null, "enccode": null, "gisid": "44231", "sectorNumber": null, "estateCode": null, "sectorName": null, "estateName": null, "tttt": "44231", "h_creator_name": null, "h_creator_mob": null, "v_eng_name": null, "v_eng_mob": null, "isRetired": null, "harsac_status": null, "road_status": null, "Shape__Length": 186.2697055251061}}, {"type": "Feature", "id": 66095, "geometry": {"type": "LineString", "coordinates": [[75.56846651249958, 29.672901963757756], [75.56846658077154, 29.672882531264467], [75.56846885620415, 29.672236167886965]]}, "properties": {"OBJECTID": 66095, "rd_name": "No Name", "start_pt": " ", "end_pt": " ", "width": 0, "carrriage": 0, "r_temp_id": "ulb_rat_00263", "mla_cons": "PC SIRSA (SC)", "pwd_cir": "Municipal Committee Ratia", "pwd_div": "Ward 14", "dlp__from": " ", "dlp_to": " ", "source": " ", "ur_id": " ", "district": "04", "vs_con": "Ratia(SC)", "type": " ", "crust": " ", "date": " ", "gis_length": 0.0853022, "road_catog": "ODR", "status": "P", "remarks": " ", "created_user": "SDE", "created_date": 1747503722000, "last_edited_user": "mc_jind", "last_edited_date": 1770226965000, "lengthdoc": 0, "GlobalID": "{14E2AE3F-C6A5-4FF7-AF35-DC196EF490EC}", "temp_road_id": "142015", "ownership": "DULB", "department": "DULB_MC_Ratia", "circleCode": 9, "divCode": 14, "distCode": 4, "deptCode": 5, "enc_userid": "ULB_1002", "engineer_name": null, "enccode": null, "gisid": "44405", "sectorNumber": null, "estateCode": null, "sectorName": null, "estateName": null, "tttt": "44405", "h_creator_name": null, "h_creator_mob": null, "v_eng_name": null, "v_eng_mob": null, "isRetired": null, "harsac_status": null, "road_status": null, "Shape__Length": 85.30219898723485}}, {"type": "Feature", "id": 66099, "geometry": {"type": "LineString", "coordinates": [[75.57677659542765, 29.687131452074134], [75.57680123801248, 29.687117475021207], [75.57739285408559, 29.686864682007716], [75.57741500025229, 29.68686211993156]]}, "properties": {"OBJECTID": 66099, "rd_name": "No Name", "start_pt": " ", "end_pt": " ", "width": 0, "carrriage": 0, "r_temp_id": "ulb_rat_00160", "mla_cons": "PC SIRSA (SC)", "pwd_cir": "Municipal Committee Ratia", "pwd_div": "Ward 7", "dlp__from": " ", "dlp_to": " ", "source": " ", "ur_id": " ", "district": "04", "vs_con": "Ratia(SC)", "type": " ", "crust": " ", "date": " ", "gis_length": 0.07915664, "road_catog": "ODR", "status": "P", "remarks": " ", "created_user": "SDE", "created_date": 1747503722000, "last_edited_user": "mc_jind", "last_edited_date": 1770226965000, "lengthdoc": 0, "GlobalID": "{0039735F-225C-4112-B87A-1F22043DC59A}", "temp_road_id": "142187", "ownership": "DULB", "department": "DULB_MC_Ratia", "circleCode": 9, "divCode": 7, "distCode": 4, "deptCode": 5, "enc_userid": "ULB_1002", "engineer_name": null, "enccode": null, "gisid": "44577", "sectorNumber": null, "estateCode": null, "sectorName": null, "estateName": null, "tttt": "44577", "h_creator_name": null, "h_creator_mob": null, "v_eng_name": null, "v_eng_mob": null, "isRetired": null, "harsac_status": null, "road_status": null, "Shape__Length": 79.15664292166328}}, {"type": "Feature", "id": 66104, "geometry": {"type": "LineString", "coordinates": [[75.58397802164949, 29.684321410393572], [75.58398319774213, 29.684317900814452], [75.58398709553217, 29.684315257509027], [75.58430590403322, 29.684099080620253], [75.58432881466624, 29.684083545410193], [75.58460768317144, 29.683894448949303]]}, "properties": {"OBJECTID": 66104, "rd_name": "No Name", "start_pt": " ", "end_pt": " ", "width": 0, "carrriage": 0, "r_temp_id": "ulb_rat_00138", "mla_cons": "PC SIRSA (SC)", "pwd_cir": "Municipal Committee Ratia", "pwd_div": "Ward 12", "dlp__from": " ", "dlp_to": " ", "source": " ", "ur_id": " ", "district": "04", "vs_con": "Ratia(SC)", "type": " ", "crust": " ", "date": " ", "gis_length": 0.0889165, "road_catog": "ODR", "status": "P", "remarks": " ", "created_user": "SDE", "created_date": 1747503722000, "last_edited_user": "mc_jind", "last_edited_date": 1770226965000, "lengthdoc": 0, "GlobalID": "{680E5021-6F1F-422F-BE7C-DE131B6B0EB5}", "temp_road_id": "142294", "ownership": "DULB", "department": "DULB_MC_Ratia", "circleCode": 9, "divCode": 12, "distCode": 4, "deptCode": 5, "enc_userid": "ULB_1002", "engineer_name": null, "enccode": null, "gisid": "44683", "sectorNumber": null, "estateCode": null, "sectorName": null, "estateName": null, "tttt": "44683", "h_creator_name": null, "h_creator_mob": null, "v_eng_name": null, "v_eng_mob": null, "isRetired": null, "harsac_status": null, "road_status": null, "Shape__Length": 88.9164983293631}}, {"type": "Feature", "id": 66105, "geometry": {"type": "LineString", "coordinates": [[75.56427071626777, 29.667811618818778], [75.56424768795544, 29.667812041879532], [75.5635656914833, 29.667824566662414], [75.56355241258677, 29.667824810195487], [75.56354737663132, 29.66817033154293], [75.56354704964454, 29.66819282002698], [75.56354248440626, 29.668506005071986]]}, "properties": {"OBJECTID": 66105, "rd_name": "No Name", "start_pt": " ", "end_pt": " ", "width": 0, "carrriage": 0, "r_temp_id": "ulb_rat_00277", "mla_cons": "PC SIRSA (SC)", "pwd_cir": "Municipal Committee Ratia", "pwd_div": "Ward 15", "dlp__from": " ", "dlp_to": " ", "source": " ", "ur_id": " ", "district": "04", "vs_con": "Ratia(SC)", "type": " ", "crust": " ", "date": " ", "gis_length": 0.16725696, "road_catog": "ODR", "status": "P", "remarks": " ", "created_user": "SDE", "created_date": 1747503722000, "last_edited_user": "mc_jind", "last_edited_date": 1770226965000, "lengthdoc": 0, "GlobalID": "{CBED20C7-46D9-4B2A-B183-1ED8900A8336}", "temp_road_id": "142308", "ownership": "DULB", "department": "DULB_MC_Ratia", "circleCode": 9, "divCode": 15, "distCode": 4, "deptCode": 5, "enc_userid": "ULB_1002", "engineer_name": null, "enccode": null, "gisid": "44697", "sectorNumber": null, "estateCode": null, "sectorName": null, "estateName": null, "tttt": "44697", "h_creator_name": null, "h_creator_mob": null, "v_eng_name": null, "v_eng_mob": null, "isRetired": null, "harsac_status": null, "road_status": null, "Shape__Length": 167.25695514902094}}, {"type": "Feature", "id": 66115, "geometry": {"type": "LineString", "coordinates": [[75.57438817451315, 29.68458880998926], [75.5743282281376, 29.68462721545955], [75.57299163201289, 29.685483499657327]]}, "properties": {"OBJECTID": 66115, "rd_name": "No Name", "start_pt": " ", "end_pt": " ", "width": 0, "carrriage": 0, "r_temp_id": "ulb_rat_00146", "mla_cons": "PC SIRSA (SC)", "pwd_cir": "Municipal Committee Ratia", "pwd_div": "Ward 9", "dlp__from": " ", "dlp_to": " ", "source": " ", "ur_id": " ", "district": "04", "vs_con": "Ratia(SC)", "type": " ", "crust": " ", "date": " ", "gis_length": 0.19316139, "road_catog": "ODR", "status": "P", "remarks": " ", "created_user": "SDE", "created_date": 1747503722000, "last_edited_user": "mc_jind", "last_edited_date": 1770226965000, "lengthdoc": 0, "GlobalID": "{3CBB20DA-1D0A-40B8-9151-7D988C60D693}", "temp_road_id": "142630", "ownership": "DULB", "department": "DULB_MC_Ratia", "circleCode": 9, "divCode": 9, "distCode": 4, "deptCode": 5, "enc_userid": "ULB_1002", "engineer_name": null, "enccode": null, "gisid": "45019", "sectorNumber": null, "estateCode": null, "sectorName": null, "estateName": null, "tttt": "45019", "h_creator_name": null, "h_creator_mob": null, "v_eng_name": null, "v_eng_mob": null, "isRetired": null, "harsac_status": null, "road_status": null, "Shape__Length": 193.16139119807082}}, {"type": "Feature", "id": 66117, "geometry": {"type": "LineString", "coordinates": [[75.57886185110341, 29.67790212300771], [75.57886107585732, 29.677902120666236], [75.5781720159321, 29.677899499825898]]}, "properties": {"OBJECTID": 66117, "rd_name": "No Name", "start_pt": " ", "end_pt": " ", "width": 0, "carrriage": 0, "r_temp_id": "ulb_rat_00015", "mla_cons": "PC SIRSA (SC)", "pwd_cir": "Municipal Committee Ratia", "pwd_div": "Ward 13", "dlp__from": " ", "dlp_to": " ", "source": " ", "ur_id": " ", "district": "04", "vs_con": "Ratia(SC)", "type": " ", "crust": " ", "date": " ", "gis_length": 0.07679284, "road_catog": "ODR", "status": "P", "remarks": " ", "created_user": "SDE", "created_date": 1747503722000, "last_edited_user": "mc_jind", "last_edited_date": 1770226965000, "lengthdoc": 0, "GlobalID": "{E2291FA0-4BFC-4FF4-BE49-512D04181FA6}", "temp_road_id": "142637", "ownership": "DULB", "department": "DULB_MC_Ratia", "circleCode": 9, "divCode": 13, "distCode": 4, "deptCode": 5, "enc_userid": "ULB_1002", "engineer_name": null, "enccode": null, "gisid": "45026", "sectorNumber": null, "estateCode": null, "sectorName": null, "estateName": null, "tttt": "45026", "h_creator_name": null, "h_creator_mob": null, "v_eng_name": null, "v_eng_mob": null, "isRetired": null, "harsac_status": null, "road_status": null, "Shape__Length": 76.79283554473038}}, {"type": "Feature", "id": 66118, "geometry": {"type": "LineString", "coordinates": [[75.57935124159206, 29.684542625228154], [75.5793512236258, 29.684537913021845], [75.57934876583518, 29.68392892131884], [75.57934876583518, 29.68392886668878], [75.57934873708906, 29.68392195364153]]}, "properties": {"OBJECTID": 66118, "rd_name": "No Name", "start_pt": " ", "end_pt": " ", "width": 0, "carrriage": 0, "r_temp_id": "ulb_rat_00094", "mla_cons": "PC SIRSA (SC)", "pwd_cir": "Municipal Committee Ratia", "pwd_div": "Ward 11", "dlp__from": " ", "dlp_to": " ", "source": " ", "ur_id": " ", "district": "04", "vs_con": "Ratia(SC)", "type": " ", "crust": " ", "date": " ", "gis_length": 0.07953019, "road_catog": "ODR", "status": "P", "remarks": " ", "created_user": "SDE", "created_date": 1747503722000, "last_edited_user": "mc_jind", "last_edited_date": 1770226965000, "lengthdoc": 0, "GlobalID": "{16D8A678-A8AD-4464-8930-FE2753703F6E}", "temp_road_id": "142638", "ownership": "DULB", "department": "DULB_MC_Ratia", "circleCode": 9, "divCode": 11, "distCode": 4, "deptCode": 5, "enc_userid": "ULB_1002", "engineer_name": null, "enccode": null, "gisid": "45027", "sectorNumber": null, "estateCode": null, "sectorName": null, "estateName": null, "tttt": "45027", "h_creator_name": null, "h_creator_mob": null, "v_eng_name": null, "v_eng_mob": null, "isRetired": null, "harsac_status": null, "road_status": null, "Shape__Length": 79.53018873970326}}, {"type": "Feature", "id": 66125, "geometry": {"type": "LineString", "coordinates": [[75.57724803128872, 29.680824802924185], [75.57727232353068, 29.682670547690215]]}, "properties": {"OBJECTID": 66125, "rd_name": "No Name", "start_pt": " ", "end_pt": " ", "width": 0, "carrriage": 0, "r_temp_id": "ulb_rat_00051", "mla_cons": "PC SIRSA (SC)", "pwd_cir": "Municipal Committee Ratia", "pwd_div": "Ward 11", "dlp__from": " ", "dlp_to": " ", "source": " ", "ur_id": " ", "district": "04", "vs_con": "Ratia(SC)", "type": " ", "crust": " ", "date": " ", "gis_length": 0.23651396, "road_catog": "ODR", "status": "P", "remarks": " ", "created_user": "SDE", "created_date": 1747503722000, "last_edited_user": "mc_jind", "last_edited_date": 1770226965000, "lengthdoc": 0, "GlobalID": "{C7BF5EE4-EB3A-448C-8E08-934046FDF8CA}", "temp_road_id": "143070", "ownership": "DULB", "department": "DULB_MC_Ratia", "circleCode": 9, "divCode": 11, "distCode": 4, "deptCode": 5, "enc_userid": "ULB_1002", "engineer_name": null, "enccode": null, "gisid": "45459", "sectorNumber": null, "estateCode": null, "sectorName": null, "estateName": null, "tttt": "45459", "h_creator_name": null, "h_creator_mob": null, "v_eng_name": null, "v_eng_mob": null, "isRetired": null, "harsac_status": null, "road_status": null, "Shape__Length": 236.51395984146473}}, {"type": "Feature", "id": 66129, "geometry": {"type": "LineString", "coordinates": [[75.57922096970623, 29.687664586615497], [75.57925828302817, 29.68767767471592], [75.57953778215074, 29.6880698362123], [75.57958952780605, 29.68814041690938]]}, "properties": {"OBJECTID": 66129, "rd_name": "No Name", "start_pt": " ", "end_pt": " ", "width": 0, "carrriage": 0, "r_temp_id": "ulb_rat_00166", "mla_cons": "PC SIRSA (SC)", "pwd_cir": "Municipal Committee Ratia", "pwd_div": "Ward 6", "dlp__from": " ", "dlp_to": " ", "source": " ", "ur_id": " ", "district": "04", "vs_con": "Ratia(SC)", "type": " ", "crust": " ", "date": " ", "gis_length": 0.07430616, "road_catog": "ODR", "status": "P", "remarks": " ", "created_user": "SDE", "created_date": 1747503722000, "last_edited_user": "mc_jind", "last_edited_date": 1770226965000, "lengthdoc": 0, "GlobalID": "{AC66FA02-3E7B-421F-A567-4D10F6A7B931}", "temp_road_id": "143239", "ownership": "DULB", "department": "DULB_MC_Ratia", "circleCode": 9, "divCode": 6, "distCode": 4, "deptCode": 5, "enc_userid": "ULB_1002", "engineer_name": null, "enccode": null, "gisid": "45628", "sectorNumber": null, "estateCode": null, "sectorName": null, "estateName": null, "tttt": "45628", "h_creator_name": null, "h_creator_mob": null, "v_eng_name": null, "v_eng_mob": null, "isRetired": null, "harsac_status": null, "road_status": null, "Shape__Length": 74.30615809643098}}, {"type": "Feature", "id": 66139, "geometry": {"type": "LineString", "coordinates": [[75.56187155060415, 29.670700108893485], [75.56186870384302, 29.6712127722389]]}, "properties": {"OBJECTID": 66139, "rd_name": "No Name", "start_pt": " ", "end_pt": " ", "width": 0, "carrriage": 0, "r_temp_id": "ulb_rat_00285", "mla_cons": "PC SIRSA (SC)", "pwd_cir": "Municipal Committee Ratia", "pwd_div": "Ward 15", "dlp__from": " ", "dlp_to": " ", "source": " ", "ur_id": " ", "district": "04", "vs_con": "Ratia(SC)", "type": " ", "crust": " ", "date": " ", "gis_length": 0.06568216, "road_catog": "ODR", "status": "P", "remarks": " ", "created_user": "SDE", "created_date": 1747503722000, "last_edited_user": "mc_jind", "last_edited_date": 1770226965000, "lengthdoc": 0, "GlobalID": "{468D996D-9BF6-462F-8AEB-6F7EA8ED3423}", "temp_road_id": "143550", "ownership": "DULB", "department": "DULB_MC_Ratia", "circleCode": 9, "divCode": 15, "distCode": 4, "deptCode": 5, "enc_userid": "ULB_1002", "engineer_name": null, "enccode": null, "gisid": "45939", "sectorNumber": null, "estateCode": null, "sectorName": null, "estateName": null, "tttt": "45939", "h_creator_name": null, "h_creator_mob": null, "v_eng_name": null, "v_eng_mob": null, "isRetired": null, "harsac_status": null, "road_status": null, "Shape__Length": 65.68216448603076}}, {"type": "Feature", "id": 66142, "geometry": {"type": "LineString", "coordinates": [[75.57629162914172, 29.685779431274486], [75.57629942472177, 29.68582065671001], [75.5763033467663, 29.685835322269263], [75.576408542181, 29.6862286490858], [75.5764470260078, 29.686348133981767], [75.57645861607156, 29.68639181825796]]}, "properties": {"OBJECTID": 66142, "rd_name": "No Name", "start_pt": " ", "end_pt": " ", "width": 0, "carrriage": 0, "r_temp_id": "ulb_rat_00153", "mla_cons": "PC SIRSA (SC)", "pwd_cir": "Municipal Committee Ratia", "pwd_div": "Ward 7", "dlp__from": " ", "dlp_to": " ", "source": " ", "ur_id": " ", "district": "04", "vs_con": "Ratia(SC)", "type": " ", "crust": " ", "date": " ", "gis_length": 0.08066783, "road_catog": "ODR", "status": "P", "remarks": " ", "created_user": "SDE", "created_date": 1747503722000, "last_edited_user": "mc_jind", "last_edited_date": 1770226965000, "lengthdoc": 0, "GlobalID": "{1EBCE1A0-0A7A-4B23-9651-DD26AF7B9C08}", "temp_road_id": "143587", "ownership": "DULB", "department": "DULB_MC_Ratia", "circleCode": 9, "divCode": 7, "distCode": 4, "deptCode": 5, "enc_userid": "ULB_1002", "engineer_name": null, "enccode": null, "gisid": "45976", "sectorNumber": null, "estateCode": null, "sectorName": null, "estateName": null, "tttt": "45976", "h_creator_name": null, "h_creator_mob": null, "v_eng_name": null, "v_eng_mob": null, "isRetired": null, "harsac_status": null, "road_status": null, "Shape__Length": 80.66783086323838}}, {"type": "Feature", "id": 66143, "geometry": {"type": "LineString", "coordinates": [[75.57771184224971, 29.682668757361924], [75.57772247740438, 29.68343334328701]]}, "properties": {"OBJECTID": 66143, "rd_name": "No Name", "start_pt": " ", "end_pt": " ", "width": 0, "carrriage": 0, "r_temp_id": "ulb_rat_00082", "mla_cons": "PC SIRSA (SC)", "pwd_cir": "Municipal Committee Ratia", "pwd_div": "Ward 11", "dlp__from": " ", "dlp_to": " ", "source": " ", "ur_id": " ", "district": "04", "vs_con": "Ratia(SC)", "type": " ", "crust": " ", "date": " ", "gis_length": 0.09797615, "road_catog": "ODR", "status": "P", "remarks": " ", "created_user": "SDE", "created_date": 1747503722000, "last_edited_user": "mc_jind", "last_edited_date": 1770226965000, "lengthdoc": 0, "GlobalID": "{52888462-9D4B-4037-AE27-38AE2D786E23}", "temp_road_id": "143592", "ownership": "DULB", "department": "DULB_MC_Ratia", "circleCode": 9, "divCode": 11, "distCode": 4, "deptCode": 5, "enc_userid": "ULB_1002", "engineer_name": null, "enccode": null, "gisid": "45981", "sectorNumber": null, "estateCode": null, "sectorName": null, "estateName": null, "tttt": "45981", "h_creator_name": null, "h_creator_mob": null, "v_eng_name": null, "v_eng_mob": null, "isRetired": null, "harsac_status": null, "road_status": null, "Shape__Length": 97.97615312008325}}, {"type": "Feature", "id": 66148, "geometry": {"type": "LineString", "coordinates": [[75.57534639035872, 29.684873480404214], [75.57535380415477, 29.684814678677686], [75.575276964062, 29.68378318297629]]}, "properties": {"OBJECTID": 66148, "rd_name": "No Name", "start_pt": " ", "end_pt": " ", "width": 0, "carrriage": 0, "r_temp_id": "ulb_rat_00120", "mla_cons": "PC SIRSA (SC)", "pwd_cir": "Municipal Committee Ratia", "pwd_div": "Ward 10", "dlp__from": " ", "dlp_to": " ", "source": " ", "ur_id": " ", "district": "04", "vs_con": "Ratia(SC)", "type": " ", "crust": " ", "date": " ", "gis_length": 0.14002687, "road_catog": "ODR", "status": "P", "remarks": " ", "created_user": "SDE", "created_date": 1747503722000, "last_edited_user": "mc_jind", "last_edited_date": 1770226965000, "lengthdoc": 0, "GlobalID": "{075F11B4-55D6-416B-A00B-2979DF2F5617}", "temp_road_id": "143709", "ownership": "DULB", "department": "DULB_MC_Ratia", "circleCode": 9, "divCode": 10, "distCode": 4, "deptCode": 5, "enc_userid": "ULB_1002", "engineer_name": null, "enccode": null, "gisid": "46098", "sectorNumber": null, "estateCode": null, "sectorName": null, "estateName": null, "tttt": "46098", "h_creator_name": null, "h_creator_mob": null, "v_eng_name": null, "v_eng_mob": null, "isRetired": null, "harsac_status": null, "road_status": null, "Shape__Length": 140.02686715411045}}, {"type": "Feature", "id": 66160, "geometry": {"type": "LineString", "coordinates": [[75.57571501134063, 29.681323381379027], [75.57572463678889, 29.68200902934515], [75.575682559701, 29.682004754849512], [75.57568259114203, 29.682009089439365]]}, "properties": {"OBJECTID": 66160, "rd_name": "No Name", "start_pt": " ", "end_pt": " ", "width": 0, "carrriage": 0, "r_temp_id": "ulb_rat_00043", "mla_cons": "PC SIRSA (SC)", "pwd_cir": "Municipal Committee Ratia", "pwd_div": "Ward 10", "dlp__from": " ", "dlp_to": " ", "source": " ", "ur_id": " ", "district": "04", "vs_con": "Ratia(SC)", "type": " ", "crust": " ", "date": " ", "gis_length": 0.09313106, "road_catog": "ODR", "status": "P", "remarks": " ", "created_user": "SDE", "created_date": 1747503722000, "last_edited_user": "mc_jind", "last_edited_date": 1770226965000, "lengthdoc": 0, "GlobalID": "{2A5996C0-AB79-4105-987A-DD2B93541787}", "temp_road_id": "144081", "ownership": "DULB", "department": "DULB_MC_Ratia", "circleCode": 9, "divCode": 10, "distCode": 4, "deptCode": 5, "enc_userid": "ULB_1002", "engineer_name": null, "enccode": null, "gisid": "46470", "sectorNumber": null, "estateCode": null, "sectorName": null, "estateName": null, "tttt": "46470", "h_creator_name": null, "h_creator_mob": null, "v_eng_name": null, "v_eng_mob": null, "isRetired": null, "harsac_status": null, "road_status": null, "Shape__Length": 93.13105761213862}}, {"type": "Feature", "id": 66166, "geometry": {"type": "LineString", "coordinates": [[75.56911369925447, 29.676761416475472], [75.56885049287622, 29.676633317663246], [75.5676702907475, 29.676120930928672], [75.56686032117834, 29.675828004652796], [75.5662383510318, 29.675577863466593]]}, "properties": {"OBJECTID": 66166, "rd_name": "No Name", "start_pt": " ", "end_pt": " ", "width": 0, "carrriage": 0, "r_temp_id": "ulb_rat_00293", "mla_cons": "PC SIRSA (SC)", "pwd_cir": "Municipal Committee Ratia", "pwd_div": "Ward 15", "dlp__from": " ", "dlp_to": " ", "source": " ", "ur_id": " ", "district": "04", "vs_con": "Ratia(SC)", "type": " ", "crust": " ", "date": " ", "gis_length": 0.35441232, "road_catog": "ODR", "status": "P", "remarks": " ", "created_user": "SDE", "created_date": 1747503722000, "last_edited_user": "mc_jind", "last_edited_date": 1770226965000, "lengthdoc": 0, "GlobalID": "{D04A66B0-0701-4150-87D3-7029B113EDC2}", "temp_road_id": "144420", "ownership": "DULB", "department": "DULB_MC_Ratia", "circleCode": 9, "divCode": 15, "distCode": 4, "deptCode": 5, "enc_userid": "ULB_1002", "engineer_name": null, "enccode": null, "gisid": "46808", "sectorNumber": null, "estateCode": null, "sectorName": null, "estateName": null, "tttt": "46808", "h_creator_name": null, "h_creator_mob": null, "v_eng_name": null, "v_eng_mob": null, "isRetired": null, "harsac_status": null, "road_status": null, "Shape__Length": 354.41231542306423}}, {"type": "Feature", "id": 66180, "geometry": {"type": "LineString", "coordinates": [[75.57296520447554, 29.689287265518814], [75.57296364050866, 29.689313371060486], [75.57296696337689, 29.689397748913155], [75.5729693861332, 29.689490652418904], [75.57296760297734, 29.689507294941965], [75.57296921186001, 29.689588171040608]]}, "properties": {"OBJECTID": 66180, "rd_name": "No Name", "start_pt": " ", "end_pt": " ", "width": 0, "carrriage": 0, "r_temp_id": "ulb_rat_00215", "mla_cons": "PC SIRSA (SC)", "pwd_cir": "Municipal Committee Ratia", "pwd_div": "Ward 2", "dlp__from": " ", "dlp_to": " ", "source": " ", "ur_id": " ", "district": "04", "vs_con": "Ratia(SC)", "type": " ", "crust": " ", "date": " ", "gis_length": 0.03858317, "road_catog": "ODR", "status": "P", "remarks": " ", "created_user": "SDE", "created_date": 1747503722000, "last_edited_user": "mc_jind", "last_edited_date": 1770226965000, "lengthdoc": 0, "GlobalID": "{7AC6EE46-9F0A-4247-BD3B-1474B20A568F}", "temp_road_id": "144987", "ownership": "DULB", "department": "DULB_MC_Ratia", "circleCode": 9, "divCode": 2, "distCode": 4, "deptCode": 5, "enc_userid": "ULB_1002", "engineer_name": null, "enccode": null, "gisid": "47375", "sectorNumber": null, "estateCode": null, "sectorName": null, "estateName": null, "tttt": "47375", "h_creator_name": null, "h_creator_mob": null, "v_eng_name": null, "v_eng_mob": null, "isRetired": null, "harsac_status": null, "road_status": null, "Shape__Length": 38.58317311892453}}, {"type": "Feature", "id": 66185, "geometry": {"type": "LineString", "coordinates": [[75.56823008310332, 29.679335219180828], [75.56822126434218, 29.67944545986386], [75.56818029487704, 29.679447304101714], [75.5681802885888, 29.679447378245825], [75.56817038286619, 29.679571222287496], [75.56818214720313, 29.680163086683606]]}, "properties": {"OBJECTID": 66185, "rd_name": "No Name", "start_pt": " ", "end_pt": " ", "width": 0, "carrriage": 0, "r_temp_id": "ulb_rat_00228", "mla_cons": "PC SIRSA (SC)", "pwd_cir": "Municipal Committee Ratia", "pwd_div": "Ward 16", "dlp__from": " ", "dlp_to": " ", "source": " ", "ur_id": " ", "district": "04", "vs_con": "Ratia(SC)", "type": " ", "crust": " ", "date": " ", "gis_length": 0.11048819, "road_catog": "ODR", "status": "P", "remarks": " ", "created_user": "SDE", "created_date": 1747503722000, "last_edited_user": "mc_jind", "last_edited_date": 1770226965000, "lengthdoc": 0, "GlobalID": "{E3508104-76BC-4DF3-B242-D9253A573998}", "temp_road_id": "145165", "ownership": "DULB", "department": "DULB_MC_Ratia", "circleCode": 9, "divCode": 16, "distCode": 4, "deptCode": 5, "enc_userid": "ULB_1002", "engineer_name": null, "enccode": null, "gisid": "47553", "sectorNumber": null, "estateCode": null, "sectorName": null, "estateName": null, "tttt": "47553", "h_creator_name": null, "h_creator_mob": null, "v_eng_name": null, "v_eng_mob": null, "isRetired": null, "harsac_status": null, "road_status": null, "Shape__Length": 110.48819189461335}}, {"type": "Feature", "id": 66194, "geometry": {"type": "LineString", "coordinates": [[75.57260510401413, 29.69065549829551], [75.5726869288584, 29.69156303816417], [75.57295026369574, 29.692495134894248], [75.57296562668374, 29.692549512152087]]}, "properties": {"OBJECTID": 66194, "rd_name": "No Name", "start_pt": " ", "end_pt": " ", "width": 0, "carrriage": 0, "r_temp_id": "ulb_rat_00245", "mla_cons": "PC SIRSA (SC)", "pwd_cir": "Municipal Committee Ratia", "pwd_div": "Ward 1", "dlp__from": " ", "dlp_to": " ", "source": " ", "ur_id": " ", "district": "04", "vs_con": "Ratia(SC)", "type": " ", "crust": " ", "date": " ", "gis_length": 0.24681469, "road_catog": "ODR", "status": "P", "remarks": " ", "created_user": "SDE", "created_date": 1747503722000, "last_edited_user": "mc_jind", "last_edited_date": 1770226965000, "lengthdoc": 0, "GlobalID": "{16CE1D48-1F6E-4AD6-B20C-4ACE6A46B279}", "temp_road_id": "145446", "ownership": "DULB", "department": "DULB_MC_Ratia", "circleCode": 9, "divCode": 1, "distCode": 4, "deptCode": 5, "enc_userid": "ULB_1002", "engineer_name": null, "enccode": null, "gisid": "47833", "sectorNumber": null, "estateCode": null, "sectorName": null, "estateName": null, "tttt": "47833", "h_creator_name": null, "h_creator_mob": null, "v_eng_name": null, "v_eng_mob": null, "isRetired": null, "harsac_status": null, "road_status": null, "Shape__Length": 246.81469006797536}}, {"type": "Feature", "id": 66200, "geometry": {"type": "LineString", "coordinates": [[75.56416282411054, 29.668560204853286], [75.56416524776519, 29.66899324942561], [75.56416541575014, 29.66902304909548], [75.56417261754378, 29.670100953995533], [75.56417275678265, 29.670121765454535], [75.56417903151491, 29.670420947166352], [75.56418265531876, 29.670456266352392]]}, "properties": {"OBJECTID": 66200, "rd_name": "No Name", "start_pt": " ", "end_pt": " ", "width": 0, "carrriage": 0, "r_temp_id": "ulb_rat_00269", "mla_cons": "PC SIRSA (SC)", "pwd_cir": "Municipal Committee Ratia", "pwd_div": "Ward 15", "dlp__from": " ", "dlp_to": " ", "source": " ", "ur_id": " ", "district": "04", "vs_con": "Ratia(SC)", "type": " ", "crust": " ", "date": " ", "gis_length": 0.24294348, "road_catog": "ODR", "status": "P", "remarks": " ", "created_user": "SDE", "created_date": 1747503722000, "last_edited_user": "mc_jind", "last_edited_date": 1770226965000, "lengthdoc": 0, "GlobalID": "{539AB1DE-5EE1-41CE-8412-3ECCB72F1A52}", "temp_road_id": "145725", "ownership": "DULB", "department": "DULB_MC_Ratia", "circleCode": 9, "divCode": 15, "distCode": 4, "deptCode": 5, "enc_userid": "ULB_1002", "engineer_name": null, "enccode": null, "gisid": "48112", "sectorNumber": null, "estateCode": null, "sectorName": null, "estateName": null, "tttt": "48112", "h_creator_name": null, "h_creator_mob": null, "v_eng_name": null, "v_eng_mob": null, "isRetired": null, "harsac_status": null, "road_status": null, "Shape__Length": 242.94348363999603}}, {"type": "Feature", "id": 66206, "geometry": {"type": "LineString", "coordinates": [[75.5672682425556, 29.679438984349044], [75.56727036078301, 29.67941129345998], [75.56728322465788, 29.678574446687705]]}, "properties": {"OBJECTID": 66206, "rd_name": "No Name", "start_pt": " ", "end_pt": " ", "width": 0, "carrriage": 0, "r_temp_id": "ulb_rat_00219", "mla_cons": "PC SIRSA (SC)", "pwd_cir": "Municipal Committee Ratia", "pwd_div": "Ward 16", "dlp__from": " ", "dlp_to": " ", "source": " ", "ur_id": " ", "district": "04", "vs_con": "Ratia(SC)", "type": " ", "crust": " ", "date": " ", "gis_length": 0.11078909, "road_catog": "ODR", "status": "P", "remarks": " ", "created_user": "SDE", "created_date": 1747503722000, "last_edited_user": "mc_jind", "last_edited_date": 1770226965000, "lengthdoc": 0, "GlobalID": "{88267E8D-E826-4A64-9B8E-477B6B622B4E}", "temp_road_id": "145886", "ownership": "DULB", "department": "DULB_MC_Ratia", "circleCode": 9, "divCode": 16, "distCode": 4, "deptCode": 5, "enc_userid": "ULB_1002", "engineer_name": null, "enccode": null, "gisid": "48273", "sectorNumber": null, "estateCode": null, "sectorName": null, "estateName": null, "tttt": "48273", "h_creator_name": null, "h_creator_mob": null, "v_eng_name": null, "v_eng_mob": null, "isRetired": null, "harsac_status": null, "road_status": null, "Shape__Length": 110.78908893523138}}, {"type": "Feature", "id": 66215, "geometry": {"type": "LineString", "coordinates": [[75.57566768539651, 29.67909823759472], [75.57565986376532, 29.679530900407535]]}, "properties": {"OBJECTID": 66215, "rd_name": "No Name", "start_pt": " ", "end_pt": " ", "width": 0, "carrriage": 0, "r_temp_id": "ulb_rat_00022", "mla_cons": "PC SIRSA (SC)", "pwd_cir": "Municipal Committee Ratia", "pwd_div": "Ward 10", "dlp__from": " ", "dlp_to": " ", "source": " ", "ur_id": " ", "district": "04", "vs_con": "Ratia(SC)", "type": " ", "crust": " ", "date": " ", "gis_length": 0.05544334, "road_catog": "ODR", "status": "P", "remarks": " ", "created_user": "SDE", "created_date": 1747503722000, "last_edited_user": "mc_jind", "last_edited_date": 1770226965000, "lengthdoc": 0, "GlobalID": "{C4AFBC26-CC30-4F70-A189-CF66E85E541D}", "temp_road_id": "146292", "ownership": "DULB", "department": "DULB_MC_Ratia", "circleCode": 9, "divCode": 10, "distCode": 4, "deptCode": 5, "enc_userid": "ULB_1002", "engineer_name": null, "enccode": null, "gisid": "48679", "sectorNumber": null, "estateCode": null, "sectorName": null, "estateName": null, "tttt": "48679", "h_creator_name": null, "h_creator_mob": null, "v_eng_name": null, "v_eng_mob": null, "isRetired": null, "harsac_status": null, "road_status": null, "Shape__Length": 55.44333729800183}}, {"type": "Feature", "id": 66224, "geometry": {"type": "LineString", "coordinates": [[75.56961579461621, 29.679406256339696], [75.56961641086049, 29.679426828611586], [75.56963519283643, 29.68005423600607], [75.56967984269933, 29.680750090827317], [75.56968491009586, 29.680943872799315], [75.56968606712593, 29.680988139300585]]}, "properties": {"OBJECTID": 66224, "rd_name": "No Name", "start_pt": " ", "end_pt": " ", "width": 0, "carrriage": 0, "r_temp_id": "ulb_rat_00224", "mla_cons": "PC SIRSA (SC)", "pwd_cir": "Municipal Committee Ratia", "pwd_div": "Ward 16", "dlp__from": " ", "dlp_to": " ", "source": " ", "ur_id": " ", "district": "04", "vs_con": "Ratia(SC)", "type": " ", "crust": " ", "date": " ", "gis_length": 0.20286068, "road_catog": "ODR", "status": "P", "remarks": " ", "created_user": "SDE", "created_date": 1747503722000, "last_edited_user": "mc_jind", "last_edited_date": 1770226965000, "lengthdoc": 0, "GlobalID": "{F2C4B7B1-9439-4A69-82EB-9A15EB72DCFC}", "temp_road_id": "146433", "ownership": "DULB", "department": "DULB_MC_Ratia", "circleCode": 9, "divCode": 16, "distCode": 4, "deptCode": 5, "enc_userid": "ULB_1002", "engineer_name": null, "enccode": null, "gisid": "48820", "sectorNumber": null, "estateCode": null, "sectorName": null, "estateName": null, "tttt": "48820", "h_creator_name": null, "h_creator_mob": null, "v_eng_name": null, "v_eng_mob": null, "isRetired": null, "harsac_status": null, "road_status": null, "Shape__Length": 202.86068154274062}}, {"type": "Feature", "id": 66235, "geometry": {"type": "LineString", "coordinates": [[75.5765077116968, 29.68050080165801], [75.57650777817213, 29.680881719848383], [75.57650778086709, 29.68090068798687], [75.57651189964264, 29.6813168318424], [75.57648057359206, 29.68132170731374]]}, "properties": {"OBJECTID": 66235, "rd_name": "No Name", "start_pt": " ", "end_pt": " ", "width": 0, "carrriage": 0, "r_temp_id": "ulb_rat_00036", "mla_cons": "PC SIRSA (SC)", "pwd_cir": "Municipal Committee Ratia", "pwd_div": "Ward 10", "dlp__from": " ", "dlp_to": " ", "source": " ", "ur_id": " ", "district": "04", "vs_con": "Ratia(SC)", "type": " ", "crust": " ", "date": " ", "gis_length": 0.10810318, "road_catog": "ODR", "status": "P", "remarks": " ", "created_user": "SDE", "created_date": 1747503722000, "last_edited_user": "mc_jind", "last_edited_date": 1770226965000, "lengthdoc": 0, "GlobalID": "{22382BEE-CD84-4791-B25E-1408AC86C897}", "temp_road_id": "146905", "ownership": "DULB", "department": "DULB_MC_Ratia", "circleCode": 9, "divCode": 10, "distCode": 4, "deptCode": 5, "enc_userid": "ULB_1002", "engineer_name": null, "enccode": null, "gisid": "49292", "sectorNumber": null, "estateCode": null, "sectorName": null, "estateName": null, "tttt": "49292", "h_creator_name": null, "h_creator_mob": null, "v_eng_name": null, "v_eng_mob": null, "isRetired": null, "harsac_status": null, "road_status": null, "Shape__Length": 108.10318462869118}}, {"type": "Feature", "id": 66242, "geometry": {"type": "LineString", "coordinates": [[75.57858419622211, 29.68266991241242], [75.57819300596701, 29.682667100488693], [75.57816599632139, 29.682666905378827]]}, "properties": {"OBJECTID": 66242, "rd_name": "No Name", "start_pt": " ", "end_pt": " ", "width": 0, "carrriage": 0, "r_temp_id": "ulb_rat_00059", "mla_cons": "PC SIRSA (SC)", "pwd_cir": "Municipal Committee Ratia", "pwd_div": "Ward 11", "dlp__from": " ", "dlp_to": " ", "source": " ", "ur_id": " ", "district": "04", "vs_con": "Ratia(SC)", "type": " ", "crust": " ", "date": " ", "gis_length": 0.04655539, "road_catog": "ODR", "status": "P", "remarks": " ", "created_user": "SDE", "created_date": 1747503722000, "last_edited_user": "mc_jind", "last_edited_date": 1770226965000, "lengthdoc": 0, "GlobalID": "{ACA5D2CE-455F-4E37-AA26-A985F51DD1C2}", "temp_road_id": "146962", "ownership": "DULB", "department": "DULB_MC_Ratia", "circleCode": 9, "divCode": 11, "distCode": 4, "deptCode": 5, "enc_userid": "ULB_1002", "engineer_name": null, "enccode": null, "gisid": "49349", "sectorNumber": null, "estateCode": null, "sectorName": null, "estateName": null, "tttt": "49349", "h_creator_name": null, "h_creator_mob": null, "v_eng_name": null, "v_eng_mob": null, "isRetired": null, "harsac_status": null, "road_status": null, "Shape__Length": 46.5553944323286}}, {"type": "Feature", "id": 66256, "geometry": {"type": "LineString", "coordinates": [[75.57960016296069, 29.68320614787619], [75.57958410826993, 29.68265112410893]]}, "properties": {"OBJECTID": 66256, "rd_name": "No Name", "start_pt": " ", "end_pt": " ", "width": 0, "carrriage": 0, "r_temp_id": "ulb_rat_00074", "mla_cons": "PC SIRSA (SC)", "pwd_cir": "Municipal Committee Ratia", "pwd_div": "Ward 11", "dlp__from": " ", "dlp_to": " ", "source": " ", "ur_id": " ", "district": "04", "vs_con": "Ratia(SC)", "type": " ", "crust": " ", "date": " ", "gis_length": 0.07113945, "road_catog": "ODR", "status": "P", "remarks": " ", "created_user": "SDE", "created_date": 1747503722000, "last_edited_user": "mc_jind", "last_edited_date": 1770226965000, "lengthdoc": 0, "GlobalID": "{47A9F28B-037F-4E49-82B8-6EEA798C63FC}", "temp_road_id": "147409", "ownership": "DULB", "department": "DULB_MC_Ratia", "circleCode": 9, "divCode": 11, "distCode": 4, "deptCode": 5, "enc_userid": "ULB_1002", "engineer_name": null, "enccode": null, "gisid": "49796", "sectorNumber": null, "estateCode": null, "sectorName": null, "estateName": null, "tttt": "49796", "h_creator_name": null, "h_creator_mob": null, "v_eng_name": null, "v_eng_mob": null, "isRetired": null, "harsac_status": null, "road_status": null, "Shape__Length": 71.13945299789702}}, {"type": "Feature", "id": 66261, "geometry": {"type": "LineString", "coordinates": [[75.57646085107999, 29.6863970657391], [75.57642919444937, 29.68640258792442], [75.57588604338422, 29.686497328162126], [75.57586985214952, 29.68650016495181]]}, "properties": {"OBJECTID": 66261, "rd_name": "No Name", "start_pt": " ", "end_pt": " ", "width": 0, "carrriage": 0, "r_temp_id": "ulb_rat_00154", "mla_cons": "PC SIRSA (SC)", "pwd_cir": "Municipal Committee Ratia", "pwd_div": "Ward 7", "dlp__from": " ", "dlp_to": " ", "source": " ", "ur_id": " ", "district": "04", "vs_con": "Ratia(SC)", "type": " ", "crust": " ", "date": " ", "gis_length": 0.067103, "road_catog": "ODR", "status": "P", "remarks": " ", "created_user": "SDE", "created_date": 1747503722000, "last_edited_user": "mc_jind", "last_edited_date": 1770226965000, "lengthdoc": 0, "GlobalID": "{4DF191D4-0263-413C-A323-AC70B9B97E78}", "temp_road_id": "147558", "ownership": "DULB", "department": "DULB_MC_Ratia", "circleCode": 9, "divCode": 7, "distCode": 4, "deptCode": 5, "enc_userid": "ULB_1002", "engineer_name": null, "enccode": null, "gisid": "49945", "sectorNumber": null, "estateCode": null, "sectorName": null, "estateName": null, "tttt": "49945", "h_creator_name": null, "h_creator_mob": null, "v_eng_name": null, "v_eng_mob": null, "isRetired": null, "harsac_status": null, "road_status": null, "Shape__Length": 67.10299988636474}}, {"type": "Feature", "id": 66264, "geometry": {"type": "LineString", "coordinates": [[75.57925431966113, 29.691049593645186], [75.57922056815929, 29.69104735240961], [75.57861707635817, 29.69091464261475], [75.57859388904403, 29.690929695277212]]}, "properties": {"OBJECTID": 66264, "rd_name": "No Name", "start_pt": " ", "end_pt": " ", "width": 0, "carrriage": 0, "r_temp_id": "ulb_rat_00185", "mla_cons": "PC SIRSA (SC)", "pwd_cir": "Municipal Committee Ratia", "pwd_div": "Ward 3", "dlp__from": " ", "dlp_to": " ", "source": " ", "ur_id": " ", "district": "04", "vs_con": "Ratia(SC)", "type": " ", "crust": " ", "date": " ", "gis_length": 0.07628987, "road_catog": "ODR", "status": "P", "remarks": " ", "created_user": "SDE", "created_date": 1747503722000, "last_edited_user": "mc_jind", "last_edited_date": 1770226965000, "lengthdoc": 0, "GlobalID": "{6A922106-01F3-4133-83BC-4070E7EFA953}", "temp_road_id": "147709", "ownership": "DULB", "department": "DULB_MC_Ratia", "circleCode": 9, "divCode": 3, "distCode": 4, "deptCode": 5, "enc_userid": "ULB_1002", "engineer_name": null, "enccode": null, "gisid": "50096", "sectorNumber": null, "estateCode": null, "sectorName": null, "estateName": null, "tttt": "50096", "h_creator_name": null, "h_creator_mob": null, "v_eng_name": null, "v_eng_mob": null, "isRetired": null, "harsac_status": null, "road_status": null, "Shape__Length": 76.28986520528494}}, {"type": "Feature", "id": 66266, "geometry": {"type": "LineString", "coordinates": [[75.57689021164981, 29.691835998907067], [75.57685708357879, 29.69184233861955], [75.57683646544636, 29.691846283381384], [75.57672401074585, 29.69187137846189], [75.57608672432372, 29.692030049021987], [75.57559718022313, 29.69215874002035], [75.57548179791307, 29.69218141823038]]}, "properties": {"OBJECTID": 66266, "rd_name": "No Name", "start_pt": " ", "end_pt": " ", "width": 0, "carrriage": 0, "r_temp_id": "ulb_rat_00199", "mla_cons": "PC SIRSA (SC)", "pwd_cir": "Municipal Committee Ratia", "pwd_div": "Ward 2", "dlp__from": " ", "dlp_to": " ", "source": " ", "ur_id": " ", "district": "04", "vs_con": "Ratia(SC)", "type": " ", "crust": " ", "date": " ", "gis_length": 0.16295528, "road_catog": "ODR", "status": "P", "remarks": " ", "created_user": "SDE", "created_date": 1747503722000, "last_edited_user": "mc_jind", "last_edited_date": 1770226965000, "lengthdoc": 0, "GlobalID": "{EB558CDC-B8D7-4FD2-B570-E95114BCC979}", "temp_road_id": "147831", "ownership": "DULB", "department": "DULB_MC_Ratia", "circleCode": 9, "divCode": 2, "distCode": 4, "deptCode": 5, "enc_userid": "ULB_1002", "engineer_name": null, "enccode": null, "gisid": "50218", "sectorNumber": null, "estateCode": null, "sectorName": null, "estateName": null, "tttt": "50218", "h_creator_name": null, "h_creator_mob": null, "v_eng_name": null, "v_eng_mob": null, "isRetired": null, "harsac_status": null, "road_status": null, "Shape__Length": 162.95528427625433}}, {"type": "Feature", "id": 66278, "geometry": {"type": "LineString", "coordinates": [[75.58001980914904, 29.682648618116996], [75.57958410826993, 29.68265112410893], [75.5795572702025, 29.682651278635987], [75.57954895090465, 29.682651326242798]]}, "properties": {"OBJECTID": 66278, "rd_name": "No Name", "start_pt": " ", "end_pt": " ", "width": 0, "carrriage": 0, "r_temp_id": "ulb_rat_00070", "mla_cons": "PC SIRSA (SC)", "pwd_cir": "Municipal Committee Ratia", "pwd_div": "Ward 11", "dlp__from": " ", "dlp_to": " ", "source": " ", "ur_id": " ", "district": "04", "vs_con": "Ratia(SC)", "type": " ", "crust": " ", "date": " ", "gis_length": 0.05241685, "road_catog": "ODR", "status": "P", "remarks": " ", "created_user": "SDE", "created_date": 1747503722000, "last_edited_user": "mc_jind", "last_edited_date": 1770226965000, "lengthdoc": 0, "GlobalID": "{C475DED6-0107-407D-9003-C1C872B4300D}", "temp_road_id": "148263", "ownership": "DULB", "department": "DULB_MC_Ratia", "circleCode": 9, "divCode": 11, "distCode": 4, "deptCode": 5, "enc_userid": "ULB_1002", "engineer_name": null, "enccode": null, "gisid": "50650", "sectorNumber": null, "estateCode": null, "sectorName": null, "estateName": null, "tttt": "50650", "h_creator_name": null, "h_creator_mob": null, "v_eng_name": null, "v_eng_mob": null, "isRetired": null, "harsac_status": null, "road_status": null, "Shape__Length": 52.41684858471009}}, {"type": "Feature", "id": 66297, "geometry": {"type": "LineString", "coordinates": [[75.57953375769824, 29.69104494495425], [75.5795211758944, 29.691026929226464], [75.57950405580172, 29.691030189631757], [75.57925431966113, 29.691049593645186], [75.57925421904983, 29.691072993951707], [75.57926806927489, 29.691403968877054]]}, "properties": {"OBJECTID": 66297, "rd_name": "No Name", "start_pt": " ", "end_pt": " ", "width": 0, "carrriage": 0, "r_temp_id": "ulb_rat_00184", "mla_cons": "PC SIRSA (SC)", "pwd_cir": "Municipal Committee Ratia", "pwd_div": "Ward 4", "dlp__from": " ", "dlp_to": " ", "source": " ", "ur_id": " ", "district": "04", "vs_con": "Ratia(SC)", "type": " ", "crust": " ", "date": " ", "gis_length": 0.07800181, "road_catog": "ODR", "status": "P", "remarks": " ", "created_user": "SDE", "created_date": 1747503722000, "last_edited_user": "mc_jind", "last_edited_date": 1770226965000, "lengthdoc": 0, "GlobalID": "{BBEC98DB-76DA-43D7-96A5-89F529D25C09}", "temp_road_id": "148947", "ownership": "DULB", "department": "DULB_MC_Ratia", "circleCode": 9, "divCode": 4, "distCode": 4, "deptCode": 5, "enc_userid": "ULB_1002", "engineer_name": null, "enccode": null, "gisid": "51334", "sectorNumber": null, "estateCode": null, "sectorName": null, "estateName": null, "tttt": "51334", "h_creator_name": null, "h_creator_mob": null, "v_eng_name": null, "v_eng_mob": null, "isRetired": null, "harsac_status": null, "road_status": null, "Shape__Length": 78.00181387733535}}, {"type": "Feature", "id": 66298, "geometry": {"type": "LineString", "coordinates": [[75.57885300988437, 29.679081471595172], [75.57781186696165, 29.67909385449038], [75.57779973701038, 29.679093999657265], [75.5777784855657, 29.679094251748236], [75.57744220034078, 29.67909364298372], [75.57679749203776, 29.6790911041235], [75.57679673116472, 29.679091101001635]]}, "properties": {"OBJECTID": 66298, "rd_name": "No Name", "start_pt": " ", "end_pt": " ", "width": 0, "carrriage": 0, "r_temp_id": "ulb_rat_00001", "mla_cons": "PC SIRSA (SC)", "pwd_cir": "Municipal Committee Ratia", "pwd_div": "Ward 10", "dlp__from": " ", "dlp_to": " ", "source": " ", "ur_id": " ", "district": "04", "vs_con": "Ratia(SC)", "type": " ", "crust": " ", "date": " ", "gis_length": 0.22891593, "road_catog": "ODR", "status": "P", "remarks": " ", "created_user": "SDE", "created_date": 1747503722000, "last_edited_user": "mc_jind", "last_edited_date": 1770226965000, "lengthdoc": 0, "GlobalID": "{C6F599CA-4660-49EB-87FE-A97233B4F8C8}", "temp_road_id": "148956", "ownership": "DULB", "department": "DULB_MC_Ratia", "circleCode": 9, "divCode": 10, "distCode": 4, "deptCode": 5, "enc_userid": "ULB_1002", "engineer_name": null, "enccode": null, "gisid": "51343", "sectorNumber": null, "estateCode": null, "sectorName": null, "estateName": null, "tttt": "51343", "h_creator_name": null, "h_creator_mob": null, "v_eng_name": null, "v_eng_mob": null, "isRetired": null, "harsac_status": null, "road_status": null, "Shape__Length": 228.91592735347763}}, {"type": "Feature", "id": 66304, "geometry": {"type": "LineString", "coordinates": [[75.58059263695793, 29.68764525296492], [75.58052744172619, 29.68769650344113], [75.57977133334482, 29.688044296136063], [75.57974875149522, 29.688054474864295], [75.57969218637838, 29.68808497280344]]}, "properties": {"OBJECTID": 66304, "rd_name": "No Name", "start_pt": " ", "end_pt": " ", "width": 0, "carrriage": 0, "r_temp_id": "ulb_rat_00170", "mla_cons": "PC SIRSA (SC)", "pwd_cir": "Municipal Committee Ratia", "pwd_div": "Ward 6", "dlp__from": " ", "dlp_to": " ", "source": " ", "ur_id": " ", "district": "04", "vs_con": "Ratia(SC)", "type": " ", "crust": " ", "date": " ", "gis_length": 0.11527065, "road_catog": "ODR", "status": "P", "remarks": " ", "created_user": "SDE", "created_date": 1747503722000, "last_edited_user": "mc_jind", "last_edited_date": 1770226965000, "lengthdoc": 0, "GlobalID": "{0FA37763-E6E0-4711-A69A-891B49AFCA25}", "temp_road_id": "149103", "ownership": "DULB", "department": "DULB_MC_Ratia", "circleCode": 9, "divCode": 6, "distCode": 4, "deptCode": 5, "enc_userid": "ULB_1002", "engineer_name": null, "enccode": null, "gisid": "51490", "sectorNumber": null, "estateCode": null, "sectorName": null, "estateName": null, "tttt": "51490", "h_creator_name": null, "h_creator_mob": null, "v_eng_name": null, "v_eng_mob": null, "isRetired": null, "harsac_status": null, "road_status": null, "Shape__Length": 115.27065498952915}}, {"type": "Feature", "id": 66319, "geometry": {"type": "LineString", "coordinates": [[75.5793454007461, 29.683922003589075], [75.57934571425812, 29.683921981737022], [75.57941713661143, 29.68391694016021], [75.57975831316308, 29.68390942383985]]}, "properties": {"OBJECTID": 66319, "rd_name": "No Name", "start_pt": " ", "end_pt": " ", "width": 0, "carrriage": 0, "r_temp_id": "ulb_rat_00095", "mla_cons": "PC SIRSA (SC)", "pwd_cir": "Municipal Committee Ratia", "pwd_div": "Ward 11", "dlp__from": " ", "dlp_to": " ", "source": " ", "ur_id": " ", "district": "04", "vs_con": "Ratia(SC)", "type": " ", "crust": " ", "date": " ", "gis_length": 0.04600372, "road_catog": "ODR", "status": "P", "remarks": " ", "created_user": "SDE", "created_date": 1747503722000, "last_edited_user": "mc_jind", "last_edited_date": 1770226965000, "lengthdoc": 0, "GlobalID": "{1983B7FA-FD14-44B4-A7C7-F7AD58D3384D}", "temp_road_id": "149689", "ownership": "DULB", "department": "DULB_MC_Ratia", "circleCode": 9, "divCode": 11, "distCode": 4, "deptCode": 5, "enc_userid": "ULB_1002", "engineer_name": null, "enccode": null, "gisid": "52076", "sectorNumber": null, "estateCode": null, "sectorName": null, "estateName": null, "tttt": "52076", "h_creator_name": null, "h_creator_mob": null, "v_eng_name": null, "v_eng_mob": null, "isRetired": null, "harsac_status": null, "road_status": null, "Shape__Length": 46.00372229917825}}, {"type": "Feature", "id": 66324, "geometry": {"type": "LineString", "coordinates": [[75.56968491009586, 29.680943872799315], [75.5696822340146, 29.681001581034977], [75.56968208130104, 29.6810048800076], [75.56965584510485, 29.681570430963834]]}, "properties": {"OBJECTID": 66324, "rd_name": "No Name", "start_pt": " ", "end_pt": " ", "width": 0, "carrriage": 0, "r_temp_id": "ulb_rat_00300", "mla_cons": "PC SIRSA (SC)", "pwd_cir": "Municipal Committee Ratia", "pwd_div": "Ward 16", "dlp__from": " ", "dlp_to": " ", "source": " ", "ur_id": " ", "district": "04", "vs_con": "Ratia(SC)", "type": " ", "crust": " ", "date": " ", "gis_length": 0.08034677, "road_catog": "ODR", "status": "P", "remarks": " ", "created_user": "SDE", "created_date": 1747503722000, "last_edited_user": "mc_jind", "last_edited_date": 1770226965000, "lengthdoc": 0, "GlobalID": "{7FE29FEB-EB2B-452D-9A60-687D9F3A687F}", "temp_road_id": "149870", "ownership": "DULB", "department": "DULB_MC_Ratia", "circleCode": 9, "divCode": 16, "distCode": 4, "deptCode": 5, "enc_userid": "ULB_1002", "engineer_name": null, "enccode": null, "gisid": "52257", "sectorNumber": null, "estateCode": null, "sectorName": null, "estateName": null, "tttt": "52257", "h_creator_name": null, "h_creator_mob": null, "v_eng_name": null, "v_eng_mob": null, "isRetired": null, "harsac_status": null, "road_status": null, "Shape__Length": 80.34677192756214}}, {"type": "Feature", "id": 66361, "geometry": {"type": "LineString", "coordinates": [[75.57566813635079, 29.678202516281925], [75.57566813365584, 29.67820728029653], [75.57566770426112, 29.67905968562551], [75.57566768719315, 29.679093358113153], [75.57566768539651, 29.67909823759472]]}, "properties": {"OBJECTID": 66361, "rd_name": "No Name", "start_pt": " ", "end_pt": " ", "width": 0, "carrriage": 0, "r_temp_id": "ulb_rat_00019", "mla_cons": "PC SIRSA (SC)", "pwd_cir": "Municipal Committee Ratia", "pwd_div": "Ward 10", "dlp__from": " ", "dlp_to": " ", "source": " ", "ur_id": " ", "district": "04", "vs_con": "Ratia(SC)", "type": " ", "crust": " ", "date": " ", "gis_length": 0.11476681, "road_catog": "ODR", "status": "P", "remarks": " ", "created_user": "SDE", "created_date": 1747503722000, "last_edited_user": "mc_jind", "last_edited_date": 1770226965000, "lengthdoc": 0, "GlobalID": "{36A32036-F0AB-4DE1-8548-3326E2A4401F}", "temp_road_id": "151324", "ownership": "DULB", "department": "DULB_MC_Ratia", "circleCode": 9, "divCode": 10, "distCode": 4, "deptCode": 5, "enc_userid": "ULB_1002", "engineer_name": null, "enccode": null, "gisid": "53711", "sectorNumber": null, "estateCode": null, "sectorName": null, "estateName": null, "tttt": "53711", "h_creator_name": null, "h_creator_mob": null, "v_eng_name": null, "v_eng_mob": null, "isRetired": null, "harsac_status": null, "road_status": null, "Shape__Length": 114.76681098419016}}, {"type": "Feature", "id": 66390, "geometry": {"type": "LineString", "coordinates": [[75.57854561268233, 29.683203456934965], [75.57859812999048, 29.683209323467757], [75.57957486550399, 29.68320453159451], [75.57960016296069, 29.68320614787619]]}, "properties": {"OBJECTID": 66390, "rd_name": "No Name", "start_pt": " ", "end_pt": " ", "width": 0, "carrriage": 0, "r_temp_id": "ulb_rat_00076", "mla_cons": "PC SIRSA (SC)", "pwd_cir": "Municipal Committee Ratia", "pwd_div": "Ward 11", "dlp__from": " ", "dlp_to": " ", "source": " ", "ur_id": " ", "district": "04", "vs_con": "Ratia(SC)", "type": " ", "crust": " ", "date": " ", "gis_length": 0.11744947, "road_catog": "ODR", "status": "P", "remarks": " ", "created_user": "SDE", "created_date": 1747503722000, "last_edited_user": "mc_jind", "last_edited_date": 1770226965000, "lengthdoc": 0, "GlobalID": "{5E96E08F-5AAC-412C-BFB6-3AA237B8CC68}", "temp_road_id": "152214", "ownership": "DULB", "department": "DULB_MC_Ratia", "circleCode": 9, "divCode": 11, "distCode": 4, "deptCode": 5, "enc_userid": "ULB_1002", "engineer_name": null, "enccode": null, "gisid": "54601", "sectorNumber": null, "estateCode": null, "sectorName": null, "estateName": null, "tttt": "54601", "h_creator_name": null, "h_creator_mob": null, "v_eng_name": null, "v_eng_mob": null, "isRetired": null, "harsac_status": null, "road_status": null, "Shape__Length": 117.4494669740123}}, {"type": "Feature", "id": 66391, "geometry": {"type": "LineString", "coordinates": [[75.57606770698916, 29.679992663948035], [75.57606600288507, 29.680031288922688], [75.57606307617387, 29.680478693667364]]}, "properties": {"OBJECTID": 66391, "rd_name": "No Name", "start_pt": " ", "end_pt": " ", "width": 0, "carrriage": 0, "r_temp_id": "ulb_rat_00031", "mla_cons": "PC SIRSA (SC)", "pwd_cir": "Municipal Committee Ratia", "pwd_div": "Ward 10", "dlp__from": " ", "dlp_to": " ", "source": " ", "ur_id": " ", "district": "04", "vs_con": "Ratia(SC)", "type": " ", "crust": " ", "date": " ", "gis_length": 0.06227946, "road_catog": "ODR", "status": "P", "remarks": " ", "created_user": "SDE", "created_date": 1747503722000, "last_edited_user": "mc_jind", "last_edited_date": 1770226965000, "lengthdoc": 0, "GlobalID": "{84E6DEEF-9569-4CD6-938C-EE4131D1594B}", "temp_road_id": "152221", "ownership": "DULB", "department": "DULB_MC_Ratia", "circleCode": 9, "divCode": 10, "distCode": 4, "deptCode": 5, "enc_userid": "ULB_1002", "engineer_name": null, "enccode": null, "gisid": "54608", "sectorNumber": null, "estateCode": null, "sectorName": null, "estateName": null, "tttt": "54608", "h_creator_name": null, "h_creator_mob": null, "v_eng_name": null, "v_eng_mob": null, "isRetired": null, "harsac_status": null, "road_status": null, "Shape__Length": 62.27946015987885}}, {"type": "Feature", "id": 66393, "geometry": {"type": "LineString", "coordinates": [[75.58371490779768, 29.684973276094073], [75.58371231885306, 29.68481305071552], [75.58372254617255, 29.684550746330515], [75.58373121671166, 29.684481349359295], [75.58376865939105, 29.684448323308068], [75.58397841331495, 29.684322292275752]]}, "properties": {"OBJECTID": 66393, "rd_name": "No Name", "start_pt": " ", "end_pt": " ", "width": 0, "carrriage": 0, "r_temp_id": "ulb_rat_00137", "mla_cons": "PC SIRSA (SC)", "pwd_cir": "Municipal Committee Ratia", "pwd_div": "Ward 12", "dlp__from": " ", "dlp_to": " ", "source": " ", "ur_id": " ", "district": "04", "vs_con": "Ratia(SC)", "type": " ", "crust": " ", "date": " ", "gis_length": 0.09743674, "road_catog": "ODR", "status": "P", "remarks": " ", "created_user": "SDE", "created_date": 1747503722000, "last_edited_user": "mc_jind", "last_edited_date": 1770226965000, "lengthdoc": 0, "GlobalID": "{994C8AF3-A7D3-43E9-97A8-DDB9B354ABC1}", "temp_road_id": "152359", "ownership": "DULB", "department": "DULB_MC_Ratia", "circleCode": 9, "divCode": 12, "distCode": 4, "deptCode": 5, "enc_userid": "ULB_1002", "engineer_name": null, "enccode": null, "gisid": "54746", "sectorNumber": null, "estateCode": null, "sectorName": null, "estateName": null, "tttt": "54746", "h_creator_name": null, "h_creator_mob": null, "v_eng_name": null, "v_eng_mob": null, "isRetired": null, "harsac_status": null, "road_status": null, "Shape__Length": 97.43674292288003}}, {"type": "Feature", "id": 66410, "geometry": {"type": "LineString", "coordinates": [[75.57861707635817, 29.69091464261475], [75.57860177625224, 29.690870074577827], [75.57856973424437, 29.690748303091357], [75.57851597905776, 29.690566913699556], [75.57847437717865, 29.690503930913486], [75.57846425136877, 29.69048443549039]]}, "properties": {"OBJECTID": 66410, "rd_name": "No Name", "start_pt": " ", "end_pt": " ", "width": 0, "carrriage": 0, "r_temp_id": "ulb_rat_00186", "mla_cons": "PC SIRSA (SC)", "pwd_cir": "Municipal Committee Ratia", "pwd_div": "Ward 3", "dlp__from": " ", "dlp_to": " ", "source": " ", "ur_id": " ", "district": "04", "vs_con": "Ratia(SC)", "type": " ", "crust": " ", "date": " ", "gis_length": 0.05801389, "road_catog": "ODR", "status": "P", "remarks": " ", "created_user": "SDE", "created_date": 1747503722000, "last_edited_user": "mc_jind", "last_edited_date": 1770226965000, "lengthdoc": 0, "GlobalID": "{F7A920B5-AA81-4328-B8AA-3BC56EBD3A63}", "temp_road_id": "152773", "ownership": "DULB", "department": "DULB_MC_Ratia", "circleCode": 9, "divCode": 3, "distCode": 4, "deptCode": 5, "enc_userid": "ULB_1002", "engineer_name": null, "enccode": null, "gisid": "55160", "sectorNumber": null, "estateCode": null, "sectorName": null, "estateName": null, "tttt": "55160", "h_creator_name": null, "h_creator_mob": null, "v_eng_name": null, "v_eng_mob": null, "isRetired": null, "harsac_status": null, "road_status": null, "Shape__Length": 58.01388746825041}}, {"type": "Feature", "id": 66427, "geometry": {"type": "LineString", "coordinates": [[75.58031640051651, 29.69077942529462], [75.5802877774966, 29.69079029984171], [75.57955140959358, 29.691019631942787], [75.5795211758944, 29.691026929226464]]}, "properties": {"OBJECTID": 66427, "rd_name": "No Name", "start_pt": " ", "end_pt": " ", "width": 0, "carrriage": 0, "r_temp_id": "ulb_rat_00182", "mla_cons": "PC SIRSA (SC)", "pwd_cir": "Municipal Committee Ratia", "pwd_div": "Ward 4", "dlp__from": " ", "dlp_to": " ", "source": " ", "ur_id": " ", "district": "04", "vs_con": "Ratia(SC)", "type": " ", "crust": " ", "date": " ", "gis_length": 0.09405146, "road_catog": "ODR", "status": "P", "remarks": " ", "created_user": "SDE", "created_date": 1747503722000, "last_edited_user": "mc_jind", "last_edited_date": 1770226965000, "lengthdoc": 0, "GlobalID": "{CEE2CA70-3EEE-4175-8CCC-59758E638189}", "temp_road_id": "153329", "ownership": "DULB", "department": "DULB_MC_Ratia", "circleCode": 9, "divCode": 4, "distCode": 4, "deptCode": 5, "enc_userid": "ULB_1002", "engineer_name": null, "enccode": null, "gisid": "55716", "sectorNumber": null, "estateCode": null, "sectorName": null, "estateName": null, "tttt": "55716", "h_creator_name": null, "h_creator_mob": null, "v_eng_name": null, "v_eng_mob": null, "isRetired": null, "harsac_status": null, "road_status": null, "Shape__Length": 94.05146071545165}}, {"type": "Feature", "id": 66428, "geometry": {"type": "LineString", "coordinates": [[75.5687897200506, 29.67868173022174], [75.56878865195374, 29.678667679410086], [75.56877683551447, 29.67832362083489]]}, "properties": {"OBJECTID": 66428, "rd_name": "No Name", "start_pt": " ", "end_pt": " ", "width": 0, "carrriage": 0, "r_temp_id": "ulb_rat_00211", "mla_cons": "PC SIRSA (SC)", "pwd_cir": "Municipal Committee Ratia", "pwd_div": "Ward 16", "dlp__from": " ", "dlp_to": " ", "source": " ", "ur_id": " ", "district": "04", "vs_con": "Ratia(SC)", "type": " ", "crust": " ", "date": " ", "gis_length": 0.04590724, "road_catog": "ODR", "status": "P", "remarks": " ", "created_user": "SDE", "created_date": 1747503722000, "last_edited_user": "mc_jind", "last_edited_date": 1770226965000, "lengthdoc": 0, "GlobalID": "{4DD34095-F6CD-4F0F-A914-DAB05F8A1226}", "temp_road_id": "153385", "ownership": "DULB", "department": "DULB_MC_Ratia", "circleCode": 9, "divCode": 16, "distCode": 4, "deptCode": 5, "enc_userid": "ULB_1002", "engineer_name": null, "enccode": null, "gisid": "55772", "sectorNumber": null, "estateCode": null, "sectorName": null, "estateName": null, "tttt": "55772", "h_creator_name": null, "h_creator_mob": null, "v_eng_name": null, "v_eng_mob": null, "isRetired": null, "harsac_status": null, "road_status": null, "Shape__Length": 45.90724275181758}}, {"type": "Feature", "id": 66429, "geometry": {"type": "LineString", "coordinates": [[75.5726236057157, 29.687129813223805], [75.57261876289803, 29.687134401224213], [75.57250999218847, 29.687237416957732], [75.57227175268692, 29.68762120100572], [75.5722430694799, 29.6876289589728], [75.57114129925866, 29.687604267080683], [75.57111525979353, 29.687602373046833], [75.57111858086513, 29.687571345849022], [75.57112316406968, 29.686886716015998], [75.57113696398909, 29.686837605003443], [75.57178720681256, 29.686530527571332], [75.57185609142519, 29.686564037572527], [75.57201310346211, 29.68650010564066], [75.57203627999644, 29.686487992899213]]}, "properties": {"OBJECTID": 66429, "rd_name": "No Name", "start_pt": " ", "end_pt": " ", "width": 0, "carrriage": 0, "r_temp_id": "ulb_rat_00254", "mla_cons": "PC SIRSA (SC)", "pwd_cir": "Municipal Committee Ratia", "pwd_div": "Ward 9", "dlp__from": " ", "dlp_to": " ", "source": " ", "ur_id": " ", "district": "04", "vs_con": "Ratia(SC)", "type": " ", "crust": " ", "date": " ", "gis_length": 0.41521617, "road_catog": "ODR", "status": "P", "remarks": " ", "created_user": "SDE", "created_date": 1747503722000, "last_edited_user": "mc_jind", "last_edited_date": 1770226965000, "lengthdoc": 0, "GlobalID": "{BAC8C7F7-A929-4FC1-AAE8-F8D20D269EA8}", "temp_road_id": "153400", "ownership": "DULB", "department": "DULB_MC_Ratia", "circleCode": 9, "divCode": 9, "distCode": 4, "deptCode": 5, "enc_userid": "ULB_1002", "engineer_name": null, "enccode": null, "gisid": "55787", "sectorNumber": null, "estateCode": null, "sectorName": null, "estateName": null, "tttt": "55787", "h_creator_name": null, "h_creator_mob": null, "v_eng_name": null, "v_eng_mob": null, "isRetired": null, "harsac_status": null, "road_status": null, "Shape__Length": 415.21617260749633}}, {"type": "Feature", "id": 66440, "geometry": {"type": "LineString", "coordinates": [[75.56982905915623, 29.67865234550261], [75.56978406613692, 29.67865361766993], [75.5687897200506, 29.67868173022174], [75.5687733222034, 29.678682194601706], [75.56877229363242, 29.67868222269866]]}, "properties": {"OBJECTID": 66440, "rd_name": "No Name", "start_pt": " ", "end_pt": " ", "width": 0, "carrriage": 0, "r_temp_id": "ulb_rat_00210", "mla_cons": "PC SIRSA (SC)", "pwd_cir": "Municipal Committee Ratia", "pwd_div": "Ward 16", "dlp__from": " ", "dlp_to": " ", "source": " ", "ur_id": " ", "district": "04", "vs_con": "Ratia(SC)", "type": " ", "crust": " ", "date": " ", "gis_length": 0.11770087, "road_catog": "ODR", "status": "P", "remarks": " ", "created_user": "SDE", "created_date": 1747503722000, "last_edited_user": "mc_jind", "last_edited_date": 1770226965000, "lengthdoc": 0, "GlobalID": "{9CEC7618-9313-4DD9-8E41-FA65AB6BFA39}", "temp_road_id": "153777", "ownership": "DULB", "department": "DULB_MC_Ratia", "circleCode": 9, "divCode": 16, "distCode": 4, "deptCode": 5, "enc_userid": "ULB_1002", "engineer_name": null, "enccode": null, "gisid": "56164", "sectorNumber": null, "estateCode": null, "sectorName": null, "estateName": null, "tttt": "56164", "h_creator_name": null, "h_creator_mob": null, "v_eng_name": null, "v_eng_mob": null, "isRetired": null, "harsac_status": null, "road_status": null, "Shape__Length": 117.70086905582137}}, {"type": "Feature", "id": 66446, "geometry": {"type": "LineString", "coordinates": [[75.57885274308474, 29.67911663398727], [75.57885277362745, 29.679112698871904], [75.57885300988437, 29.679081471595172], [75.57886088541447, 29.678042232502165], [75.5788618268489, 29.67790565232264], [75.57886185110341, 29.67790212300771]]}, "properties": {"OBJECTID": 66446, "rd_name": "No Name", "start_pt": " ", "end_pt": " ", "width": 0, "carrriage": 0, "r_temp_id": "ulb_rat_00014", "mla_cons": "PC SIRSA (SC)", "pwd_cir": "Municipal Committee Ratia", "pwd_div": "Ward 13", "dlp__from": " ", "dlp_to": " ", "source": " ", "ur_id": " ", "district": "04", "vs_con": "Ratia(SC)", "type": " ", "crust": " ", "date": " ", "gis_length": 0.15561571, "road_catog": "ODR", "status": "P", "remarks": " ", "created_user": "SDE", "created_date": 1747503722000, "last_edited_user": "mc_jind", "last_edited_date": 1770226965000, "lengthdoc": 0, "GlobalID": "{D4EAC8EA-1975-456A-9C25-C15268C2ED82}", "temp_road_id": "153903", "ownership": "DULB", "department": "DULB_MC_Ratia", "circleCode": 9, "divCode": 13, "distCode": 4, "deptCode": 5, "enc_userid": "ULB_1002", "engineer_name": null, "enccode": null, "gisid": "56290", "sectorNumber": null, "estateCode": null, "sectorName": null, "estateName": null, "tttt": "56290", "h_creator_name": null, "h_creator_mob": null, "v_eng_name": null, "v_eng_mob": null, "isRetired": null, "harsac_status": null, "road_status": null, "Shape__Length": 155.6157058493881}}, {"type": "Feature", "id": 66451, "geometry": {"type": "LineString", "coordinates": [[75.57277825967503, 29.68631681764459], [75.57276891180618, 29.686318887295197], [75.57276028438618, 29.68632079852222], [75.57232917569483, 29.68641626695997], [75.57200129690432, 29.686449762951867], [75.57201020280203, 29.68645949622742], [75.57203627999644, 29.686487992899213], [75.5726236057157, 29.687129813223805], [75.57302642017058, 29.68756999653483]]}, "properties": {"OBJECTID": 66451, "rd_name": "No Name", "start_pt": " ", "end_pt": " ", "width": 0, "carrriage": 0, "r_temp_id": "ulb_rat_00252", "mla_cons": "PC SIRSA (SC)", "pwd_cir": "Municipal Committee Ratia", "pwd_div": "Ward 9", "dlp__from": " ", "dlp_to": " ", "source": " ", "ur_id": " ", "district": "04", "vs_con": "Ratia(SC)", "type": " ", "crust": " ", "date": " ", "gis_length": 0.27171969, "road_catog": "ODR", "status": "P", "remarks": " ", "created_user": "SDE", "created_date": 1747503722000, "last_edited_user": "mc_jind", "last_edited_date": 1770226965000, "lengthdoc": 0, "GlobalID": "{4F2DA712-19D3-472E-B6B4-CFED23DB40C9}", "temp_road_id": "154035", "ownership": "DULB", "department": "DULB_MC_Ratia", "circleCode": 9, "divCode": 9, "distCode": 4, "deptCode": 5, "enc_userid": "ULB_1002", "engineer_name": null, "enccode": null, "gisid": "56422", "sectorNumber": null, "estateCode": null, "sectorName": null, "estateName": null, "tttt": "56422", "h_creator_name": null, "h_creator_mob": null, "v_eng_name": null, "v_eng_mob": null, "isRetired": null, "harsac_status": null, "road_status": null, "Shape__Length": 271.7196943234172}}, {"type": "Feature", "id": 66452, "geometry": {"type": "LineString", "coordinates": [[75.57568259114203, 29.682009089439365], [75.57568075229062, 29.6820090808545], [75.57517112904681, 29.682006679426177]]}, "properties": {"OBJECTID": 66452, "rd_name": "No Name", "start_pt": " ", "end_pt": " ", "width": 0, "carrriage": 0, "r_temp_id": "ulb_rat_00045", "mla_cons": "PC SIRSA (SC)", "pwd_cir": "Municipal Committee Ratia", "pwd_div": "Ward 10", "dlp__from": " ", "dlp_to": " ", "source": " ", "ur_id": " ", "district": "04", "vs_con": "Ratia(SC)", "type": " ", "crust": " ", "date": " ", "gis_length": 0.05693654, "road_catog": "ODR", "status": "P", "remarks": " ", "created_user": "SDE", "created_date": 1747503722000, "last_edited_user": "mc_jind", "last_edited_date": 1770226965000, "lengthdoc": 0, "GlobalID": "{2277C46B-C6BE-4DC6-82FA-A8411456C4CD}", "temp_road_id": "154060", "ownership": "DULB", "department": "DULB_MC_Ratia", "circleCode": 9, "divCode": 10, "distCode": 4, "deptCode": 5, "enc_userid": "ULB_1002", "engineer_name": null, "enccode": null, "gisid": "56447", "sectorNumber": null, "estateCode": null, "sectorName": null, "estateName": null, "tttt": "56447", "h_creator_name": null, "h_creator_mob": null, "v_eng_name": null, "v_eng_mob": null, "isRetired": null, "harsac_status": null, "road_status": null, "Shape__Length": 56.936537407531}}, {"type": "Feature", "id": 66470, "geometry": {"type": "LineString", "coordinates": [[75.57886377798968, 29.679667579839307], [75.57887189606491, 29.680460108653495], [75.57880558961716, 29.680964301153256], [75.57880621035302, 29.681029058422524]]}, "properties": {"OBJECTID": 66470, "rd_name": "No Name", "start_pt": " ", "end_pt": " ", "width": 0, "carrriage": 0, "r_temp_id": "ulb_rat_00011", "mla_cons": "PC SIRSA (SC)", "pwd_cir": "Municipal Committee Ratia", "pwd_div": "Ward 12", "dlp__from": " ", "dlp_to": " ", "source": " ", "ur_id": " ", "district": "04", "vs_con": "Ratia(SC)", "type": " ", "crust": " ", "date": " ", "gis_length": 0.17487081, "road_catog": "ODR", "status": "P", "remarks": " ", "created_user": "SDE", "created_date": 1747503722000, "last_edited_user": "mc_jind", "last_edited_date": 1770226965000, "lengthdoc": 0, "GlobalID": "{4A4245E7-A058-46A6-A288-2FD6A51E3D48}", "temp_road_id": "154650", "ownership": "DULB", "department": "DULB_MC_Ratia", "circleCode": 9, "divCode": 12, "distCode": 4, "deptCode": 5, "enc_userid": "ULB_1002", "engineer_name": null, "enccode": null, "gisid": "57037", "sectorNumber": null, "estateCode": null, "sectorName": null, "estateName": null, "tttt": "57037", "h_creator_name": null, "h_creator_mob": null, "v_eng_name": null, "v_eng_mob": null, "isRetired": null, "harsac_status": null, "road_status": null, "Shape__Length": 174.87081408854164}}, {"type": "Feature", "id": 66473, "geometry": {"type": "LineString", "coordinates": [[75.57744849573427, 29.677782095005934], [75.57817577987315, 29.677770495548724]]}, "properties": {"OBJECTID": 66473, "rd_name": "No Name", "start_pt": " ", "end_pt": " ", "width": 0, "carrriage": 0, "r_temp_id": "ulb_rat_00016", "mla_cons": "PC SIRSA (SC)", "pwd_cir": "Municipal Committee Ratia", "pwd_div": "Ward 13", "dlp__from": " ", "dlp_to": " ", "source": " ", "ur_id": " ", "district": "04", "vs_con": "Ratia(SC)", "type": " ", "crust": " ", "date": " ", "gis_length": 0.08097454, "road_catog": "ODR", "status": "P", "remarks": " ", "created_user": "SDE", "created_date": 1747503722000, "last_edited_user": "mc_jind", "last_edited_date": 1770226965000, "lengthdoc": 0, "GlobalID": "{F2CC00EB-5352-4CCC-AA73-BF80AE0C2F93}", "temp_road_id": "154784", "ownership": "DULB", "department": "DULB_MC_Ratia", "circleCode": 9, "divCode": 13, "distCode": 4, "deptCode": 5, "enc_userid": "ULB_1002", "engineer_name": null, "enccode": null, "gisid": "57171", "sectorNumber": null, "estateCode": null, "sectorName": null, "estateName": null, "tttt": "57171", "h_creator_name": null, "h_creator_mob": null, "v_eng_name": null, "v_eng_mob": null, "isRetired": null, "harsac_status": null, "road_status": null, "Shape__Length": 80.97453994466409}}, {"type": "Feature", "id": 66489, "geometry": {"type": "LineString", "coordinates": [[75.57566770426112, 29.67905968562551], [75.57647398085619, 29.679059400754845], [75.57651087466492, 29.679093423672402]]}, "properties": {"OBJECTID": 66489, "rd_name": "No Name", "start_pt": " ", "end_pt": " ", "width": 0, "carrriage": 0, "r_temp_id": "ulb_rat_00020", "mla_cons": "PC SIRSA (SC)", "pwd_cir": "Municipal Committee Ratia", "pwd_div": "Ward 10", "dlp__from": " ", "dlp_to": " ", "source": " ", "ur_id": " ", "district": "04", "vs_con": "Ratia(SC)", "type": " ", "crust": " ", "date": " ", "gis_length": 0.09574354, "road_catog": "ODR", "status": "P", "remarks": " ", "created_user": "SDE", "created_date": 1747503722000, "last_edited_user": "mc_jind", "last_edited_date": 1770226965000, "lengthdoc": 0, "GlobalID": "{080228EA-9E62-462F-908C-1B8F49D064D0}", "temp_road_id": "155243", "ownership": "DULB", "department": "DULB_MC_Ratia", "circleCode": 9, "divCode": 10, "distCode": 4, "deptCode": 5, "enc_userid": "ULB_1002", "engineer_name": null, "enccode": null, "gisid": "57630", "sectorNumber": null, "estateCode": null, "sectorName": null, "estateName": null, "tttt": "57630", "h_creator_name": null, "h_creator_mob": null, "v_eng_name": null, "v_eng_mob": null, "isRetired": null, "harsac_status": null, "road_status": null, "Shape__Length": 95.74354322348617}}, {"type": "Feature", "id": 66493, "geometry": {"type": "LineString", "coordinates": [[75.57834491557314, 29.686553586330426], [75.57836340918989, 29.68659653771326], [75.57857267712522, 29.687261350387466], [75.57858461304043, 29.68728721374981]]}, "properties": {"OBJECTID": 66493, "rd_name": "No Name", "start_pt": " ", "end_pt": " ", "width": 0, "carrriage": 0, "r_temp_id": "ulb_rat_00163", "mla_cons": "PC SIRSA (SC)", "pwd_cir": "Municipal Committee Ratia", "pwd_div": "Ward 6", "dlp__from": " ", "dlp_to": " ", "source": " ", "ur_id": " ", "district": "04", "vs_con": "Ratia(SC)", "type": " ", "crust": " ", "date": " ", "gis_length": 0.09776247, "road_catog": "ODR", "status": "P", "remarks": " ", "created_user": "SDE", "created_date": 1747503722000, "last_edited_user": "mc_jind", "last_edited_date": 1770226965000, "lengthdoc": 0, "GlobalID": "{59EBA4BE-0331-4EAC-8832-70262B380D57}", "temp_road_id": "155481", "ownership": "DULB", "department": "DULB_MC_Ratia", "circleCode": 9, "divCode": 6, "distCode": 4, "deptCode": 5, "enc_userid": "ULB_1002", "engineer_name": null, "enccode": null, "gisid": "57868", "sectorNumber": null, "estateCode": null, "sectorName": null, "estateName": null, "tttt": "57868", "h_creator_name": null, "h_creator_mob": null, "v_eng_name": null, "v_eng_mob": null, "isRetired": null, "harsac_status": null, "road_status": null, "Shape__Length": 97.76246608672032}}, {"type": "Feature", "id": 66494, "geometry": {"type": "LineString", "coordinates": [[75.57606770698916, 29.679992663948035], [75.576476245509, 29.679983409248923], [75.57649872495067, 29.679983314032775], [75.5768105822881, 29.679982000517874]]}, "properties": {"OBJECTID": 66494, "rd_name": "No Name", "start_pt": " ", "end_pt": " ", "width": 0, "carrriage": 0, "r_temp_id": "ulb_rat_00030", "mla_cons": "PC SIRSA (SC)", "pwd_cir": "Municipal Committee Ratia", "pwd_div": "Ward 10", "dlp__from": " ", "dlp_to": " ", "source": " ", "ur_id": " ", "district": "04", "vs_con": "Ratia(SC)", "type": " ", "crust": " ", "date": " ", "gis_length": 0.08271239, "road_catog": "ODR", "status": "P", "remarks": " ", "created_user": "SDE", "created_date": 1747503722000, "last_edited_user": "mc_jind", "last_edited_date": 1770226965000, "lengthdoc": 0, "GlobalID": "{A17B24AB-9F1C-4178-9B03-476EDEAA1BDA}", "temp_road_id": "155520", "ownership": "DULB", "department": "DULB_MC_Ratia", "circleCode": 9, "divCode": 10, "distCode": 4, "deptCode": 5, "enc_userid": "ULB_1002", "engineer_name": null, "enccode": null, "gisid": "57907", "sectorNumber": null, "estateCode": null, "sectorName": null, "estateName": null, "tttt": "57907", "h_creator_name": null, "h_creator_mob": null, "v_eng_name": null, "v_eng_mob": null, "isRetired": null, "harsac_status": null, "road_status": null, "Shape__Length": 82.71239432316916}}, {"type": "Feature", "id": 66507, "geometry": {"type": "LineString", "coordinates": [[75.57587041808816, 29.685630193105656], [75.5758667125376, 29.685675655482022], [75.57584081410795, 29.685870135014397], [75.57583680582518, 29.685900235605015], [75.57578141211148, 29.68629574107614], [75.57577852672277, 29.686452538870924], [75.57579029465302, 29.686527579964306], [75.57579239850742, 29.686545593377065]]}, "properties": {"OBJECTID": 66507, "rd_name": "No Name", "start_pt": " ", "end_pt": " ", "width": 0, "carrriage": 0, "r_temp_id": "ulb_rat_00155", "mla_cons": "PC SIRSA (SC)", "pwd_cir": "Municipal Committee Ratia", "pwd_div": "Ward 7", "dlp__from": " ", "dlp_to": " ", "source": " ", "ur_id": " ", "district": "04", "vs_con": "Ratia(SC)", "type": " ", "crust": " ", "date": " ", "gis_length": 0.11798044, "road_catog": "ODR", "status": "P", "remarks": " ", "created_user": "SDE", "created_date": 1747503722000, "last_edited_user": "mc_jind", "last_edited_date": 1770226965000, "lengthdoc": 0, "GlobalID": "{7E187E47-6BF0-47FA-ADCF-4B66181733EB}", "temp_road_id": "155906", "ownership": "DULB", "department": "DULB_MC_Ratia", "circleCode": 9, "divCode": 7, "distCode": 4, "deptCode": 5, "enc_userid": "ULB_1002", "engineer_name": null, "enccode": null, "gisid": "58293", "sectorNumber": null, "estateCode": null, "sectorName": null, "estateName": null, "tttt": "58293", "h_creator_name": null, "h_creator_mob": null, "v_eng_name": null, "v_eng_mob": null, "isRetired": null, "harsac_status": null, "road_status": null, "Shape__Length": 117.9804385610708}}, {"type": "Feature", "id": 66509, "geometry": {"type": "LineString", "coordinates": [[75.57648052238808, 29.681317365670193], [75.57651189964264, 29.6813168318424], [75.57679822416473, 29.6813119633948], [75.57680429497941, 29.681089744032924]]}, "properties": {"OBJECTID": 66509, "rd_name": "No Name", "start_pt": " ", "end_pt": " ", "width": 0, "carrriage": 0, "r_temp_id": "ulb_rat_00037", "mla_cons": "PC SIRSA (SC)", "pwd_cir": "Municipal Committee Ratia", "pwd_div": "Ward 10", "dlp__from": " ", "dlp_to": " ", "source": " ", "ur_id": " ", "district": "04", "vs_con": "Ratia(SC)", "type": " ", "crust": " ", "date": " ", "gis_length": 0.06385439, "road_catog": "ODR", "status": "P", "remarks": " ", "created_user": "SDE", "created_date": 1747503722000, "last_edited_user": "mc_jind", "last_edited_date": 1770226965000, "lengthdoc": 0, "GlobalID": "{FAD1D0FB-9AC2-4E47-AF0A-B38297A8AA54}", "temp_road_id": "155971", "ownership": "DULB", "department": "DULB_MC_Ratia", "circleCode": 9, "divCode": 10, "distCode": 4, "deptCode": 5, "enc_userid": "ULB_1002", "engineer_name": null, "enccode": null, "gisid": "58358", "sectorNumber": null, "estateCode": null, "sectorName": null, "estateName": null, "tttt": "58358", "h_creator_name": null, "h_creator_mob": null, "v_eng_name": null, "v_eng_mob": null, "isRetired": null, "harsac_status": null, "road_status": null, "Shape__Length": 63.85439209914609}}, {"type": "Feature", "id": 66532, "geometry": {"type": "LineString", "coordinates": [[75.5771208774552, 29.69099080879847], [75.57711824898469, 29.69099178036526], [75.57702647529864, 29.691025687650406], [75.57688766762094, 29.69107697073907], [75.57669277722174, 29.691148975847234]]}, "properties": {"OBJECTID": 66532, "rd_name": "No Name", "start_pt": " ", "end_pt": " ", "width": 0, "carrriage": 0, "r_temp_id": "ulb_rat_00195", "mla_cons": "PC SIRSA (SC)", "pwd_cir": "Municipal Committee Ratia", "pwd_div": "Ward 2", "dlp__from": " ", "dlp_to": " ", "source": " ", "ur_id": " ", "district": "04", "vs_con": "Ratia(SC)", "type": " ", "crust": " ", "date": " ", "gis_length": 0.05178688, "road_catog": "ODR", "status": "P", "remarks": " ", "created_user": "SDE", "created_date": 1747503722000, "last_edited_user": "mc_jind", "last_edited_date": 1770226965000, "lengthdoc": 0, "GlobalID": "{8877619A-F091-4C8A-924E-C9935C7062B1}", "temp_road_id": "156973", "ownership": "DULB", "department": "DULB_MC_Ratia", "circleCode": 9, "divCode": 2, "distCode": 4, "deptCode": 5, "enc_userid": "ULB_1002", "engineer_name": null, "enccode": null, "gisid": "59360", "sectorNumber": null, "estateCode": null, "sectorName": null, "estateName": null, "tttt": "59360", "h_creator_name": null, "h_creator_mob": null, "v_eng_name": null, "v_eng_mob": null, "isRetired": null, "harsac_status": null, "road_status": null, "Shape__Length": 51.78687751677935}}, {"type": "Feature", "id": 66547, "geometry": {"type": "LineString", "coordinates": [[75.56332435908224, 29.670475525255345], [75.56309885589476, 29.670482482937008], [75.56309696314449, 29.67073320034254], [75.56309670981958, 29.670734411728517]]}, "properties": {"OBJECTID": 66547, "rd_name": "No Name", "start_pt": " ", "end_pt": " ", "width": 0, "carrriage": 0, "r_temp_id": "ulb_rat_00283", "mla_cons": "PC SIRSA (SC)", "pwd_cir": "Municipal Committee Ratia", "pwd_div": "Ward 15", "dlp__from": " ", "dlp_to": " ", "source": " ", "ur_id": " ", "district": "04", "vs_con": "Ratia(SC)", "type": " ", "crust": " ", "date": " ", "gis_length": 0.05739845, "road_catog": "ODR", "status": "P", "remarks": " ", "created_user": "SDE", "created_date": 1747503722000, "last_edited_user": "mc_jind", "last_edited_date": 1770226965000, "lengthdoc": 0, "GlobalID": "{3BCCF963-87B5-4108-A059-A6EBC64CAD55}", "temp_road_id": "157426", "ownership": "DULB", "department": "DULB_MC_Ratia", "circleCode": 9, "divCode": 15, "distCode": 4, "deptCode": 5, "enc_userid": "ULB_1002", "engineer_name": null, "enccode": null, "gisid": "59813", "sectorNumber": null, "estateCode": null, "sectorName": null, "estateName": null, "tttt": "59813", "h_creator_name": null, "h_creator_mob": null, "v_eng_name": null, "v_eng_mob": null, "isRetired": null, "harsac_status": null, "road_status": null, "Shape__Length": 57.39845396772183}}, {"type": "Feature", "id": 66554, "geometry": {"type": "LineString", "coordinates": [[75.57299163201289, 29.685483499657327], [75.57298732189618, 29.68547941885307], [75.57241327417512, 29.684935906375994], [75.57240956053971, 29.684932389794593]]}, "properties": {"OBJECTID": 66554, "rd_name": "No Name", "start_pt": " ", "end_pt": " ", "width": 0, "carrriage": 0, "r_temp_id": "ulb_rat_00257", "mla_cons": "PC SIRSA (SC)", "pwd_cir": "Municipal Committee Ratia", "pwd_div": "Ward 9", "dlp__from": " ", "dlp_to": " ", "source": " ", "ur_id": " ", "district": "04", "vs_con": "Ratia(SC)", "type": " ", "crust": " ", "date": " ", "gis_length": 0.09583988, "road_catog": "ODR", "status": "P", "remarks": " ", "created_user": "SDE", "created_date": 1747503722000, "last_edited_user": "mc_jind", "last_edited_date": 1770226965000, "lengthdoc": 0, "GlobalID": "{027194B1-BECF-4B7A-BB37-7E1B4B73390E}", "temp_road_id": "157702", "ownership": "DULB", "department": "DULB_MC_Ratia", "circleCode": 9, "divCode": 9, "distCode": 4, "deptCode": 5, "enc_userid": "ULB_1002", "engineer_name": null, "enccode": null, "gisid": "60089", "sectorNumber": null, "estateCode": null, "sectorName": null, "estateName": null, "tttt": "60089", "h_creator_name": null, "h_creator_mob": null, "v_eng_name": null, "v_eng_mob": null, "isRetired": null, "harsac_status": null, "road_status": null, "Shape__Length": 95.83988454440818}}, {"type": "Feature", "id": 66558, "geometry": {"type": "LineString", "coordinates": [[75.5735858487087, 29.686057371155353], [75.57358885447165, 29.686055361591215], [75.57369304107831, 29.685985715146014], [75.57427143395041, 29.685599066186057], [75.57447624264866, 29.68544424307824], [75.57471679171881, 29.68526292293532], [75.57515241983438, 29.68490493844753], [75.57520239131699, 29.684863828138976], [75.57523197553427, 29.684839489879373]]}, "properties": {"OBJECTID": 66558, "rd_name": "No Name", "start_pt": " ", "end_pt": " ", "width": 0, "carrriage": 0, "r_temp_id": "ulb_rat_00148", "mla_cons": "PC SIRSA (SC)", "pwd_cir": "Municipal Committee Ratia", "pwd_div": "Ward 7", "dlp__from": " ", "dlp_to": " ", "source": " ", "ur_id": " ", "district": "04", "vs_con": "Ratia(SC)", "type": " ", "crust": " ", "date": " ", "gis_length": 0.24092055, "road_catog": "ODR", "status": "P", "remarks": " ", "created_user": "SDE", "created_date": 1747503722000, "last_edited_user": "mc_jind", "last_edited_date": 1770226965000, "lengthdoc": 0, "GlobalID": "{C103375F-2E46-432E-B85A-D57C4A1D15EF}", "temp_road_id": "157795", "ownership": "DULB", "department": "DULB_MC_Ratia", "circleCode": 9, "divCode": 7, "distCode": 4, "deptCode": 5, "enc_userid": "ULB_1002", "engineer_name": null, "enccode": null, "gisid": "60182", "sectorNumber": null, "estateCode": null, "sectorName": null, "estateName": null, "tttt": "60182", "h_creator_name": null, "h_creator_mob": null, "v_eng_name": null, "v_eng_mob": null, "isRetired": null, "harsac_status": null, "road_status": null, "Shape__Length": 240.9205531097346}}, {"type": "Feature", "id": 66562, "geometry": {"type": "LineString", "coordinates": [[75.58371490779768, 29.684973276094073], [75.5837101997273, 29.68619384036684], [75.58370878218578, 29.686239322779024]]}, "properties": {"OBJECTID": 66562, "rd_name": "No Name", "start_pt": " ", "end_pt": " ", "width": 0, "carrriage": 0, "r_temp_id": "ulb_rat_00175", "mla_cons": "PC SIRSA (SC)", "pwd_cir": "Municipal Committee Ratia", "pwd_div": "Ward 5", "dlp__from": " ", "dlp_to": " ", "source": " ", "ur_id": " ", "district": "04", "vs_con": "Ratia(SC)", "type": " ", "crust": " ", "date": " ", "gis_length": 0.16223001, "road_catog": "ODR", "status": "P", "remarks": " ", "created_user": "SDE", "created_date": 1747503722000, "last_edited_user": "mc_jind", "last_edited_date": 1770226965000, "lengthdoc": 0, "GlobalID": "{9B80C430-9902-4464-99E3-1CBDC7EF00E6}", "temp_road_id": "158002", "ownership": "DULB", "department": "DULB_MC_Ratia", "circleCode": 9, "divCode": 5, "distCode": 4, "deptCode": 5, "enc_userid": "ULB_1002", "engineer_name": null, "enccode": null, "gisid": "60389", "sectorNumber": null, "estateCode": null, "sectorName": null, "estateName": null, "tttt": "60389", "h_creator_name": null, "h_creator_mob": null, "v_eng_name": null, "v_eng_mob": null, "isRetired": null, "harsac_status": null, "road_status": null, "Shape__Length": 162.23001405824468}}, {"type": "Feature", "id": 66566, "geometry": {"type": "LineString", "coordinates": [[75.56777802839449, 29.68107567014427], [75.5684718448991, 29.6810712395186]]}, "properties": {"OBJECTID": 66566, "rd_name": "No Name", "start_pt": " ", "end_pt": " ", "width": 0, "carrriage": 0, "r_temp_id": "ulb_rat_00230", "mla_cons": "PC SIRSA (SC)", "pwd_cir": "Municipal Committee Ratia", "pwd_div": "Ward 17", "dlp__from": " ", "dlp_to": " ", "source": " ", "ur_id": " ", "district": "04", "vs_con": "Ratia(SC)", "type": " ", "crust": " ", "date": " ", "gis_length": 0.07723739, "road_catog": "ODR", "status": "P", "remarks": " ", "created_user": "SDE", "created_date": 1747503722000, "last_edited_user": "mc_jind", "last_edited_date": 1770226965000, "lengthdoc": 0, "GlobalID": "{300B6549-6AA3-4562-A77B-2DE4CE7599DB}", "temp_road_id": "158295", "ownership": "DULB", "department": "DULB_MC_Ratia", "circleCode": 9, "divCode": 17, "distCode": 4, "deptCode": 5, "enc_userid": "ULB_1002", "engineer_name": null, "enccode": null, "gisid": "60682", "sectorNumber": null, "estateCode": null, "sectorName": null, "estateName": null, "tttt": "60682", "h_creator_name": null, "h_creator_mob": null, "v_eng_name": null, "v_eng_mob": null, "isRetired": null, "harsac_status": null, "road_status": null, "Shape__Length": 77.23738634482656}}, {"type": "Feature", "id": 66578, "geometry": {"type": "LineString", "coordinates": [[75.57710682600754, 29.68986792804683], [75.57702649326494, 29.690543098894203]]}, "properties": {"OBJECTID": 66578, "rd_name": "No Name", "start_pt": " ", "end_pt": " ", "width": 0, "carrriage": 0, "r_temp_id": "ulb_rat_00193", "mla_cons": "PC SIRSA (SC)", "pwd_cir": "Municipal Committee Ratia", "pwd_div": "Ward 3", "dlp__from": " ", "dlp_to": " ", "source": " ", "ur_id": " ", "district": "04", "vs_con": "Ratia(SC)", "type": " ", "crust": " ", "date": " ", "gis_length": 0.08697903, "road_catog": "ODR", "status": "P", "remarks": " ", "created_user": "SDE", "created_date": 1747503722000, "last_edited_user": "mc_jind", "last_edited_date": 1770226965000, "lengthdoc": 0, "GlobalID": "{4FBFFC6A-3AF3-4FC5-8C6E-1C680E0E7E4D}", "temp_road_id": "158615", "ownership": "DULB", "department": "DULB_MC_Ratia", "circleCode": 9, "divCode": 3, "distCode": 4, "deptCode": 5, "enc_userid": "ULB_1002", "engineer_name": null, "enccode": null, "gisid": "61002", "sectorNumber": null, "estateCode": null, "sectorName": null, "estateName": null, "tttt": "61002", "h_creator_name": null, "h_creator_mob": null, "v_eng_name": null, "v_eng_mob": null, "isRetired": null, "harsac_status": null, "road_status": null, "Shape__Length": 86.97903036002413}}, {"type": "Feature", "id": 66588, "geometry": {"type": "LineString", "coordinates": [[75.57676207775432, 29.68394713342645], [75.57810835053128, 29.68392980320448]]}, "properties": {"OBJECTID": 66588, "rd_name": "No Name", "start_pt": " ", "end_pt": " ", "width": 0, "carrriage": 0, "r_temp_id": "ulb_rat_00086", "mla_cons": "PC SIRSA (SC)", "pwd_cir": "Municipal Committee Ratia", "pwd_div": "Ward 10", "dlp__from": " ", "dlp_to": " ", "source": " ", "ur_id": " ", "district": "04", "vs_con": "Ratia(SC)", "type": " ", "crust": " ", "date": " ", "gis_length": 0.14988285, "road_catog": "ODR", "status": "P", "remarks": " ", "created_user": "SDE", "created_date": 1747503722000, "last_edited_user": "mc_jind", "last_edited_date": 1770226965000, "lengthdoc": 0, "GlobalID": "{38532557-4406-4D47-95A7-F09BD6BBAB78}", "temp_road_id": "158958", "ownership": "DULB", "department": "DULB_MC_Ratia", "circleCode": 9, "divCode": 10, "distCode": 4, "deptCode": 5, "enc_userid": "ULB_1002", "engineer_name": null, "enccode": null, "gisid": "61345", "sectorNumber": null, "estateCode": null, "sectorName": null, "estateName": null, "tttt": "61345", "h_creator_name": null, "h_creator_mob": null, "v_eng_name": null, "v_eng_mob": null, "isRetired": null, "harsac_status": null, "road_status": null, "Shape__Length": 149.88285063115126}}, {"type": "Feature", "id": 66597, "geometry": {"type": "LineString", "coordinates": [[75.58394566972281, 29.683746012606193], [75.58377552880802, 29.683590158034086], [75.58343671482555, 29.683245291385912], [75.5834207769158, 29.683230748757463]]}, "properties": {"OBJECTID": 66597, "rd_name": "No Name", "start_pt": " ", "end_pt": " ", "width": 0, "carrriage": 0, "r_temp_id": "ulb_rat_00141", "mla_cons": "PC SIRSA (SC)", "pwd_cir": "Municipal Committee Ratia", "pwd_div": "Ward 12", "dlp__from": " ", "dlp_to": " ", "source": " ", "ur_id": " ", "district": "04", "vs_con": "Ratia(SC)", "type": " ", "crust": " ", "date": " ", "gis_length": 0.08819296, "road_catog": "ODR", "status": "P", "remarks": " ", "created_user": "SDE", "created_date": 1747503722000, "last_edited_user": "mc_jind", "last_edited_date": 1770226965000, "lengthdoc": 0, "GlobalID": "{9960CCE5-4ECB-467E-B194-B8035DD09118}", "temp_road_id": "159426", "ownership": "DULB", "department": "DULB_MC_Ratia", "circleCode": 9, "divCode": 12, "distCode": 4, "deptCode": 5, "enc_userid": "ULB_1002", "engineer_name": null, "enccode": null, "gisid": "61813", "sectorNumber": null, "estateCode": null, "sectorName": null, "estateName": null, "tttt": "61813", "h_creator_name": null, "h_creator_mob": null, "v_eng_name": null, "v_eng_mob": null, "isRetired": null, "harsac_status": null, "road_status": null, "Shape__Length": 88.19295598473424}}, {"type": "Feature", "id": 66599, "geometry": {"type": "LineString", "coordinates": [[75.58370133425375, 29.68207219383519], [75.58369514575975, 29.682421459954607]]}, "properties": {"OBJECTID": 66599, "rd_name": "No Name", "start_pt": " ", "end_pt": " ", "width": 0, "carrriage": 0, "r_temp_id": "ulb_rat_00131", "mla_cons": "PC SIRSA (SC)", "pwd_cir": "Municipal Committee Ratia", "pwd_div": "Ward 12", "dlp__from": " ", "dlp_to": " ", "source": " ", "ur_id": " ", "district": "04", "vs_con": "Ratia(SC)", "type": " ", "crust": " ", "date": " ", "gis_length": 0.0447576, "road_catog": "ODR", "status": "P", "remarks": " ", "created_user": "SDE", "created_date": 1747503722000, "last_edited_user": "mc_jind", "last_edited_date": 1770226965000, "lengthdoc": 0, "GlobalID": "{DF4298BE-AA9A-464D-94B4-7D0F43A993F3}", "temp_road_id": "159486", "ownership": "DULB", "department": "DULB_MC_Ratia", "circleCode": 9, "divCode": 12, "distCode": 4, "deptCode": 5, "enc_userid": "ULB_1002", "engineer_name": null, "enccode": null, "gisid": "61873", "sectorNumber": null, "estateCode": null, "sectorName": null, "estateName": null, "tttt": "61873", "h_creator_name": null, "h_creator_mob": null, "v_eng_name": null, "v_eng_mob": null, "isRetired": null, "harsac_status": null, "road_status": null, "Shape__Length": 44.75760201909839}}, {"type": "Feature", "id": 66607, "geometry": {"type": "LineString", "coordinates": [[75.58043693915627, 29.68185122330644], [75.58022293530279, 29.68185246577635], [75.58001581613759, 29.681853668443484]]}, "properties": {"OBJECTID": 66607, "rd_name": "No Name", "start_pt": " ", "end_pt": " ", "width": 0, "carrriage": 0, "r_temp_id": "ulb_rat_00066", "mla_cons": "PC SIRSA (SC)", "pwd_cir": "Municipal Committee Ratia", "pwd_div": "Ward 13", "dlp__from": " ", "dlp_to": " ", "source": " ", "ur_id": " ", "district": "04", "vs_con": "Ratia(SC)", "type": " ", "crust": " ", "date": " ", "gis_length": 0.04688025, "road_catog": "ODR", "status": "P", "remarks": " ", "created_user": "SDE", "created_date": 1747503722000, "last_edited_user": "mc_jind", "last_edited_date": 1770226965000, "lengthdoc": 0, "GlobalID": "{2DADBBA4-8B01-4B2A-AE81-6A851DF7775A}", "temp_road_id": "159700", "ownership": "DULB", "department": "DULB_MC_Ratia", "circleCode": 9, "divCode": 13, "distCode": 4, "deptCode": 5, "enc_userid": "ULB_1002", "engineer_name": null, "enccode": null, "gisid": "62087", "sectorNumber": null, "estateCode": null, "sectorName": null, "estateName": null, "tttt": "62087", "h_creator_name": null, "h_creator_mob": null, "v_eng_name": null, "v_eng_mob": null, "isRetired": null, "harsac_status": null, "road_status": null, "Shape__Length": 46.88024690133876}}, {"type": "Feature", "id": 66608, "geometry": {"type": "LineString", "coordinates": [[75.58003020175855, 29.683205806045503], [75.58002720767372, 29.683205908282527], [75.57999650864718, 29.6832069579681], [75.57976718402652, 29.68320709532473], [75.57961638922966, 29.68320718429436], [75.57960016296069, 29.68320614787619]]}, "properties": {"OBJECTID": 66608, "rd_name": "No Name", "start_pt": " ", "end_pt": " ", "width": 0, "carrriage": 0, "r_temp_id": "ulb_rat_00073", "mla_cons": "PC SIRSA (SC)", "pwd_cir": "Municipal Committee Ratia", "pwd_div": "Ward 11", "dlp__from": " ", "dlp_to": " ", "source": " ", "ur_id": " ", "district": "04", "vs_con": "Ratia(SC)", "type": " ", "crust": " ", "date": " ", "gis_length": 0.04787949, "road_catog": "ODR", "status": "P", "remarks": " ", "created_user": "SDE", "created_date": 1747503722000, "last_edited_user": "mc_jind", "last_edited_date": 1770226965000, "lengthdoc": 0, "GlobalID": "{7E1E5255-0503-4727-A4BC-9F19AB775C9E}", "temp_road_id": "159733", "ownership": "DULB", "department": "DULB_MC_Ratia", "circleCode": 9, "divCode": 11, "distCode": 4, "deptCode": 5, "enc_userid": "ULB_1002", "engineer_name": null, "enccode": null, "gisid": "62120", "sectorNumber": null, "estateCode": null, "sectorName": null, "estateName": null, "tttt": "62120", "h_creator_name": null, "h_creator_mob": null, "v_eng_name": null, "v_eng_mob": null, "isRetired": null, "harsac_status": null, "road_status": null, "Shape__Length": 47.87948822003792}}, {"type": "Feature", "id": 66615, "geometry": {"type": "LineString", "coordinates": [[75.58095644656316, 29.68854727844207], [75.5809086175625, 29.688565321147777], [75.58006079298724, 29.68896347882422], [75.57953805523856, 29.689195949916492], [75.57946412209405, 29.689253551963887], [75.5793139264735, 29.689394702281046], [75.579281817092, 29.689447195801865], [75.57935634581955, 29.689669020541142], [75.57938962301093, 29.689672600948427]]}, "properties": {"OBJECTID": 66615, "rd_name": "No Name", "start_pt": " ", "end_pt": " ", "width": 0, "carrriage": 0, "r_temp_id": "ulb_rat_00179", "mla_cons": "PC SIRSA (SC)", "pwd_cir": "Municipal Committee Ratia", "pwd_div": "Ward 4", "dlp__from": " ", "dlp_to": " ", "source": " ", "ur_id": " ", "district": "04", "vs_con": "Ratia(SC)", "type": " ", "crust": " ", "date": " ", "gis_length": 0.25511178, "road_catog": "ODR", "status": "P", "remarks": " ", "created_user": "SDE", "created_date": 1747503722000, "last_edited_user": "mc_jind", "last_edited_date": 1770226965000, "lengthdoc": 0, "GlobalID": "{BF274840-21FC-431C-BA29-86EF6BC5DD98}", "temp_road_id": "160126", "ownership": "DULB", "department": "DULB_MC_Ratia", "circleCode": 9, "divCode": 4, "distCode": 4, "deptCode": 5, "enc_userid": "ULB_1002", "engineer_name": null, "enccode": null, "gisid": "62513", "sectorNumber": null, "estateCode": null, "sectorName": null, "estateName": null, "tttt": "62513", "h_creator_name": null, "h_creator_mob": null, "v_eng_name": null, "v_eng_mob": null, "isRetired": null, "harsac_status": null, "road_status": null, "Shape__Length": 255.11177718354077}}, {"type": "Feature", "id": 66619, "geometry": {"type": "LineString", "coordinates": [[75.56781153375793, 29.67942591468739], [75.56779725234153, 29.679426228434224], [75.56777220910806, 29.67942677944228], [75.56753612466488, 29.67943249712677], [75.56750520105953, 29.67943324559239], [75.5672682425556, 29.679438984349044], [75.56724770616988, 29.679439481505007], [75.56709814655652, 29.67943311759617], [75.56710647753248, 29.678570410870293]]}, "properties": {"OBJECTID": 66619, "rd_name": "No Name", "start_pt": " ", "end_pt": " ", "width": 0, "carrriage": 0, "r_temp_id": "ulb_rat_00218", "mla_cons": "PC SIRSA (SC)", "pwd_cir": "Municipal Committee Ratia", "pwd_div": "Ward 16", "dlp__from": " ", "dlp_to": " ", "source": " ", "ur_id": " ", "district": "04", "vs_con": "Ratia(SC)", "type": " ", "crust": " ", "date": " ", "gis_length": 0.18999893, "road_catog": "ODR", "status": "P", "remarks": " ", "created_user": "SDE", "created_date": 1747503722000, "last_edited_user": "mc_jind", "last_edited_date": 1770226965000, "lengthdoc": 0, "GlobalID": "{06730A64-2F3F-4513-9A51-2A7F0E11F555}", "temp_road_id": "160320", "ownership": "DULB", "department": "DULB_MC_Ratia", "circleCode": 9, "divCode": 16, "distCode": 4, "deptCode": 5, "enc_userid": "ULB_1002", "engineer_name": null, "enccode": null, "gisid": "62707", "sectorNumber": null, "estateCode": null, "sectorName": null, "estateName": null, "tttt": "62707", "h_creator_name": null, "h_creator_mob": null, "v_eng_name": null, "v_eng_mob": null, "isRetired": null, "harsac_status": null, "road_status": null, "Shape__Length": 189.99892617428586}}, {"type": "Feature", "id": 66624, "geometry": {"type": "LineString", "coordinates": [[75.57509779687521, 29.678202972078857], [75.57509779957017, 29.678203143783186], [75.57510354339807, 29.678591752857837], [75.57512441844867, 29.68000418120055], [75.57512485862314, 29.680034022874146], [75.57512497720076, 29.680042436232767]]}, "properties": {"OBJECTID": 66624, "rd_name": "No Name", "start_pt": " ", "end_pt": " ", "width": 0, "carrriage": 0, "r_temp_id": "ulb_rat_00023", "mla_cons": "PC SIRSA (SC)", "pwd_cir": "Municipal Committee Ratia", "pwd_div": "Ward 10", "dlp__from": " ", "dlp_to": " ", "source": " ", "ur_id": " ", "district": "04", "vs_con": "Ratia(SC)", "type": " ", "crust": " ", "date": " ", "gis_length": 0.23570702, "road_catog": "ODR", "status": "P", "remarks": " ", "created_user": "SDE", "created_date": 1747503722000, "last_edited_user": "mc_jind", "last_edited_date": 1770226965000, "lengthdoc": 0, "GlobalID": "{D7ADB3FD-9248-4214-BAC0-36DC798045B9}", "temp_road_id": "160602", "ownership": "DULB", "department": "DULB_MC_Ratia", "circleCode": 9, "divCode": 10, "distCode": 4, "deptCode": 5, "enc_userid": "ULB_1002", "engineer_name": null, "enccode": null, "gisid": "62989", "sectorNumber": null, "estateCode": null, "sectorName": null, "estateName": null, "tttt": "62989", "h_creator_name": null, "h_creator_mob": null, "v_eng_name": null, "v_eng_mob": null, "isRetired": null, "harsac_status": null, "road_status": null, "Shape__Length": 235.70702099815313}}, {"type": "Feature", "id": 66627, "geometry": {"type": "LineString", "coordinates": [[75.57489164250065, 29.684281523555956], [75.57463440542747, 29.684528535434016], [75.57461132231792, 29.684550702626677], [75.57460755568194, 29.684557037335797], [75.57457773341116, 29.684619600078413], [75.57457118828597, 29.684630396469178], [75.5745672213257, 29.684642002939146]]}, "properties": {"OBJECTID": 66627, "rd_name": "No Name", "start_pt": " ", "end_pt": " ", "width": 0, "carrriage": 0, "r_temp_id": "ulb_rat_00123", "mla_cons": "PC SIRSA (SC)", "pwd_cir": "Municipal Committee Ratia", "pwd_div": "Ward 10", "dlp__from": " ", "dlp_to": " ", "source": " ", "ur_id": " ", "district": "04", "vs_con": "Ratia(SC)", "type": " ", "crust": " ", "date": " ", "gis_length": 0.05921768, "road_catog": "ODR", "status": "P", "remarks": " ", "created_user": "SDE", "created_date": 1747503722000, "last_edited_user": "mc_jind", "last_edited_date": 1770226965000, "lengthdoc": 0, "GlobalID": "{02858D67-5C09-4BBA-AE4E-82C997F27E6D}", "temp_road_id": "160621", "ownership": "DULB", "department": "DULB_MC_Ratia", "circleCode": 9, "divCode": 10, "distCode": 4, "deptCode": 5, "enc_userid": "ULB_1002", "engineer_name": null, "enccode": null, "gisid": "63008", "sectorNumber": null, "estateCode": null, "sectorName": null, "estateName": null, "tttt": "63008", "h_creator_name": null, "h_creator_mob": null, "v_eng_name": null, "v_eng_mob": null, "isRetired": null, "harsac_status": null, "road_status": null, "Shape__Length": 59.21768258131548}}, {"type": "Feature", "id": 66642, "geometry": {"type": "LineString", "coordinates": [[75.57193326119965, 29.680449869841446], [75.57190396174835, 29.680458731927857], [75.57069278121706, 29.680748753128345], [75.57065008518995, 29.680757879762442]]}, "properties": {"OBJECTID": 66642, "rd_name": "No Name", "start_pt": " ", "end_pt": " ", "width": 0, "carrriage": 0, "r_temp_id": "ulb_rat_00099", "mla_cons": "PC SIRSA (SC)", "pwd_cir": "Municipal Committee Ratia", "pwd_div": "Ward 10", "dlp__from": " ", "dlp_to": " ", "source": " ", "ur_id": " ", "district": "04", "vs_con": "Ratia(SC)", "type": " ", "crust": " ", "date": " ", "gis_length": 0.14820351, "road_catog": "ODR", "status": "P", "remarks": " ", "created_user": "SDE", "created_date": 1747503722000, "last_edited_user": "mc_jind", "last_edited_date": 1770226965000, "lengthdoc": 0, "GlobalID": "{52364C45-95B7-495B-91BF-F2EA2E83D7FE}", "temp_road_id": "160984", "ownership": "DULB", "department": "DULB_MC_Ratia", "circleCode": 9, "divCode": 10, "distCode": 4, "deptCode": 5, "enc_userid": "ULB_1002", "engineer_name": null, "enccode": null, "gisid": "63371", "sectorNumber": null, "estateCode": null, "sectorName": null, "estateName": null, "tttt": "63371", "h_creator_name": null, "h_creator_mob": null, "v_eng_name": null, "v_eng_mob": null, "isRetired": null, "harsac_status": null, "road_status": null, "Shape__Length": 148.20350655470844}}, {"type": "Feature", "id": 66643, "geometry": {"type": "LineString", "coordinates": [[75.57609806824914, 29.687831084201466], [75.57647359098735, 29.687978158959673], [75.57666500670302, 29.688067241390208], [75.57720719746919, 29.68826961234247], [75.57724232519007, 29.6882854013146]]}, "properties": {"OBJECTID": 66643, "rd_name": "No Name", "start_pt": " ", "end_pt": " ", "width": 0, "carrriage": 0, "r_temp_id": "ulb_rat_00173", "mla_cons": "PC SIRSA (SC)", "pwd_cir": "Municipal Committee Ratia", "pwd_div": "Ward 6", "dlp__from": " ", "dlp_to": " ", "source": " ", "ur_id": " ", "district": "04", "vs_con": "Ratia(SC)", "type": " ", "crust": " ", "date": " ", "gis_length": 0.14012223, "road_catog": "ODR", "status": "P", "remarks": " ", "created_user": "SDE", "created_date": 1747503722000, "last_edited_user": "mc_jind", "last_edited_date": 1770226965000, "lengthdoc": 0, "GlobalID": "{7F873FA6-BD58-41C6-B85C-F2718FE7180A}", "temp_road_id": "161033", "ownership": "DULB", "department": "DULB_MC_Ratia", "circleCode": 9, "divCode": 6, "distCode": 4, "deptCode": 5, "enc_userid": "ULB_1002", "engineer_name": null, "enccode": null, "gisid": "63420", "sectorNumber": null, "estateCode": null, "sectorName": null, "estateName": null, "tttt": "63420", "h_creator_name": null, "h_creator_mob": null, "v_eng_name": null, "v_eng_mob": null, "isRetired": null, "harsac_status": null, "road_status": null, "Shape__Length": 140.1222257309781}}, {"type": "Feature", "id": 66645, "geometry": {"type": "LineString", "coordinates": [[75.56469529690193, 29.670450841638452], [75.56414165351426, 29.670457062497427], [75.56388459879908, 29.670465231569626], [75.56385769425631, 29.670466087035212], [75.56334700471224, 29.670475124841257], [75.56332435908224, 29.670475525255345]]}, "properties": {"OBJECTID": 66645, "rd_name": "No Name", "start_pt": " ", "end_pt": " ", "width": 0, "carrriage": 0, "r_temp_id": "ulb_rat_00271", "mla_cons": "PC SIRSA (SC)", "pwd_cir": "Municipal Committee Ratia", "pwd_div": "Ward 15", "dlp__from": " ", "dlp_to": " ", "source": " ", "ur_id": " ", "district": "04", "vs_con": "Ratia(SC)", "type": " ", "crust": " ", "date": " ", "gis_length": 0.1526507, "road_catog": "ODR", "status": "P", "remarks": " ", "created_user": "SDE", "created_date": 1747503722000, "last_edited_user": "mc_jind", "last_edited_date": 1770226965000, "lengthdoc": 0, "GlobalID": "{2F9D8047-9782-430E-9CF7-3C42DC8A1F5C}", "temp_road_id": "161069", "ownership": "DULB", "department": "DULB_MC_Ratia", "circleCode": 9, "divCode": 15, "distCode": 4, "deptCode": 5, "enc_userid": "ULB_1002", "engineer_name": null, "enccode": null, "gisid": "63456", "sectorNumber": null, "estateCode": null, "sectorName": null, "estateName": null, "tttt": "63456", "h_creator_name": null, "h_creator_mob": null, "v_eng_name": null, "v_eng_mob": null, "isRetired": null, "harsac_status": null, "road_status": null, "Shape__Length": 152.65070366656408}}, {"type": "Feature", "id": 66649, "geometry": {"type": "LineString", "coordinates": [[75.57781186696165, 29.67909385449038], [75.57779973701038, 29.679093999657265], [75.57781241313735, 29.678323958779796], [75.57743970661754, 29.678325929474884], [75.57743589237086, 29.678325896694968], [75.57678733029529, 29.678320233580745]]}, "properties": {"OBJECTID": 66649, "rd_name": "No Name", "start_pt": " ", "end_pt": " ", "width": 0, "carrriage": 0, "r_temp_id": "ulb_rat_00002", "mla_cons": "PC SIRSA (SC)", "pwd_cir": "Municipal Committee Ratia", "pwd_div": "Ward 10", "dlp__from": " ", "dlp_to": " ", "source": " ", "ur_id": " ", "district": "04", "vs_con": "Ratia(SC)", "type": " ", "crust": " ", "date": " ", "gis_length": 0.21414035, "road_catog": "ODR", "status": "P", "remarks": " ", "created_user": "SDE", "created_date": 1747503722000, "last_edited_user": "mc_jind", "last_edited_date": 1770226965000, "lengthdoc": 0, "GlobalID": "{75E3E0E7-B607-4AF5-8E2D-8FAF0F0D14E6}", "temp_road_id": "161386", "ownership": "DULB", "department": "DULB_MC_Ratia", "circleCode": 9, "divCode": 10, "distCode": 4, "deptCode": 5, "enc_userid": "ULB_1002", "engineer_name": null, "enccode": null, "gisid": "63773", "sectorNumber": null, "estateCode": null, "sectorName": null, "estateName": null, "tttt": "63773", "h_creator_name": null, "h_creator_mob": null, "v_eng_name": null, "v_eng_mob": null, "isRetired": null, "harsac_status": null, "road_status": null, "Shape__Length": 214.14035366878016}}, {"type": "Feature", "id": 66654, "geometry": {"type": "LineString", "coordinates": [[75.58019746626783, 29.681035752361577], [75.58155979463385, 29.681014254021882]]}, "properties": {"OBJECTID": 66654, "rd_name": "No Name", "start_pt": " ", "end_pt": " ", "width": 0, "carrriage": 0, "r_temp_id": "ulb_rat_00064", "mla_cons": "PC SIRSA (SC)", "pwd_cir": "Municipal Committee Ratia", "pwd_div": "Ward 12", "dlp__from": " ", "dlp_to": " ", "source": " ", "ur_id": " ", "district": "04", "vs_con": "Ratia(SC)", "type": " ", "crust": " ", "date": " ", "gis_length": 0.15167871, "road_catog": "ODR", "status": "P", "remarks": " ", "created_user": "SDE", "created_date": 1747503722000, "last_edited_user": "mc_jind", "last_edited_date": 1770226965000, "lengthdoc": 0, "GlobalID": "{4D844BAA-5F08-4B1A-9FE2-92914EFAE3FD}", "temp_road_id": "161547", "ownership": "DULB", "department": "DULB_MC_Ratia", "circleCode": 9, "divCode": 12, "distCode": 4, "deptCode": 5, "enc_userid": "ULB_1002", "engineer_name": null, "enccode": null, "gisid": "63934", "sectorNumber": null, "estateCode": null, "sectorName": null, "estateName": null, "tttt": "63934", "h_creator_name": null, "h_creator_mob": null, "v_eng_name": null, "v_eng_mob": null, "isRetired": null, "harsac_status": null, "road_status": null, "Shape__Length": 151.67871487077548}}, {"type": "Feature", "id": 66662, "geometry": {"type": "LineString", "coordinates": [[75.5765077116968, 29.68050080165801], [75.57650709006262, 29.680465034896123], [75.57649872495067, 29.679983314032775], [75.576476245509, 29.679983409248923]]}, "properties": {"OBJECTID": 66662, "rd_name": "No Name", "start_pt": " ", "end_pt": " ", "width": 0, "carrriage": 0, "r_temp_id": "ulb_rat_00033", "mla_cons": "PC SIRSA (SC)", "pwd_cir": "Municipal Committee Ratia", "pwd_div": "Ward 10", "dlp__from": " ", "dlp_to": " ", "source": " ", "ur_id": " ", "district": "04", "vs_con": "Ratia(SC)", "type": " ", "crust": " ", "date": " ", "gis_length": 0.06881558, "road_catog": "ODR", "status": "P", "remarks": " ", "created_user": "SDE", "created_date": 1747503722000, "last_edited_user": "mc_jind", "last_edited_date": 1770226965000, "lengthdoc": 0, "GlobalID": "{B3B0202E-651C-4B24-808E-59B8BC0E2C02}", "temp_road_id": "161824", "ownership": "DULB", "department": "DULB_MC_Ratia", "circleCode": 9, "divCode": 10, "distCode": 4, "deptCode": 5, "enc_userid": "ULB_1002", "engineer_name": null, "enccode": null, "gisid": "64211", "sectorNumber": null, "estateCode": null, "sectorName": null, "estateName": null, "tttt": "64211", "h_creator_name": null, "h_creator_mob": null, "v_eng_name": null, "v_eng_mob": null, "isRetired": null, "harsac_status": null, "road_status": null, "Shape__Length": 68.81557618527434}}, {"type": "Feature", "id": 66669, "geometry": {"type": "LineString", "coordinates": [[75.5684718448991, 29.6810712395186], [75.56848203359108, 29.68107105689282], [75.56895861140887, 29.681062518747996], [75.56895844701717, 29.681062802832507], [75.56895478368745, 29.681069124493767]]}, "properties": {"OBJECTID": 66669, "rd_name": "No Name", "start_pt": " ", "end_pt": " ", "width": 0, "carrriage": 0, "r_temp_id": "ulb_rat_00231", "mla_cons": "PC SIRSA (SC)", "pwd_cir": "Municipal Committee Ratia", "pwd_div": "Ward 17", "dlp__from": " ", "dlp_to": " ", "source": " ", "ur_id": " ", "district": "04", "vs_con": "Ratia(SC)", "type": " ", "crust": " ", "date": " ", "gis_length": 0.05514572, "road_catog": "ODR", "status": "P", "remarks": " ", "created_user": "SDE", "created_date": 1747503722000, "last_edited_user": "mc_jind", "last_edited_date": 1770226965000, "lengthdoc": 0, "GlobalID": "{F9FD01C5-9A92-4EAF-9D26-253F33247BEF}", "temp_road_id": "162002", "ownership": "DULB", "department": "DULB_MC_Ratia", "circleCode": 9, "divCode": 17, "distCode": 4, "deptCode": 5, "enc_userid": "ULB_1002", "engineer_name": null, "enccode": null, "gisid": "64389", "sectorNumber": null, "estateCode": null, "sectorName": null, "estateName": null, "tttt": "64389", "h_creator_name": null, "h_creator_mob": null, "v_eng_name": null, "v_eng_mob": null, "isRetired": null, "harsac_status": null, "road_status": null, "Shape__Length": 55.14572435881677}}, {"type": "Feature", "id": 66676, "geometry": {"type": "LineString", "coordinates": [[75.5834207769158, 29.683230748757463], [75.5834789284574, 29.683218050295586], [75.58355504989794, 29.683208066186374], [75.58430096329916, 29.68371552895901]]}, "properties": {"OBJECTID": 66676, "rd_name": "No Name", "start_pt": " ", "end_pt": " ", "width": 0, "carrriage": 0, "r_temp_id": "ulb_rat_00142", "mla_cons": "PC SIRSA (SC)", "pwd_cir": "Municipal Committee Ratia", "pwd_div": "Ward 12", "dlp__from": " ", "dlp_to": " ", "source": " ", "ur_id": " ", "district": "04", "vs_con": "Ratia(SC)", "type": " ", "crust": " ", "date": " ", "gis_length": 0.12070916, "road_catog": "ODR", "status": "P", "remarks": " ", "created_user": "SDE", "created_date": 1747503722000, "last_edited_user": "mc_jind", "last_edited_date": 1770226965000, "lengthdoc": 0, "GlobalID": "{D24CBE86-8C77-486A-96AC-CBCC371EED26}", "temp_road_id": "162303", "ownership": "DULB", "department": "DULB_MC_Ratia", "circleCode": 9, "divCode": 12, "distCode": 4, "deptCode": 5, "enc_userid": "ULB_1002", "engineer_name": null, "enccode": null, "gisid": "64690", "sectorNumber": null, "estateCode": null, "sectorName": null, "estateName": null, "tttt": "64690", "h_creator_name": null, "h_creator_mob": null, "v_eng_name": null, "v_eng_mob": null, "isRetired": null, "harsac_status": null, "road_status": null, "Shape__Length": 120.70916170607538}}, {"type": "Feature", "id": 66679, "geometry": {"type": "LineString", "coordinates": [[75.57886018023697, 29.67748468815238], [75.57885932683746, 29.67704109054924]]}, "properties": {"OBJECTID": 66679, "rd_name": "No Name", "start_pt": " ", "end_pt": " ", "width": 0, "carrriage": 0, "r_temp_id": "ulb_rat_00104", "mla_cons": "PC SIRSA (SC)", "pwd_cir": "Municipal Committee Ratia", "pwd_div": "Ward 13", "dlp__from": " ", "dlp_to": " ", "source": " ", "ur_id": " ", "district": "04", "vs_con": "Ratia(SC)", "type": " ", "crust": " ", "date": " ", "gis_length": 0.05683648, "road_catog": "ODR", "status": "P", "remarks": " ", "created_user": "SDE", "created_date": 1747503722000, "last_edited_user": "mc_jind", "last_edited_date": 1770226965000, "lengthdoc": 0, "GlobalID": "{D1F47D55-958E-458B-A29C-018E1318FA1A}", "temp_road_id": "162385", "ownership": "DULB", "department": "DULB_MC_Ratia", "circleCode": 9, "divCode": 13, "distCode": 4, "deptCode": 5, "enc_userid": "ULB_1002", "engineer_name": null, "enccode": null, "gisid": "64772", "sectorNumber": null, "estateCode": null, "sectorName": null, "estateName": null, "tttt": "64772", "h_creator_name": null, "h_creator_mob": null, "v_eng_name": null, "v_eng_mob": null, "isRetired": null, "harsac_status": null, "road_status": null, "Shape__Length": 56.836479394487476}}, {"type": "Feature", "id": 66687, "geometry": {"type": "LineString", "coordinates": [[75.56841393590264, 29.668185194814953], [75.565865097438, 29.668181348254652], [75.5658007645889, 29.668188810331642]]}, "properties": {"OBJECTID": 66687, "rd_name": "No Name", "start_pt": " ", "end_pt": " ", "width": 0, "carrriage": 0, "r_temp_id": "ulb_rat_00266", "mla_cons": "PC SIRSA (SC)", "pwd_cir": "Municipal Committee Ratia", "pwd_div": "Ward 14", "dlp__from": " ", "dlp_to": " ", "source": " ", "ur_id": " ", "district": "04", "vs_con": "Ratia(SC)", "type": " ", "crust": " ", "date": " ", "gis_length": 0.29096086, "road_catog": "ODR", "status": "P", "remarks": " ", "created_user": "SDE", "created_date": 1747503722000, "last_edited_user": "mc_jind", "last_edited_date": 1770226965000, "lengthdoc": 0, "GlobalID": "{D9752F90-5EC5-45CB-841C-0DFCF3A48BD4}", "temp_road_id": "162651", "ownership": "DULB", "department": "DULB_MC_Ratia", "circleCode": 9, "divCode": 14, "distCode": 4, "deptCode": 5, "enc_userid": "ULB_1002", "engineer_name": null, "enccode": null, "gisid": "65038", "sectorNumber": null, "estateCode": null, "sectorName": null, "estateName": null, "tttt": "65038", "h_creator_name": null, "h_creator_mob": null, "v_eng_name": null, "v_eng_mob": null, "isRetired": null, "harsac_status": null, "road_status": null, "Shape__Length": 290.9608551689365}}, {"type": "Feature", "id": 66690, "geometry": {"type": "LineString", "coordinates": [[75.5756597038652, 29.68377588750791], [75.57574389307531, 29.68496414359933], [75.57572242872993, 29.68498519235182]]}, "properties": {"OBJECTID": 66690, "rd_name": "No Name", "start_pt": " ", "end_pt": " ", "width": 0, "carrriage": 0, "r_temp_id": "ulb_rat_00119", "mla_cons": "PC SIRSA (SC)", "pwd_cir": "Municipal Committee Ratia", "pwd_div": "Ward 10", "dlp__from": " ", "dlp_to": " ", "source": " ", "ur_id": " ", "district": "04", "vs_con": "Ratia(SC)", "type": " ", "crust": " ", "date": " ", "gis_length": 0.15614874, "road_catog": "ODR", "status": "P", "remarks": " ", "created_user": "SDE", "created_date": 1747503722000, "last_edited_user": "mc_jind", "last_edited_date": 1770226965000, "lengthdoc": 0, "GlobalID": "{B1E8937C-969C-445B-8B72-419390AFD05C}", "temp_road_id": "162673", "ownership": "DULB", "department": "DULB_MC_Ratia", "circleCode": 9, "divCode": 10, "distCode": 4, "deptCode": 5, "enc_userid": "ULB_1002", "engineer_name": null, "enccode": null, "gisid": "65060", "sectorNumber": null, "estateCode": null, "sectorName": null, "estateName": null, "tttt": "65060", "h_creator_name": null, "h_creator_mob": null, "v_eng_name": null, "v_eng_mob": null, "isRetired": null, "harsac_status": null, "road_status": null, "Shape__Length": 156.14873540910654}}, {"type": "Feature", "id": 66691, "geometry": {"type": "LineString", "coordinates": [[75.57954895090465, 29.682651326242798], [75.57911431542747, 29.682662714418203], [75.57905740086603, 29.682664205838297]]}, "properties": {"OBJECTID": 66691, "rd_name": "No Name", "start_pt": " ", "end_pt": " ", "width": 0, "carrriage": 0, "r_temp_id": "ulb_rat_00057", "mla_cons": "PC SIRSA (SC)", "pwd_cir": "Municipal Committee Ratia", "pwd_div": "Ward 11", "dlp__from": " ", "dlp_to": " ", "source": " ", "ur_id": " ", "district": "04", "vs_con": "Ratia(SC)", "type": " ", "crust": " ", "date": " ", "gis_length": 0.05474398, "road_catog": "ODR", "status": "P", "remarks": " ", "created_user": "SDE", "created_date": 1747503722000, "last_edited_user": "mc_jind", "last_edited_date": 1770226965000, "lengthdoc": 0, "GlobalID": "{208FAB93-4779-424D-BDC0-4CAF7DC4E40D}", "temp_road_id": "162702", "ownership": "DULB", "department": "DULB_MC_Ratia", "circleCode": 9, "divCode": 11, "distCode": 4, "deptCode": 5, "enc_userid": "ULB_1002", "engineer_name": null, "enccode": null, "gisid": "65089", "sectorNumber": null, "estateCode": null, "sectorName": null, "estateName": null, "tttt": "65089", "h_creator_name": null, "h_creator_mob": null, "v_eng_name": null, "v_eng_mob": null, "isRetired": null, "harsac_status": null, "road_status": null, "Shape__Length": 54.743980444459396}}, {"type": "Feature", "id": 66694, "geometry": {"type": "LineString", "coordinates": [[75.57587139994676, 29.686504506371495], [75.57586681674216, 29.68650688974292], [75.57579239850742, 29.686545593377065], [75.57577191422396, 29.686556245965644], [75.57482467938445, 29.68704887115346], [75.57478889409677, 29.687067481482917]]}, "properties": {"OBJECTID": 66694, "rd_name": "No Name", "start_pt": " ", "end_pt": " ", "width": 0, "carrriage": 0, "r_temp_id": "ulb_rat_00157", "mla_cons": "PC SIRSA (SC)", "pwd_cir": "Municipal Committee Ratia", "pwd_div": "Ward 7", "dlp__from": " ", "dlp_to": " ", "source": " ", "ur_id": " ", "district": "04", "vs_con": "Ratia(SC)", "type": " ", "crust": " ", "date": " ", "gis_length": 0.1404464, "road_catog": "ODR", "status": "P", "remarks": " ", "created_user": "SDE", "created_date": 1747503722000, "last_edited_user": "mc_jind", "last_edited_date": 1770226965000, "lengthdoc": 0, "GlobalID": "{83127642-5637-4867-A085-0FA5E5C6B38D}", "temp_road_id": "162759", "ownership": "DULB", "department": "DULB_MC_Ratia", "circleCode": 9, "divCode": 7, "distCode": 4, "deptCode": 5, "enc_userid": "ULB_1002", "engineer_name": null, "enccode": null, "gisid": "65146", "sectorNumber": null, "estateCode": null, "sectorName": null, "estateName": null, "tttt": "65146", "h_creator_name": null, "h_creator_mob": null, "v_eng_name": null, "v_eng_mob": null, "isRetired": null, "harsac_status": null, "road_status": null, "Shape__Length": 140.44640125895293}}, {"type": "Feature", "id": 66699, "geometry": {"type": "LineString", "coordinates": [[75.57768467090733, 29.681180299816763], [75.57769755095185, 29.682668815114436]]}, "properties": {"OBJECTID": 66699, "rd_name": "No Name", "start_pt": " ", "end_pt": " ", "width": 0, "carrriage": 0, "r_temp_id": "ulb_rat_00053", "mla_cons": "PC SIRSA (SC)", "pwd_cir": "Municipal Committee Ratia", "pwd_div": "Ward 11", "dlp__from": " ", "dlp_to": " ", "source": " ", "ur_id": " ", "district": "04", "vs_con": "Ratia(SC)", "type": " ", "crust": " ", "date": " ", "gis_length": 0.19073179, "road_catog": "ODR", "status": "P", "remarks": " ", "created_user": "SDE", "created_date": 1747503722000, "last_edited_user": "mc_jind", "last_edited_date": 1770226965000, "lengthdoc": 0, "GlobalID": "{20888FDC-D2DD-4607-95DF-40E271E3FD95}", "temp_road_id": "162923", "ownership": "DULB", "department": "DULB_MC_Ratia", "circleCode": 9, "divCode": 11, "distCode": 4, "deptCode": 5, "enc_userid": "ULB_1002", "engineer_name": null, "enccode": null, "gisid": "65310", "sectorNumber": null, "estateCode": null, "sectorName": null, "estateName": null, "tttt": "65310", "h_creator_name": null, "h_creator_mob": null, "v_eng_name": null, "v_eng_mob": null, "isRetired": null, "harsac_status": null, "road_status": null, "Shape__Length": 190.73178927331438}}, {"type": "Feature", "id": 66719, "geometry": {"type": "LineString", "coordinates": [[75.57552759312797, 29.68560971263157], [75.57552662294744, 29.68561017619911], [75.57529718154578, 29.68569210509363], [75.57511162194744, 29.685779297823462], [75.57495973839245, 29.685880850888097], [75.57404031449578, 29.68646861375856]]}, "properties": {"OBJECTID": 66719, "rd_name": "No Name", "start_pt": " ", "end_pt": " ", "width": 0, "carrriage": 0, "r_temp_id": "ulb_rat_00151", "mla_cons": "PC SIRSA (SC)", "pwd_cir": "Municipal Committee Ratia", "pwd_div": "Ward 7", "dlp__from": " ", "dlp_to": " ", "source": " ", "ur_id": " ", "district": "04", "vs_con": "Ratia(SC)", "type": " ", "crust": " ", "date": " ", "gis_length": 0.19963134, "road_catog": "ODR", "status": "P", "remarks": " ", "created_user": "SDE", "created_date": 1747503722000, "last_edited_user": "mc_jind", "last_edited_date": 1770226965000, "lengthdoc": 0, "GlobalID": "{14DB9BC7-9997-45DA-BCA7-1967049259E1}", "temp_road_id": "163403", "ownership": "DULB", "department": "DULB_MC_Ratia", "circleCode": 9, "divCode": 7, "distCode": 4, "deptCode": 5, "enc_userid": "ULB_1002", "engineer_name": null, "enccode": null, "gisid": "65790", "sectorNumber": null, "estateCode": null, "sectorName": null, "estateName": null, "tttt": "65790", "h_creator_name": null, "h_creator_mob": null, "v_eng_name": null, "v_eng_mob": null, "isRetired": null, "harsac_status": null, "road_status": null, "Shape__Length": 199.63133809986616}}, {"type": "Feature", "id": 66736, "geometry": {"type": "LineString", "coordinates": [[75.57886054225804, 29.679644018443263], [75.57681896177306, 29.679671069288748]]}, "properties": {"OBJECTID": 66736, "rd_name": "No Name", "start_pt": " ", "end_pt": " ", "width": 0, "carrriage": 0, "r_temp_id": "ulb_rat_00009", "mla_cons": "PC SIRSA (SC)", "pwd_cir": "Municipal Committee Ratia", "pwd_div": "Ward 10", "dlp__from": " ", "dlp_to": " ", "source": " ", "ur_id": " ", "district": "04", "vs_con": "Ratia(SC)", "type": " ", "crust": " ", "date": " ", "gis_length": 0.22729413, "road_catog": "ODR", "status": "P", "remarks": " ", "created_user": "SDE", "created_date": 1747503722000, "last_edited_user": "mc_jind", "last_edited_date": 1770226965000, "lengthdoc": 0, "GlobalID": "{C645DEDE-B2FA-4A8B-BF3E-CC00CF595967}", "temp_road_id": "163977", "ownership": "DULB", "department": "DULB_MC_Ratia", "circleCode": 9, "divCode": 10, "distCode": 4, "deptCode": 5, "enc_userid": "ULB_1002", "engineer_name": null, "enccode": null, "gisid": "66364", "sectorNumber": null, "estateCode": null, "sectorName": null, "estateName": null, "tttt": "66364", "h_creator_name": null, "h_creator_mob": null, "v_eng_name": null, "v_eng_mob": null, "isRetired": null, "harsac_status": null, "road_status": null, "Shape__Length": 227.29412799122198}}, {"type": "Feature", "id": 66739, "geometry": {"type": "LineString", "coordinates": [[75.5712576346812, 29.682545140342178], [75.57080168577562, 29.682562047023726], [75.57068922748181, 29.682567725507838]]}, "properties": {"OBJECTID": 66739, "rd_name": "No Name", "start_pt": " ", "end_pt": " ", "width": 0, "carrriage": 0, "r_temp_id": "ulb_rat_00260", "mla_cons": "PC SIRSA (SC)", "pwd_cir": "Municipal Committee Ratia", "pwd_div": "Ward 9", "dlp__from": " ", "dlp_to": " ", "source": " ", "ur_id": " ", "district": "04", "vs_con": "Ratia(SC)", "type": " ", "crust": " ", "date": " ", "gis_length": 0.06334213, "road_catog": "ODR", "status": "P", "remarks": " ", "created_user": "SDE", "created_date": 1747503722000, "last_edited_user": "mc_jind", "last_edited_date": 1770226965000, "lengthdoc": 0, "GlobalID": "{A55D84EE-D95F-4E4E-B93D-31A14CF895BF}", "temp_road_id": "164035", "ownership": "DULB", "department": "DULB_MC_Ratia", "circleCode": 9, "divCode": 9, "distCode": 4, "deptCode": 5, "enc_userid": "ULB_1002", "engineer_name": null, "enccode": null, "gisid": "66422", "sectorNumber": null, "estateCode": null, "sectorName": null, "estateName": null, "tttt": "66422", "h_creator_name": null, "h_creator_mob": null, "v_eng_name": null, "v_eng_mob": null, "isRetired": null, "harsac_status": null, "road_status": null, "Shape__Length": 63.34213497478344}}, {"type": "Feature", "id": 66744, "geometry": {"type": "LineString", "coordinates": [[75.56360620101104, 29.670116089389616], [75.56360870371742, 29.670223748019914]]}, "properties": {"OBJECTID": 66744, "rd_name": "No Name", "start_pt": " ", "end_pt": " ", "width": 0, "carrriage": 0, "r_temp_id": "ulb_rat_00290", "mla_cons": "PC SIRSA (SC)", "pwd_cir": "Municipal Committee Ratia", "pwd_div": "Ward 15", "dlp__from": " ", "dlp_to": " ", "source": " ", "ur_id": " ", "district": "04", "vs_con": "Ratia(SC)", "type": " ", "crust": " ", "date": " ", "gis_length": 0.01379571, "road_catog": "ODR", "status": "P", "remarks": " ", "created_user": "SDE", "created_date": 1747503722000, "last_edited_user": "mc_jind", "last_edited_date": 1770226965000, "lengthdoc": 0, "GlobalID": "{879554E1-C768-43F8-9299-1D7701146666}", "temp_road_id": "164180", "ownership": "DULB", "department": "DULB_MC_Ratia", "circleCode": 9, "divCode": 15, "distCode": 4, "deptCode": 5, "enc_userid": "ULB_1002", "engineer_name": null, "enccode": null, "gisid": "66567", "sectorNumber": null, "estateCode": null, "sectorName": null, "estateName": null, "tttt": "66567", "h_creator_name": null, "h_creator_mob": null, "v_eng_name": null, "v_eng_mob": null, "isRetired": null, "harsac_status": null, "road_status": null, "Shape__Length": 13.795713405619878}}, {"type": "Feature", "id": 66749, "geometry": {"type": "LineString", "coordinates": [[75.57976718402652, 29.68320709532473], [75.57976698280392, 29.68321480680643], [75.57975512055057, 29.68366922985359], [75.57975831316308, 29.68390942383985], [75.57976663695251, 29.684535696614656], [75.57974388801625, 29.684536075901274]]}, "properties": {"OBJECTID": 66749, "rd_name": "No Name", "start_pt": " ", "end_pt": " ", "width": 0, "carrriage": 0, "r_temp_id": "ulb_rat_00081", "mla_cons": "PC SIRSA (SC)", "pwd_cir": "Municipal Committee Ratia", "pwd_div": "Ward 11", "dlp__from": " ", "dlp_to": " ", "source": " ", "ur_id": " ", "district": "04", "vs_con": "Ratia(SC)", "type": " ", "crust": " ", "date": " ", "gis_length": 0.17279509, "road_catog": "ODR", "status": "P", "remarks": " ", "created_user": "SDE", "created_date": 1747503722000, "last_edited_user": "mc_jind", "last_edited_date": 1770226965000, "lengthdoc": 0, "GlobalID": "{15860CA5-730F-4292-A2C8-A3B20107FB3C}", "temp_road_id": "164422", "ownership": "DULB", "department": "DULB_MC_Ratia", "circleCode": 9, "divCode": 11, "distCode": 4, "deptCode": 5, "enc_userid": "ULB_1002", "engineer_name": null, "enccode": null, "gisid": "66809", "sectorNumber": null, "estateCode": null, "sectorName": null, "estateName": null, "tttt": "66809", "h_creator_name": null, "h_creator_mob": null, "v_eng_name": null, "v_eng_mob": null, "isRetired": null, "harsac_status": null, "road_status": null, "Shape__Length": 172.7950930981766}}, {"type": "Feature", "id": 66752, "geometry": {"type": "LineString", "coordinates": [[75.57517112904681, 29.682006679426177], [75.57513796234821, 29.680525792649036], [75.57513802882353, 29.680519316423272]]}, "properties": {"OBJECTID": 66752, "rd_name": "No Name", "start_pt": " ", "end_pt": " ", "width": 0, "carrriage": 0, "r_temp_id": "ulb_rat_00046", "mla_cons": "PC SIRSA (SC)", "pwd_cir": "Municipal Committee Ratia", "pwd_div": "Ward 10", "dlp__from": " ", "dlp_to": " ", "source": " ", "ur_id": " ", "district": "04", "vs_con": "Ratia(SC)", "type": " ", "crust": " ", "date": " ", "gis_length": 0.19061345, "road_catog": "ODR", "status": "P", "remarks": " ", "created_user": "SDE", "created_date": 1747503722000, "last_edited_user": "mc_jind", "last_edited_date": 1770226965000, "lengthdoc": 0, "GlobalID": "{BE448F94-52D1-40C4-BCB2-0C880574BDEF}", "temp_road_id": "164568", "ownership": "DULB", "department": "DULB_MC_Ratia", "circleCode": 9, "divCode": 10, "distCode": 4, "deptCode": 5, "enc_userid": "ULB_1002", "engineer_name": null, "enccode": null, "gisid": "66955", "sectorNumber": null, "estateCode": null, "sectorName": null, "estateName": null, "tttt": "66955", "h_creator_name": null, "h_creator_mob": null, "v_eng_name": null, "v_eng_mob": null, "isRetired": null, "harsac_status": null, "road_status": null, "Shape__Length": 190.6134499322731}}, {"type": "Feature", "id": 66753, "geometry": {"type": "LineString", "coordinates": [[75.58307673653502, 29.682706707789265], [75.58307545014755, 29.68272233608434], [75.58307493271792, 29.682736984925985], [75.58306433169926, 29.683694688315835], [75.58306729883465, 29.683718395483584]]}, "properties": {"OBJECTID": 66753, "rd_name": "No Name", "start_pt": " ", "end_pt": " ", "width": 0, "carrriage": 0, "r_temp_id": "ulb_rat_00134", "mla_cons": "PC SIRSA (SC)", "pwd_cir": "Municipal Committee Ratia", "pwd_div": "Ward 12", "dlp__from": " ", "dlp_to": " ", "source": " ", "ur_id": " ", "district": "04", "vs_con": "Ratia(SC)", "type": " ", "crust": " ", "date": " ", "gis_length": 0.12966078, "road_catog": "ODR", "status": "P", "remarks": " ", "created_user": "SDE", "created_date": 1747503722000, "last_edited_user": "mc_jind", "last_edited_date": 1770226965000, "lengthdoc": 0, "GlobalID": "{12C104D4-9207-4119-BF82-BD4BF0BDD128}", "temp_road_id": "164569", "ownership": "DULB", "department": "DULB_MC_Ratia", "circleCode": 9, "divCode": 12, "distCode": 4, "deptCode": 5, "enc_userid": "ULB_1002", "engineer_name": null, "enccode": null, "gisid": "66956", "sectorNumber": null, "estateCode": null, "sectorName": null, "estateName": null, "tttt": "66956", "h_creator_name": null, "h_creator_mob": null, "v_eng_name": null, "v_eng_mob": null, "isRetired": null, "harsac_status": null, "road_status": null, "Shape__Length": 129.66077598573915}}, {"type": "Feature", "id": 66754, "geometry": {"type": "LineString", "coordinates": [[75.56721252993998, 29.67180664026921], [75.56726595005497, 29.671797337985147], [75.5684634151085, 29.671786350548917], [75.56843985768849, 29.670504423749797]]}, "properties": {"OBJECTID": 66754, "rd_name": "No Name", "start_pt": " ", "end_pt": " ", "width": 0, "carrriage": 0, "r_temp_id": "ulb_rat_00264", "mla_cons": "PC SIRSA (SC)", "pwd_cir": "Municipal Committee Ratia", "pwd_div": "Ward 14", "dlp__from": " ", "dlp_to": " ", "source": " ", "ur_id": " ", "district": "04", "vs_con": "Ratia(SC)", "type": " ", "crust": " ", "date": " ", "gis_length": 0.30363272, "road_catog": "ODR", "status": "P", "remarks": " ", "created_user": "SDE", "created_date": 1747503722000, "last_edited_user": "mc_jind", "last_edited_date": 1770226965000, "lengthdoc": 0, "GlobalID": "{A0FB4F6F-F5EC-44C1-999D-5A8EB10E29A7}", "temp_road_id": "164643", "ownership": "DULB", "department": "DULB_MC_Ratia", "circleCode": 9, "divCode": 14, "distCode": 4, "deptCode": 5, "enc_userid": "ULB_1002", "engineer_name": null, "enccode": null, "gisid": "67030", "sectorNumber": null, "estateCode": null, "sectorName": null, "estateName": null, "tttt": "67030", "h_creator_name": null, "h_creator_mob": null, "v_eng_name": null, "v_eng_mob": null, "isRetired": null, "harsac_status": null, "road_status": null, "Shape__Length": 303.6327181154619}}, {"type": "Feature", "id": 66757, "geometry": {"type": "LineString", "coordinates": [[75.56853404155444, 29.679991966216484], [75.56896737806771, 29.679991906121074], [75.5694011969763, 29.679991843684228], [75.56941360540532, 29.67999184212329]]}, "properties": {"OBJECTID": 66757, "rd_name": "No Name", "start_pt": " ", "end_pt": " ", "width": 0, "carrriage": 0, "r_temp_id": "ulb_rat_00223", "mla_cons": "PC SIRSA (SC)", "pwd_cir": "Municipal Committee Ratia", "pwd_div": "Ward 16", "dlp__from": " ", "dlp_to": " ", "source": " ", "ur_id": " ", "district": "04", "vs_con": "Ratia(SC)", "type": " ", "crust": " ", "date": " ", "gis_length": 0.0979126, "road_catog": "ODR", "status": "P", "remarks": " ", "created_user": "SDE", "created_date": 1747503722000, "last_edited_user": "mc_jind", "last_edited_date": 1770226965000, "lengthdoc": 0, "GlobalID": "{41B77C69-FF85-4C89-A535-1237D26D1C21}", "temp_road_id": "164896", "ownership": "DULB", "department": "DULB_MC_Ratia", "circleCode": 9, "divCode": 16, "distCode": 4, "deptCode": 5, "enc_userid": "ULB_1002", "engineer_name": null, "enccode": null, "gisid": "67283", "sectorNumber": null, "estateCode": null, "sectorName": null, "estateName": null, "tttt": "67283", "h_creator_name": null, "h_creator_mob": null, "v_eng_name": null, "v_eng_mob": null, "isRetired": null, "harsac_status": null, "road_status": null, "Shape__Length": 97.91260129165468}}, {"type": "Feature", "id": 66768, "geometry": {"type": "LineString", "coordinates": [[75.56877229363242, 29.67868222269866], [75.56792484006137, 29.67867713637218]]}, "properties": {"OBJECTID": 66768, "rd_name": "No Name", "start_pt": " ", "end_pt": " ", "width": 0, "carrriage": 0, "r_temp_id": "ulb_rat_00212", "mla_cons": "PC SIRSA (SC)", "pwd_cir": "Municipal Committee Ratia", "pwd_div": "Ward 16", "dlp__from": " ", "dlp_to": " ", "source": " ", "ur_id": " ", "district": "04", "vs_con": "Ratia(SC)", "type": " ", "crust": " ", "date": " ", "gis_length": 0.09434035, "road_catog": "ODR", "status": "P", "remarks": " ", "created_user": "SDE", "created_date": 1747503722000, "last_edited_user": "mc_jind", "last_edited_date": 1770226965000, "lengthdoc": 0, "GlobalID": "{3571A87C-2971-4F0D-9B9B-27A600E94DBD}", "temp_road_id": "165283", "ownership": "DULB", "department": "DULB_MC_Ratia", "circleCode": 9, "divCode": 16, "distCode": 4, "deptCode": 5, "enc_userid": "ULB_1002", "engineer_name": null, "enccode": null, "gisid": "67670", "sectorNumber": null, "estateCode": null, "sectorName": null, "estateName": null, "tttt": "67670", "h_creator_name": null, "h_creator_mob": null, "v_eng_name": null, "v_eng_mob": null, "isRetired": null, "harsac_status": null, "road_status": null, "Shape__Length": 94.34035098779313}}, {"type": "Feature", "id": 66769, "geometry": {"type": "LineString", "coordinates": [[75.58398709553217, 29.684315257509027], [75.58394372397194, 29.68419442551942], [75.58394566972281, 29.683746012606193]]}, "properties": {"OBJECTID": 66769, "rd_name": "No Name", "start_pt": " ", "end_pt": " ", "width": 0, "carrriage": 0, "r_temp_id": "ulb_rat_00140", "mla_cons": "PC SIRSA (SC)", "pwd_cir": "Municipal Committee Ratia", "pwd_div": "Ward 12", "dlp__from": " ", "dlp_to": " ", "source": " ", "ur_id": " ", "district": "04", "vs_con": "Ratia(SC)", "type": " ", "crust": " ", "date": " ", "gis_length": 0.07367574, "road_catog": "ODR", "status": "P", "remarks": " ", "created_user": "SDE", "created_date": 1747503722000, "last_edited_user": "mc_jind", "last_edited_date": 1770226965000, "lengthdoc": 0, "GlobalID": "{F866AB11-FB10-4564-B551-652CD1A388E6}", "temp_road_id": "165286", "ownership": "DULB", "department": "DULB_MC_Ratia", "circleCode": 9, "divCode": 12, "distCode": 4, "deptCode": 5, "enc_userid": "ULB_1002", "engineer_name": null, "enccode": null, "gisid": "67673", "sectorNumber": null, "estateCode": null, "sectorName": null, "estateName": null, "tttt": "67673", "h_creator_name": null, "h_creator_mob": null, "v_eng_name": null, "v_eng_mob": null, "isRetired": null, "harsac_status": null, "road_status": null, "Shape__Length": 73.67573532739908}}, {"type": "Feature", "id": 66777, "geometry": {"type": "LineString", "coordinates": [[75.65838074520649, 29.674902614728264], [75.65841299472518, 29.674757525945637], [75.6584652578101, 29.6743513063679], [75.65852828361045, 29.674227853954093], [75.65857379765261, 29.674209487887268], [75.65905918524841, 29.674013605860022], [75.66402935800126, 29.672007848977188], [75.66447818596157, 29.671820194845964], [75.66542352625419, 29.671424947757327], [75.66685897119615, 29.670824784828305], [75.66707959922655, 29.670609357903597], [75.6673538243401, 29.670113103054998], [75.66753819097573, 29.669808462115615], [75.66761732985731, 29.669677694364253], [75.66774278497664, 29.66956112917355], [75.66785312953456, 29.66945860267901], [75.66785739473555, 29.669454639866654], [75.66790197722476, 29.669433299842474], [75.66884483008238, 29.668981997078006], [75.6715710022723, 29.667897137156118], [75.67461609615107, 29.666667393783268], [75.67855103869238, 29.665114294852742], [75.68209018441785, 29.66369610427107], [75.68428365744093, 29.66281976997659], [75.68606583501455, 29.66210440255754], [75.68623587711468, 29.662036147723466], [75.68881958728036, 29.66099875191333], [75.69134736114992, 29.659941307777423], [75.69257814561564, 29.659425722108633], [75.69444419259912, 29.65864401717864], [75.69527406254683, 29.65830593841064], [75.695508055712, 29.658210612679557], [75.69555562599791, 29.658191233553293], [75.69755784769698, 29.657375545765717], [75.69797495883964, 29.657195595768275], [75.6991949141146, 29.65666927782506], [75.69920290193409, 29.656665831293466], [75.69921806459776, 29.65665929029922], [75.69943737210473, 29.656564671831212], [75.6995075422065, 29.65654248285628], [75.70070132865892, 29.656164989282257], [75.70132725857921, 29.656041513766453], [75.7021544722086, 29.65597118610556], [75.70297123304132, 29.655964153258697], [75.70315161205545, 29.655962599771534], [75.70347254686881, 29.65601449169434], [75.70391051868894, 29.656085308009242], [75.70470212310046, 29.65631718766853], [75.70610392523672, 29.656857630791016], [75.70855779560615, 29.657806263802037], [75.71126019657706, 29.658845640967936], [75.71336385693638, 29.659656846237958], [75.71591288674219, 29.660641936258852], [75.71932203007633, 29.662034072889448], [75.7217769406949, 29.663011674051543], [75.7244086954569, 29.664029354966864], [75.72441079302308, 29.664030166774488], [75.72463966579117, 29.664118667033634], [75.72884001917645, 29.665674763119295], [75.73136151651714, 29.66655811401637], [75.73527801754395, 29.667939673449407], [75.73528826193146, 29.667943285852715], [75.73531569288699, 29.667952923350803], [75.73532395559096, 29.6679558262303], [75.73881137093247, 29.669180896343004], [75.74363830372, 29.670876739333117], [75.7479102420536, 29.672336212619175], [75.75093320324038, 29.673390469974976], [75.75483552615711, 29.674748218471063], [75.75488179119085, 29.67476431552336], [75.75496775008209, 29.674794221972803], [75.75499693634568, 29.67480437628627], [75.75531412967585, 29.674914738231703], [75.76108871771449, 29.676886380699], [75.76257888173535, 29.677386811254152], [75.76479600739985, 29.678131366664648], [75.76651407580495, 29.678749526550522], [75.76826341276842, 29.679378933821166], [75.77075754023902, 29.680236339759524], [75.77386805662326, 29.68126818637858], [75.77698494206288, 29.682358903648275], [75.7787433681804, 29.682945930089684], [75.7790311623463, 29.683046278681545], [75.77904384206653, 29.683050700635405], [75.7790715335335, 29.683060355416032], [75.78168464466012, 29.683971467999985], [75.7821781027204, 29.684141894916205], [75.78279688833923, 29.684355588395928], [75.78646543727969, 29.685622498198004], [75.78957273410197, 29.686717305162865], [75.79390508503676, 29.68799161770848], [75.79898011543777, 29.689473153808837], [75.80140228875241, 29.6901546078186], [75.80524573518707, 29.6912141073769], [75.80620727569755, 29.691479167810066], [75.8076700105595, 29.691900531449253], [75.81111188580766, 29.69289200969518], [75.81554082719508, 29.694162562249048], [75.81976512158099, 29.695339422724444], [75.82301353564957, 29.696252119653636], [75.82375564019398, 29.6964719395229], [75.82389079262678, 29.696511973686874], [75.82399471333216, 29.696574093561917], [75.82659290883174, 29.69812716613084], [75.82909107872113, 29.69962853101256], [75.82913801389809, 29.699656737576813], [75.82938786142975, 29.699806887380387], [75.82974487707648, 29.699992543965628], [75.83012529742965, 29.700190371382234], [75.83061245111327, 29.700382183841626], [75.83111152903399, 29.700503173494855], [75.83121463676399, 29.70052816965581], [75.83147442864583, 29.700591151620227], [75.83225073115479, 29.700718706461014], [75.8323377240069, 29.70073300154465], [75.83233934366936, 29.70073326684642], [75.83302795353863, 29.700846413297963], [75.83400262023198, 29.701006560831704], [75.8341558728195, 29.701032798319805], [75.8344484307513, 29.701082888689243], [75.83761847220124, 29.701625608445603], [75.84002017201223, 29.702036785772414], [75.84532019086605, 29.702937843247277], [75.84681173739415, 29.70319432712227], [75.8498962349745, 29.703730490514978], [75.8510673982548, 29.703879495807985], [75.85172897512221, 29.70392938656809], [75.85504159537741, 29.704031117137507], [75.85696074357398, 29.704090468635126], [75.85795495491303, 29.70408190045489], [75.85819610944766, 29.70405716032775], [75.85887587989451, 29.703917173711798], [75.86000385487091, 29.70359371194305], [75.86070240909035, 29.703406819030366], [75.86121744198883, 29.70332386134653], [75.86173259526154, 29.70326471616999], [75.86566033780585, 29.70329712273727], [75.86577824887344, 29.70329804658801], [75.86581892728444, 29.70329836572226], [75.86890711514398, 29.70332255593951], [75.87179249575176, 29.703377908147218], [75.87247530609754, 29.703427610329115], [75.87317766558051, 29.703515337764617], [75.87421574973969, 29.703835129371512], [75.87686652632783, 29.704646027851044], [75.88060803643567, 29.70578229499101], [75.88570025609962, 29.707357779032726], [75.88811880201715, 29.708089941396143], [75.88868097221352, 29.708260125321257], [75.89006109440872, 29.70867792701128], [75.8905894933403, 29.708837884163444], [75.89262819292817, 29.70947582596512], [75.89330171918547, 29.709686574032848], [75.89332666270596, 29.70969437867036], [75.89340962122412, 29.709720336907388], [75.8936669274676, 29.70976606146343], [75.89398599198852, 29.70982275991524], [75.89404804132015, 29.70982689512696], [75.89406673166793, 29.70982814037185], [75.89472659185486, 29.709872113266357], [75.89534413510366, 29.70992130430587], [75.89539061393644, 29.709925007267344], [75.89597747792169, 29.709971755388665], [75.89627305329455, 29.709990515176727], [75.89689362386585, 29.710029900265233], [75.8970414856633, 29.7100292901277], [75.8970471728974, 29.71002926672084], [75.89735866192551, 29.709956915460644], [75.89778107043335, 29.709858797889858], [75.89915477236919, 29.709352994849443], [75.89950175832583, 29.709224523277154], [75.89996330912552, 29.7090536317532], [75.90022305249833, 29.70895745998708], [75.90048526983146, 29.708860372131607], [75.90050262348612, 29.708853946886894], [75.9011413705689, 29.708617440637784], [75.90129654465275, 29.708559920694576], [75.90132424510287, 29.70854965275587], [75.90136501693867, 29.70853453953417], [75.90202583113638, 29.708289594231427], [75.90291149275143, 29.707961297334613], [75.90335216580563, 29.707797944723133], [75.90369859750167, 29.70766952655868], [75.90398085535047, 29.70756489481832], [75.90487641101004, 29.707232911997878], [75.90498641330984, 29.707192133847933], [75.90574661441566, 29.706935704656917], [75.90577780212568, 29.706925184531062], [75.90582847429422, 29.706908092347593]]}, "properties": {"OBJECTID": 66777, "rd_name": "Section- Tohana to Kulan road (MDR-101)", "start_pt": " ", "end_pt": " ", "width": 0, "carrriage": 0, "r_temp_id": "pwdbnr_5370", "mla_cons": "PC SIRSA (SC)", "pwd_cir": "Municipal Committee Ratia", "pwd_div": "Ward 17", "dlp__from": " ", "dlp_to": " ", "source": "NEW Survey", "ur_id": " ", "district": "04", "vs_con": "Ratia(SC)", "type": " ", "crust": " ", "date": " ", "gis_length": 29.60335294, "road_catog": "MDR", "status": "P", "remarks": null, "created_user": "SDE", "created_date": 1749053062000, "last_edited_user": "mc_jind", "last_edited_date": 1770226965000, "lengthdoc": null, "GlobalID": "{86EA742C-910E-42F0-ACA3-B9FB5D5399BA}", "temp_road_id": "167428", "ownership": "DULB", "department": null, "circleCode": 9, "divCode": 17, "distCode": 4, "deptCode": 5, "enc_userid": "ULB_1002", "engineer_name": "Pankaj Kumar", "enccode": null, "gisid": "69797", "sectorNumber": null, "estateCode": null, "sectorName": null, "estateName": null, "tttt": "69797", "h_creator_name": null, "h_creator_mob": null, "v_eng_name": null, "v_eng_mob": null, "isRetired": null, "harsac_status": null, "road_status": null, "Shape__Length": 29603.35293617133}}, {"type": "Feature", "id": 66778, "geometry": {"type": "LineString", "coordinates": [[75.54322965523426, 29.77168560154242], [75.54324129290876, 29.771645449216805], [75.54329280140882, 29.771656196480304], [75.54441885758379, 29.76779831330139], [75.54485287681668, 29.76631800814029], [75.54509380856913, 29.76563866277398], [75.54517753694353, 29.76545770114378], [75.54549598342352, 29.764765518313105], [75.54558037475458, 29.764604100860392], [75.54573819347861, 29.76429290688492], [75.54623353620438, 29.763367717737147], [75.54625667590778, 29.76332301187108], [75.54651376835223, 29.76282630277145], [75.5475578065451, 29.760775573494357], [75.54756911274126, 29.760753452765577], [75.5486097463192, 29.758717385888414], [75.54902358310262, 29.757873701748125], [75.54983256183004, 29.756223398001364], [75.5510580462356, 29.753826701328535], [75.55222212360496, 29.751538892235043], [75.55359406753776, 29.748664622167883], [75.55365052036515, 29.7485463493408], [75.55502017988225, 29.745871297002374], [75.55607731551197, 29.743736963472653], [75.55709496479504, 29.741685350663943], [75.55721088070437, 29.741454011948957], [75.55825548214094, 29.739369231342852], [75.55962371603162, 29.736682945255907], [75.56017075320877, 29.73557051455831], [75.56031278404168, 29.73528168518922], [75.56060033296751, 29.734696930315234], [75.56084620635234, 29.734196255611838], [75.56139573186279, 29.733077242593843], [75.56157300090936, 29.732716263863036], [75.56215406716774, 29.731519552870637], [75.56281691515129, 29.7301543941168], [75.563203163774, 29.729369984021897], [75.5639590376951, 29.727834910796698], [75.56444322873493, 29.72684576365431], [75.56453734432893, 29.726653493905275], [75.5653442587278, 29.725005004923183], [75.56581500468278, 29.724042587159833], [75.56606542623791, 29.723530606805454], [75.56624734496441, 29.723159399834113], [75.56626164434711, 29.723130220814568], [75.56647469868135, 29.722695477148598], [75.56714259789173, 29.721349509121538], [75.56748298033268, 29.720670600944203], [75.56790607335677, 29.719826713699202], [75.56834367147775, 29.718911790677765], [75.56840687155123, 29.71877965210718], [75.5686736631058, 29.71822184386367], [75.56964546058016, 29.716219738211482], [75.56973036934082, 29.716058024931495], [75.57036880021661, 29.71484209347048], [75.57055794678786, 29.714396079124796], [75.57056658678428, 29.714334355688194], [75.57057671349249, 29.7142620122114], [75.5705811098475, 29.71423060783147], [75.57058004444556, 29.713946707172024], [75.57057728482101, 29.713211507276103], [75.57057694615615, 29.713202178396585], [75.57057623379211, 29.713182512613187], [75.57056669458213, 29.712919349950806], [75.57056185805263, 29.712785934097504], [75.57032937046384, 29.711294805738845], [75.57028787458592, 29.711028653009517], [75.57026473128923, 29.710561824102864], [75.57025354367069, 29.71030896914466], [75.57023387685419, 29.709864544271664], [75.57020754363994, 29.709407345036578], [75.57011816037085, 29.707855439354788], [75.57009271109885, 29.70720444227658], [75.57003692931299, 29.70577746440097], [75.57002561503198, 29.705488087366955], [75.56998744292062, 29.704752301975773], [75.56985591968154, 29.702217135400726], [75.56984821033979, 29.70206853027057], [75.56984671105157, 29.702021521755007], [75.56982169027594, 29.70123724137282], [75.56982122764359, 29.701222741923505], [75.56989457059497, 29.700850637053055], [75.56997239254635, 29.70059883445742], [75.5700914202198, 29.700213704014377], [75.57027542932596, 29.699556194888103], [75.57040905462277, 29.69905135670511], [75.57042056383823, 29.699007878472756], [75.57042431610117, 29.69899369784957], [75.57042982187554, 29.698972897829865], [75.57047228074742, 29.698738237945662], [75.57049268687743, 29.698528997883603], [75.5705031639286, 29.69842155216049], [75.57049905862773, 29.698366495302857], [75.57047616326611, 29.69805950382273], [75.57041056199584, 29.69787177191136], [75.57032365807694, 29.697665634169883], [75.57002109650611, 29.696947945823222], [75.56995521136824, 29.696791662255293], [75.56939625175065, 29.695537038468256], [75.56906525760276, 29.69479408918411], [75.56890698612777, 29.694457904117197], [75.56886604630704, 29.694370944437953], [75.56881448839961, 29.694261431803973], [75.56877976492062, 29.694103872085307], [75.56877524190317, 29.694071262782302], [75.5687217400415, 29.693685504880996], [75.56871804077915, 29.693658833157695], [75.56871804347408, 29.693598097390062], [75.56871808479657, 29.692807348384108], [75.56871695920755, 29.692449899567194], [75.56871688285072, 29.692425701269123], [75.56871428492295, 29.691600740196854], [75.56871080844279, 29.690881446994858], [75.56870785388382, 29.690270321930615], [75.5687066474464, 29.690020780117354], [75.56871322401258, 29.689922809293137], [75.56875298793864, 29.689330492771003], [75.56884198493213, 29.688874779579915], [75.56906197965027, 29.68810710799587], [75.56922391176003, 29.687555691774204], [75.56937739611284, 29.687033037504], [75.56942120874588, 29.686883843338464], [75.56971668710072, 29.685893200948748], [75.57034578178576, 29.683775512901047], [75.57036503358061, 29.683710704331734], [75.57068922748181, 29.682567725507838], [75.57069456167798, 29.682548916893747], [75.57074243110284, 29.682380145715516], [75.57079364585378, 29.68218275852265], [75.57088521741892, 29.68182982894053], [75.57093050328903, 29.681706189036575], [75.57096612238837, 29.681608939826027]]}, "properties": {"OBJECTID": 66778, "rd_name": "Budhlada Ratia Fatehabad Bhattu to State Border road. SH-21", "start_pt": " ", "end_pt": " ", "width": 0, "carrriage": 0, "r_temp_id": "pwdbnr_5467", "mla_cons": "PC SIRSA (SC)", "pwd_cir": "Municipal Committee Ratia", "pwd_div": "Ward 17", "dlp__from": " ", "dlp_to": " ", "source": "NEW Survey", "ur_id": " ", "district": "04", "vs_con": "Ratia(SC)", "type": " ", "crust": " ", "date": " ", "gis_length": 12.24332281, "road_catog": "SH", "status": "P", "remarks": null, "created_user": "SDE", "created_date": 1749053062000, "last_edited_user": "mc_jind", "last_edited_date": 1770226965000, "lengthdoc": null, "GlobalID": "{D327093A-8BB3-4BD9-A07D-1F4D109016A9}", "temp_road_id": "167429", "ownership": "DULB", "department": null, "circleCode": 9, "divCode": 17, "distCode": 4, "deptCode": 5, "enc_userid": "ULB_1002", "engineer_name": "Pankaj Kumar", "enccode": null, "gisid": "69798", "sectorNumber": null, "estateCode": null, "sectorName": null, "estateName": null, "tttt": "69798", "h_creator_name": null, "h_creator_mob": null, "v_eng_name": null, "v_eng_mob": null, "isRetired": null, "harsac_status": null, "road_status": null, "Shape__Length": 12243.322808630062}}, {"type": "Feature", "id": 67191, "geometry": {"type": "LineString", "coordinates": [[75.57743589237086, 29.678325896694968], [75.57744220034078, 29.67909364298372]]}, "properties": {"OBJECTID": 67191, "rd_name": "No Name", "start_pt": " ", "end_pt": " ", "width": 0, "carrriage": 0, "r_temp_id": "ulb_rat_00003", "mla_cons": "PC SIRSA (SC)", "pwd_cir": "Municipal Committee Ratia", "pwd_div": "Ward 13", "dlp__from": " ", "dlp_to": " ", "source": "NEW Survey", "ur_id": " ", "district": "04", "vs_con": "Ratia(SC)", "type": " ", "crust": " ", "date": " ", "gis_length": 0.09837221, "road_catog": "ODR", "status": "P", "remarks": null, "created_user": "SDE", "created_date": 1749053062000, "last_edited_user": "mc_jind", "last_edited_date": 1770226965000, "lengthdoc": null, "GlobalID": "{8157A533-6ABD-4B22-AC3B-E838B413E60B}", "temp_road_id": "197272", "ownership": "DULB", "department": null, "circleCode": 9, "divCode": 13, "distCode": 4, "deptCode": 5, "enc_userid": "ULB_1002", "engineer_name": "Pankaj Kumar", "enccode": null, "gisid": "99641", "sectorNumber": null, "estateCode": null, "sectorName": null, "estateName": null, "tttt": "99641", "h_creator_name": null, "h_creator_mob": null, "v_eng_name": null, "v_eng_mob": null, "isRetired": null, "harsac_status": null, "road_status": null, "Shape__Length": 98.37220625222349}}, {"type": "Feature", "id": 67192, "geometry": {"type": "LineString", "coordinates": [[75.57743970661754, 29.678325929474884], [75.57743971200745, 29.67832422804311], [75.57744849573427, 29.677782095005934], [75.57744133166989, 29.677811484662318], [75.57744134155136, 29.6778081699753]]}, "properties": {"OBJECTID": 67192, "rd_name": "No Name", "start_pt": " ", "end_pt": " ", "width": 0, "carrriage": 0, "r_temp_id": "ulb_rat_00004", "mla_cons": "PC SIRSA (SC)", "pwd_cir": "Municipal Committee Ratia", "pwd_div": "Ward 13", "dlp__from": " ", "dlp_to": " ", "source": "NEW Survey", "ur_id": " ", "district": "04", "vs_con": "Ratia(SC)", "type": " ", "crust": " ", "date": " ", "gis_length": 0.07396061, "road_catog": "ODR", "status": "P", "remarks": null, "created_user": "SDE", "created_date": 1749053062000, "last_edited_user": "mc_jind", "last_edited_date": 1770226965000, "lengthdoc": null, "GlobalID": "{DDB3B613-DBF8-4076-9BF1-085D46EFA85D}", "temp_road_id": "197273", "ownership": "DULB", "department": null, "circleCode": 9, "divCode": 13, "distCode": 4, "deptCode": 5, "enc_userid": "ULB_1002", "engineer_name": "Pankaj Kumar", "enccode": null, "gisid": "99642", "sectorNumber": null, "estateCode": null, "sectorName": null, "estateName": null, "tttt": "99642", "h_creator_name": null, "h_creator_mob": null, "v_eng_name": null, "v_eng_mob": null, "isRetired": null, "harsac_status": null, "road_status": null, "Shape__Length": 73.96060727401128}}, {"type": "Feature", "id": 67193, "geometry": {"type": "LineString", "coordinates": [[75.57885274308474, 29.67911663398727], [75.57886054225804, 29.679644018443263], [75.57886077222673, 29.67965957307052]]}, "properties": {"OBJECTID": 67193, "rd_name": "No Name", "start_pt": " ", "end_pt": " ", "width": 0, "carrriage": 0, "r_temp_id": "ulb_rat_00008", "mla_cons": "PC SIRSA (SC)", "pwd_cir": "Municipal Committee Ratia", "pwd_div": "Ward 13", "dlp__from": " ", "dlp_to": " ", "source": "NEW Survey", "ur_id": " ", "district": "04", "vs_con": "Ratia(SC)", "type": " ", "crust": " ", "date": " ", "gis_length": 0.06957184, "road_catog": "ODR", "status": "P", "remarks": null, "created_user": "SDE", "created_date": 1749053062000, "last_edited_user": "mc_jind", "last_edited_date": 1770226965000, "lengthdoc": null, "GlobalID": "{EB52ECAF-3C52-4B85-A0D8-65BA0B8D7E8D}", "temp_road_id": "197274", "ownership": "DULB", "department": null, "circleCode": 9, "divCode": 13, "distCode": 4, "deptCode": 5, "enc_userid": "ULB_1002", "engineer_name": "Pankaj Kumar", "enccode": null, "gisid": "99643", "sectorNumber": null, "estateCode": null, "sectorName": null, "estateName": null, "tttt": "99643", "h_creator_name": null, "h_creator_mob": null, "v_eng_name": null, "v_eng_mob": null, "isRetired": null, "harsac_status": null, "road_status": null, "Shape__Length": 69.57184162900613}}, {"type": "Feature", "id": 67194, "geometry": {"type": "LineString", "coordinates": [[75.57880621394628, 29.68102939323651], [75.57880252636203, 29.68102943460049], [75.57811974296574, 29.681037058838633]]}, "properties": {"OBJECTID": 67194, "rd_name": "No Name", "start_pt": " ", "end_pt": " ", "width": 0, "carrriage": 0, "r_temp_id": "ulb_rat_00013", "mla_cons": "PC SIRSA (SC)", "pwd_cir": "Municipal Committee Ratia", "pwd_div": "Ward 13", "dlp__from": " ", "dlp_to": " ", "source": "NEW Survey", "ur_id": " ", "district": "04", "vs_con": "Ratia(SC)", "type": " ", "crust": " ", "date": " ", "gis_length": 0.07642391, "road_catog": "ODR", "status": "P", "remarks": null, "created_user": "SDE", "created_date": 1749053062000, "last_edited_user": "mc_jind", "last_edited_date": 1770226965000, "lengthdoc": null, "GlobalID": "{651A8423-D0EF-4B9D-8DC8-EC95A55D8B52}", "temp_road_id": "197275", "ownership": "DULB", "department": null, "circleCode": 9, "divCode": 13, "distCode": 4, "deptCode": 5, "enc_userid": "ULB_1002", "engineer_name": "Pankaj Kumar", "enccode": null, "gisid": "99644", "sectorNumber": null, "estateCode": null, "sectorName": null, "estateName": null, "tttt": "99644", "h_creator_name": null, "h_creator_mob": null, "v_eng_name": null, "v_eng_mob": null, "isRetired": null, "harsac_status": null, "road_status": null, "Shape__Length": 76.4239118778028}}, {"type": "Feature", "id": 67195, "geometry": {"type": "LineString", "coordinates": [[75.57509779957017, 29.678203143783186], [75.57509779687521, 29.678202972078857], [75.57508965185053, 29.67785538337723]]}, "properties": {"OBJECTID": 67195, "rd_name": "No Name", "start_pt": " ", "end_pt": " ", "width": 0, "carrriage": 0, "r_temp_id": "ulb_rat_00018", "mla_cons": "PC SIRSA (SC)", "pwd_cir": "Municipal Committee Ratia", "pwd_div": "Ward 10", "dlp__from": " ", "dlp_to": " ", "source": "NEW Survey", "ur_id": " ", "district": "04", "vs_con": "Ratia(SC)", "type": " ", "crust": " ", "date": " ", "gis_length": 0.04456673, "road_catog": "ODR", "status": "P", "remarks": null, "created_user": "SDE", "created_date": 1749053062000, "last_edited_user": "mc_jind", "last_edited_date": 1770226965000, "lengthdoc": null, "GlobalID": "{9AAE5DAE-0796-4213-88ED-C0751630B972}", "temp_road_id": "197276", "ownership": "DULB", "department": null, "circleCode": 9, "divCode": 10, "distCode": 4, "deptCode": 5, "enc_userid": "ULB_1002", "engineer_name": "Pankaj Kumar", "enccode": null, "gisid": "99645", "sectorNumber": null, "estateCode": null, "sectorName": null, "estateName": null, "tttt": "99645", "h_creator_name": null, "h_creator_mob": null, "v_eng_name": null, "v_eng_mob": null, "isRetired": null, "harsac_status": null, "road_status": null, "Shape__Length": 44.56673085966476}}, {"type": "Feature", "id": 67196, "geometry": {"type": "LineString", "coordinates": [[75.57650932596935, 29.6795306342693], [75.57651087466492, 29.679093423672402]]}, "properties": {"OBJECTID": 67196, "rd_name": "No Name", "start_pt": " ", "end_pt": " ", "width": 0, "carrriage": 0, "r_temp_id": "ulb_rat_00025", "mla_cons": "PC SIRSA (SC)", "pwd_cir": "Municipal Committee Ratia", "pwd_div": "Ward 10", "dlp__from": " ", "dlp_to": " ", "source": "NEW Survey", "ur_id": " ", "district": "04", "vs_con": "Ratia(SC)", "type": " ", "crust": " ", "date": " ", "gis_length": 0.05601947, "road_catog": "ODR", "status": "P", "remarks": null, "created_user": "SDE", "created_date": 1749053062000, "last_edited_user": "mc_jind", "last_edited_date": 1770226965000, "lengthdoc": null, "GlobalID": "{AD38B058-D2FA-41ED-A318-60160E900235}", "temp_road_id": "197277", "ownership": "DULB", "department": null, "circleCode": 9, "divCode": 10, "distCode": 4, "deptCode": 5, "enc_userid": "ULB_1002", "engineer_name": "Pankaj Kumar", "enccode": null, "gisid": "99646", "sectorNumber": null, "estateCode": null, "sectorName": null, "estateName": null, "tttt": "99646", "h_creator_name": null, "h_creator_mob": null, "v_eng_name": null, "v_eng_mob": null, "isRetired": null, "harsac_status": null, "road_status": null, "Shape__Length": 56.01946528127522}}, {"type": "Feature", "id": 67197, "geometry": {"type": "LineString", "coordinates": [[75.57565986376532, 29.679530900407535], [75.57565578361731, 29.67999978564836]]}, "properties": {"OBJECTID": 67197, "rd_name": "No Name", "start_pt": " ", "end_pt": " ", "width": 0, "carrriage": 0, "r_temp_id": "ulb_rat_00027", "mla_cons": "PC SIRSA (SC)", "pwd_cir": "Municipal Committee Ratia", "pwd_div": "Ward 10", "dlp__from": " ", "dlp_to": " ", "source": "NEW Survey", "ur_id": " ", "district": "04", "vs_con": "Ratia(SC)", "type": " ", "crust": " ", "date": " ", "gis_length": 0.06007962, "road_catog": "ODR", "status": "P", "remarks": null, "created_user": "SDE", "created_date": 1749053062000, "last_edited_user": "mc_jind", "last_edited_date": 1770226965000, "lengthdoc": null, "GlobalID": "{45B366DE-543E-4164-903E-4C1C434FABF2}", "temp_road_id": "197278", "ownership": "DULB", "department": null, "circleCode": 9, "divCode": 10, "distCode": 4, "deptCode": 5, "enc_userid": "ULB_1002", "engineer_name": "Pankaj Kumar", "enccode": null, "gisid": "99647", "sectorNumber": null, "estateCode": null, "sectorName": null, "estateName": null, "tttt": "99647", "h_creator_name": null, "h_creator_mob": null, "v_eng_name": null, "v_eng_mob": null, "isRetired": null, "harsac_status": null, "road_status": null, "Shape__Length": 60.079616893335796}}, {"type": "Feature", "id": 67198, "geometry": {"type": "LineString", "coordinates": [[75.57565578361731, 29.67999978564836], [75.57512441844867, 29.68000418120055]]}, "properties": {"OBJECTID": 67198, "rd_name": "No Name", "start_pt": " ", "end_pt": " ", "width": 0, "carrriage": 0, "r_temp_id": "ulb_rat_00028", "mla_cons": "PC SIRSA (SC)", "pwd_cir": "Municipal Committee Ratia", "pwd_div": "Ward 10", "dlp__from": " ", "dlp_to": " ", "source": "NEW Survey", "ur_id": " ", "district": "04", "vs_con": "Ratia(SC)", "type": " ", "crust": " ", "date": " ", "gis_length": 0.05915398, "road_catog": "ODR", "status": "P", "remarks": null, "created_user": "SDE", "created_date": 1749053062000, "last_edited_user": "mc_jind", "last_edited_date": 1770226965000, "lengthdoc": null, "GlobalID": "{20895F3A-3249-400D-8FF6-D26AFAF37732}", "temp_road_id": "197279", "ownership": "DULB", "department": null, "circleCode": 9, "divCode": 10, "distCode": 4, "deptCode": 5, "enc_userid": "ULB_1002", "engineer_name": "Pankaj Kumar", "enccode": null, "gisid": "99648", "sectorNumber": null, "estateCode": null, "sectorName": null, "estateName": null, "tttt": "99648", "h_creator_name": null, "h_creator_mob": null, "v_eng_name": null, "v_eng_mob": null, "isRetired": null, "harsac_status": null, "road_status": null, "Shape__Length": 59.1539811502996}}, {"type": "Feature", "id": 67199, "geometry": {"type": "LineString", "coordinates": [[75.57565578361731, 29.67999978564836], [75.57606770698916, 29.679992663948035]]}, "properties": {"OBJECTID": 67199, "rd_name": "No Name", "start_pt": " ", "end_pt": " ", "width": 0, "carrriage": 0, "r_temp_id": "ulb_rat_00029", "mla_cons": "PC SIRSA (SC)", "pwd_cir": "Municipal Committee Ratia", "pwd_div": "Ward 10", "dlp__from": " ", "dlp_to": " ", "source": "NEW Survey", "ur_id": " ", "district": "04", "vs_con": "Ratia(SC)", "type": " ", "crust": " ", "date": " ", "gis_length": 0.04586418, "road_catog": "ODR", "status": "P", "remarks": null, "created_user": "SDE", "created_date": 1749053062000, "last_edited_user": "mc_jind", "last_edited_date": 1770226965000, "lengthdoc": null, "GlobalID": "{94D1074F-7758-463D-94F0-CF4E3BD00C19}", "temp_road_id": "197280", "ownership": "DULB", "department": null, "circleCode": 9, "divCode": 10, "distCode": 4, "deptCode": 5, "enc_userid": "ULB_1002", "engineer_name": "Pankaj Kumar", "enccode": null, "gisid": "99649", "sectorNumber": null, "estateCode": null, "sectorName": null, "estateName": null, "tttt": "99649", "h_creator_name": null, "h_creator_mob": null, "v_eng_name": null, "v_eng_mob": null, "isRetired": null, "harsac_status": null, "road_status": null, "Shape__Length": 45.864178312273296}}, {"type": "Feature", "id": 67200, "geometry": {"type": "LineString", "coordinates": [[75.57650777817213, 29.680881719848383], [75.57646531660528, 29.680872316164486], [75.57570862791222, 29.680898857043434]]}, "properties": {"OBJECTID": 67200, "rd_name": "No Name", "start_pt": " ", "end_pt": " ", "width": 0, "carrriage": 0, "r_temp_id": "ulb_rat_00038", "mla_cons": "PC SIRSA (SC)", "pwd_cir": "Municipal Committee Ratia", "pwd_div": "Ward 10", "dlp__from": " ", "dlp_to": " ", "source": "NEW Survey", "ur_id": " ", "district": "04", "vs_con": "Ratia(SC)", "type": " ", "crust": " ", "date": " ", "gis_length": 0.08918077, "road_catog": "ODR", "status": "P", "remarks": null, "created_user": "SDE", "created_date": 1749053062000, "last_edited_user": "mc_jind", "last_edited_date": 1770226965000, "lengthdoc": null, "GlobalID": "{FF594CAE-1A9B-4CF4-8B52-37C92D82E601}", "temp_road_id": "197281", "ownership": "DULB", "department": null, "circleCode": 9, "divCode": 10, "distCode": 4, "deptCode": 5, "enc_userid": "ULB_1002", "engineer_name": "Pankaj Kumar", "enccode": null, "gisid": "99650", "sectorNumber": null, "estateCode": null, "sectorName": null, "estateName": null, "tttt": "99650", "h_creator_name": null, "h_creator_mob": null, "v_eng_name": null, "v_eng_mob": null, "isRetired": null, "harsac_status": null, "road_status": null, "Shape__Length": 89.18077118822549}}, {"type": "Feature", "id": 67201, "geometry": {"type": "LineString", "coordinates": [[75.57570284815166, 29.680487633016426], [75.57570196420946, 29.68051936715293], [75.57570862791222, 29.680898857043434], [75.5757088623725, 29.680912203574472]]}, "properties": {"OBJECTID": 67201, "rd_name": "No Name", "start_pt": " ", "end_pt": " ", "width": 0, "carrriage": 0, "r_temp_id": "ulb_rat_00040", "mla_cons": "PC SIRSA (SC)", "pwd_cir": "Municipal Committee Ratia", "pwd_div": "Ward 10", "dlp__from": " ", "dlp_to": " ", "source": "NEW Survey", "ur_id": " ", "district": "04", "vs_con": "Ratia(SC)", "type": " ", "crust": " ", "date": " ", "gis_length": 0.05440745, "road_catog": "ODR", "status": "P", "remarks": null, "created_user": "SDE", "created_date": 1749053062000, "last_edited_user": "mc_jind", "last_edited_date": 1770226965000, "lengthdoc": null, "GlobalID": "{276273A0-B56D-4E73-AA52-E76851153588}", "temp_road_id": "197282", "ownership": "DULB", "department": null, "circleCode": 9, "divCode": 10, "distCode": 4, "deptCode": 5, "enc_userid": "ULB_1002", "engineer_name": "Pankaj Kumar", "enccode": null, "gisid": "99651", "sectorNumber": null, "estateCode": null, "sectorName": null, "estateName": null, "tttt": "99651", "h_creator_name": null, "h_creator_mob": null, "v_eng_name": null, "v_eng_mob": null, "isRetired": null, "harsac_status": null, "road_status": null, "Shape__Length": 54.40744767015445}}, {"type": "Feature", "id": 67202, "geometry": {"type": "LineString", "coordinates": [[75.5757088623725, 29.680912203574472], [75.57571501134063, 29.681323381379027]]}, "properties": {"OBJECTID": 67202, "rd_name": "No Name", "start_pt": " ", "end_pt": " ", "width": 0, "carrriage": 0, "r_temp_id": "ulb_rat_00041", "mla_cons": "PC SIRSA (SC)", "pwd_cir": "Municipal Committee Ratia", "pwd_div": "Ward 10", "dlp__from": " ", "dlp_to": " ", "source": "NEW Survey", "ur_id": " ", "district": "04", "vs_con": "Ratia(SC)", "type": " ", "crust": " ", "date": " ", "gis_length": 0.05268905, "road_catog": "ODR", "status": "P", "remarks": null, "created_user": "SDE", "created_date": 1749053062000, "last_edited_user": "mc_jind", "last_edited_date": 1770226965000, "lengthdoc": null, "GlobalID": "{628F218E-D59B-409F-B406-6525A759ED66}", "temp_road_id": "197283", "ownership": "DULB", "department": null, "circleCode": 9, "divCode": 10, "distCode": 4, "deptCode": 5, "enc_userid": "ULB_1002", "engineer_name": "Pankaj Kumar", "enccode": null, "gisid": "99652", "sectorNumber": null, "estateCode": null, "sectorName": null, "estateName": null, "tttt": "99652", "h_creator_name": null, "h_creator_mob": null, "v_eng_name": null, "v_eng_mob": null, "isRetired": null, "harsac_status": null, "road_status": null, "Shape__Length": 52.68904646518098}}, {"type": "Feature", "id": 67203, "geometry": {"type": "LineString", "coordinates": [[75.57675671930366, 29.682007588644232], [75.57675192409665, 29.682007576157133], [75.57674677315684, 29.682007562889588], [75.57572463678889, 29.68200902934515], [75.57568259114203, 29.682009089439365], [75.575682559701, 29.682004754849512]]}, "properties": {"OBJECTID": 67203, "rd_name": "No Name", "start_pt": " ", "end_pt": " ", "width": 0, "carrriage": 0, "r_temp_id": "ulb_rat_00044", "mla_cons": "PC SIRSA (SC)", "pwd_cir": "Municipal Committee Ratia", "pwd_div": "Ward 10", "dlp__from": " ", "dlp_to": " ", "source": "NEW Survey", "ur_id": " ", "district": "04", "vs_con": "Ratia(SC)", "type": " ", "crust": " ", "date": " ", "gis_length": 0.12012698, "road_catog": "ODR", "status": "P", "remarks": null, "created_user": "SDE", "created_date": 1749053062000, "last_edited_user": "mc_jind", "last_edited_date": 1770226965000, "lengthdoc": null, "GlobalID": "{B8A41CC0-4554-4686-BF8A-892C32C8E654}", "temp_road_id": "197284", "ownership": "DULB", "department": null, "circleCode": 9, "divCode": 10, "distCode": 4, "deptCode": 5, "enc_userid": "ULB_1002", "engineer_name": "Pankaj Kumar", "enccode": null, "gisid": "99653", "sectorNumber": null, "estateCode": null, "sectorName": null, "estateName": null, "tttt": "99653", "h_creator_name": null, "h_creator_mob": null, "v_eng_name": null, "v_eng_mob": null, "isRetired": null, "harsac_status": null, "road_status": null, "Shape__Length": 120.12697742658662}}, {"type": "Feature", "id": 67204, "geometry": {"type": "LineString", "coordinates": [[75.57517112904681, 29.682006679426177], [75.5751567640871, 29.68261581935214], [75.57515651345713, 29.68262645596793]]}, "properties": {"OBJECTID": 67204, "rd_name": "No Name", "start_pt": " ", "end_pt": " ", "width": 0, "carrriage": 0, "r_temp_id": "ulb_rat_00048", "mla_cons": "PC SIRSA (SC)", "pwd_cir": "Municipal Committee Ratia", "pwd_div": "Ward 10", "dlp__from": " ", "dlp_to": " ", "source": "NEW Survey", "ur_id": " ", "district": "04", "vs_con": "Ratia(SC)", "type": " ", "crust": " ", "date": " ", "gis_length": 0.07943016, "road_catog": "ODR", "status": "P", "remarks": null, "created_user": "SDE", "created_date": 1749053062000, "last_edited_user": "mc_jind", "last_edited_date": 1770226965000, "lengthdoc": null, "GlobalID": "{B6D12FEA-E73F-4624-A5DC-7DE126243F92}", "temp_road_id": "197285", "ownership": "DULB", "department": null, "circleCode": 9, "divCode": 10, "distCode": 4, "deptCode": 5, "enc_userid": "ULB_1002", "engineer_name": "Pankaj Kumar", "enccode": null, "gisid": "99654", "sectorNumber": null, "estateCode": null, "sectorName": null, "estateName": null, "tttt": "99654", "h_creator_name": null, "h_creator_mob": null, "v_eng_name": null, "v_eng_mob": null, "isRetired": null, "harsac_status": null, "road_status": null, "Shape__Length": 79.43016499592898}}, {"type": "Feature", "id": 67205, "geometry": {"type": "LineString", "coordinates": [[75.5751567640871, 29.68261581935214], [75.5767393072585, 29.6826180014623], [75.57676397769116, 29.682618035801653]]}, "properties": {"OBJECTID": 67205, "rd_name": "No Name", "start_pt": " ", "end_pt": " ", "width": 0, "carrriage": 0, "r_temp_id": "ulb_rat_00049", "mla_cons": "PC SIRSA (SC)", "pwd_cir": "Municipal Committee Ratia", "pwd_div": "Ward 10", "dlp__from": " ", "dlp_to": " ", "source": "NEW Survey", "ur_id": " ", "district": "04", "vs_con": "Ratia(SC)", "type": " ", "crust": " ", "date": " ", "gis_length": 0.17891443, "road_catog": "ODR", "status": "P", "remarks": null, "created_user": "SDE", "created_date": 1749053062000, "last_edited_user": "mc_jind", "last_edited_date": 1770226965000, "lengthdoc": null, "GlobalID": "{50423114-3675-4461-82AB-AEE76D7D0755}", "temp_road_id": "197286", "ownership": "DULB", "department": null, "circleCode": 9, "divCode": 10, "distCode": 4, "deptCode": 5, "enc_userid": "ULB_1002", "engineer_name": "Pankaj Kumar", "enccode": null, "gisid": "99655", "sectorNumber": null, "estateCode": null, "sectorName": null, "estateName": null, "tttt": "99655", "h_creator_name": null, "h_creator_mob": null, "v_eng_name": null, "v_eng_mob": null, "isRetired": null, "harsac_status": null, "road_status": null, "Shape__Length": 178.91442540429583}}, {"type": "Feature", "id": 67206, "geometry": {"type": "LineString", "coordinates": [[75.57811974296574, 29.681037058838633], [75.57811994688328, 29.681044232755223], [75.57813074373469, 29.681424702469513], [75.57816599632139, 29.682666905378827]]}, "properties": {"OBJECTID": 67206, "rd_name": "No Name", "start_pt": " ", "end_pt": " ", "width": 0, "carrriage": 0, "r_temp_id": "ulb_rat_00050", "mla_cons": "PC SIRSA (SC)", "pwd_cir": "Municipal Committee Ratia", "pwd_div": "Ward 11", "dlp__from": " ", "dlp_to": " ", "source": "NEW Survey", "ur_id": " ", "district": "04", "vs_con": "Ratia(SC)", "type": " ", "crust": " ", "date": " ", "gis_length": 0.20889876, "road_catog": "ODR", "status": "P", "remarks": null, "created_user": "SDE", "created_date": 1749053062000, "last_edited_user": "mc_jind", "last_edited_date": 1770226965000, "lengthdoc": null, "GlobalID": "{80E8B7EF-3C5E-491A-9182-271CCD14B7F5}", "temp_road_id": "197287", "ownership": "DULB", "department": null, "circleCode": 9, "divCode": 11, "distCode": 4, "deptCode": 5, "enc_userid": "ULB_1002", "engineer_name": "Pankaj Kumar", "enccode": null, "gisid": "99656", "sectorNumber": null, "estateCode": null, "sectorName": null, "estateName": null, "tttt": "99656", "h_creator_name": null, "h_creator_mob": null, "v_eng_name": null, "v_eng_mob": null, "isRetired": null, "harsac_status": null, "road_status": null, "Shape__Length": 208.89876423190609}}, {"type": "Feature", "id": 67207, "geometry": {"type": "LineString", "coordinates": [[75.57864296670294, 29.681811900531713], [75.57862323790269, 29.682669441026977]]}, "properties": {"OBJECTID": 67207, "rd_name": "No Name", "start_pt": " ", "end_pt": " ", "width": 0, "carrriage": 0, "r_temp_id": "ulb_rat_00055", "mla_cons": "PC SIRSA (SC)", "pwd_cir": "Municipal Committee Ratia", "pwd_div": "Ward 11", "dlp__from": " ", "dlp_to": " ", "source": "NEW Survey", "ur_id": " ", "district": "04", "vs_con": "Ratia(SC)", "type": " ", "crust": " ", "date": " ", "gis_length": 0.10990065, "road_catog": "ODR", "status": "P", "remarks": null, "created_user": "SDE", "created_date": 1749053062000, "last_edited_user": "mc_jind", "last_edited_date": 1770226965000, "lengthdoc": null, "GlobalID": "{009BB68D-AE5A-4557-823D-C7A35034165C}", "temp_road_id": "197288", "ownership": "DULB", "department": null, "circleCode": 9, "divCode": 11, "distCode": 4, "deptCode": 5, "enc_userid": "ULB_1002", "engineer_name": "Pankaj Kumar", "enccode": null, "gisid": "99657", "sectorNumber": null, "estateCode": null, "sectorName": null, "estateName": null, "tttt": "99657", "h_creator_name": null, "h_creator_mob": null, "v_eng_name": null, "v_eng_mob": null, "isRetired": null, "harsac_status": null, "road_status": null, "Shape__Length": 109.90064607694534}}, {"type": "Feature", "id": 67208, "geometry": {"type": "LineString", "coordinates": [[75.57905740086603, 29.682664205838297], [75.57862323790269, 29.682669441026977], [75.57858419622211, 29.68266991241242], [75.57858327724558, 29.68269405062442]]}, "properties": {"OBJECTID": 67208, "rd_name": "No Name", "start_pt": " ", "end_pt": " ", "width": 0, "carrriage": 0, "r_temp_id": "ulb_rat_00058", "mla_cons": "PC SIRSA (SC)", "pwd_cir": "Municipal Committee Ratia", "pwd_div": "Ward 11", "dlp__from": " ", "dlp_to": " ", "source": "NEW Survey", "ur_id": " ", "district": "04", "vs_con": "Ratia(SC)", "type": " ", "crust": " ", "date": " ", "gis_length": 0.05577657, "road_catog": "ODR", "status": "P", "remarks": null, "created_user": "SDE", "created_date": 1749053062000, "last_edited_user": "mc_jind", "last_edited_date": 1770226965000, "lengthdoc": null, "GlobalID": "{A3653935-8060-4A5A-A84A-3B14017D8E5D}", "temp_road_id": "197289", "ownership": "DULB", "department": null, "circleCode": 9, "divCode": 11, "distCode": 4, "deptCode": 5, "enc_userid": "ULB_1002", "engineer_name": "Pankaj Kumar", "enccode": null, "gisid": "99658", "sectorNumber": null, "estateCode": null, "sectorName": null, "estateName": null, "tttt": "99658", "h_creator_name": null, "h_creator_mob": null, "v_eng_name": null, "v_eng_mob": null, "isRetired": null, "harsac_status": null, "road_status": null, "Shape__Length": 55.77656595632757}}, {"type": "Feature", "id": 67209, "geometry": {"type": "LineString", "coordinates": [[75.58019742314872, 29.681032764790384], [75.58019743213184, 29.681033342324994], [75.58019746626783, 29.681035752361577], [75.58022293530279, 29.68185246577635]]}, "properties": {"OBJECTID": 67209, "rd_name": "No Name", "start_pt": " ", "end_pt": " ", "width": 0, "carrriage": 0, "r_temp_id": "ulb_rat_00063", "mla_cons": "PC SIRSA (SC)", "pwd_cir": "Municipal Committee Ratia", "pwd_div": "Ward 13", "dlp__from": " ", "dlp_to": " ", "source": "NEW Survey", "ur_id": " ", "district": "04", "vs_con": "Ratia(SC)", "type": " ", "crust": " ", "date": " ", "gis_length": 0.10506783, "road_catog": "ODR", "status": "P", "remarks": null, "created_user": "SDE", "created_date": 1749053062000, "last_edited_user": "mc_jind", "last_edited_date": 1770226965000, "lengthdoc": null, "GlobalID": "{79EB51C9-9E4B-49DD-B150-E19AAFB632AA}", "temp_road_id": "197290", "ownership": "DULB", "department": null, "circleCode": 9, "divCode": 13, "distCode": 4, "deptCode": 5, "enc_userid": "ULB_1002", "engineer_name": "Pankaj Kumar", "enccode": null, "gisid": "99659", "sectorNumber": null, "estateCode": null, "sectorName": null, "estateName": null, "tttt": "99659", "h_creator_name": null, "h_creator_mob": null, "v_eng_name": null, "v_eng_mob": null, "isRetired": null, "harsac_status": null, "road_status": null, "Shape__Length": 105.06783025866383}}, {"type": "Feature", "id": 67210, "geometry": {"type": "LineString", "coordinates": [[75.58157088433605, 29.68183423377803], [75.58046370266354, 29.681850822937708], [75.58043693915627, 29.68185122330644]]}, "properties": {"OBJECTID": 67210, "rd_name": "No Name", "start_pt": " ", "end_pt": " ", "width": 0, "carrriage": 0, "r_temp_id": "ulb_rat_00065", "mla_cons": "PC SIRSA (SC)", "pwd_cir": "Municipal Committee Ratia", "pwd_div": "Ward 13", "dlp__from": " ", "dlp_to": " ", "source": "NEW Survey", "ur_id": " ", "district": "04", "vs_con": "Ratia(SC)", "type": " ", "crust": " ", "date": " ", "gis_length": 0.12624897, "road_catog": "ODR", "status": "P", "remarks": null, "created_user": "SDE", "created_date": 1749053062000, "last_edited_user": "mc_jind", "last_edited_date": 1770226965000, "lengthdoc": null, "GlobalID": "{64227325-9060-4BAC-BDEC-8E713DEA4BE2}", "temp_road_id": "197291", "ownership": "DULB", "department": null, "circleCode": 9, "divCode": 13, "distCode": 4, "deptCode": 5, "enc_userid": "ULB_1002", "engineer_name": "Pankaj Kumar", "enccode": null, "gisid": "99660", "sectorNumber": null, "estateCode": null, "sectorName": null, "estateName": null, "tttt": "99660", "h_creator_name": null, "h_creator_mob": null, "v_eng_name": null, "v_eng_mob": null, "isRetired": null, "harsac_status": null, "road_status": null, "Shape__Length": 126.24896944499714}}, {"type": "Feature", "id": 67211, "geometry": {"type": "LineString", "coordinates": [[75.58001581613759, 29.681853668443484], [75.58001980914904, 29.682648618116996]]}, "properties": {"OBJECTID": 67211, "rd_name": "No Name", "start_pt": " ", "end_pt": " ", "width": 0, "carrriage": 0, "r_temp_id": "ulb_rat_00067", "mla_cons": "PC SIRSA (SC)", "pwd_cir": "Municipal Committee Ratia", "pwd_div": "Ward 11", "dlp__from": " ", "dlp_to": " ", "source": "NEW Survey", "ur_id": " ", "district": "04", "vs_con": "Ratia(SC)", "type": " ", "crust": " ", "date": " ", "gis_length": 0.10185977, "road_catog": "ODR", "status": "P", "remarks": null, "created_user": "SDE", "created_date": 1749053062000, "last_edited_user": "mc_jind", "last_edited_date": 1770226965000, "lengthdoc": null, "GlobalID": "{2C908481-8683-4BF9-8060-F54BA7BF15A3}", "temp_road_id": "197292", "ownership": "DULB", "department": null, "circleCode": 9, "divCode": 11, "distCode": 4, "deptCode": 5, "enc_userid": "ULB_1002", "engineer_name": "Pankaj Kumar", "enccode": null, "gisid": "99661", "sectorNumber": null, "estateCode": null, "sectorName": null, "estateName": null, "tttt": "99661", "h_creator_name": null, "h_creator_mob": null, "v_eng_name": null, "v_eng_mob": null, "isRetired": null, "harsac_status": null, "road_status": null, "Shape__Length": 101.8597698686287}}, {"type": "Feature", "id": 67212, "geometry": {"type": "LineString", "coordinates": [[75.58046370266354, 29.681850822937708], [75.58047445370087, 29.68264722893432], [75.58047460821106, 29.682658645205972], [75.58047150183684, 29.68319584846983]]}, "properties": {"OBJECTID": 67212, "rd_name": "No Name", "start_pt": " ", "end_pt": " ", "width": 0, "carrriage": 0, "r_temp_id": "ulb_rat_00068", "mla_cons": "PC SIRSA (SC)", "pwd_cir": "Municipal Committee Ratia", "pwd_div": "Ward 11", "dlp__from": " ", "dlp_to": " ", "source": "NEW Survey", "ur_id": " ", "district": "04", "vs_con": "Ratia(SC)", "type": " ", "crust": " ", "date": " ", "gis_length": 0.17234979, "road_catog": "ODR", "status": "P", "remarks": null, "created_user": "SDE", "created_date": 1749053062000, "last_edited_user": "mc_jind", "last_edited_date": 1770226965000, "lengthdoc": null, "GlobalID": "{358DA7F5-3BAD-4D01-93F8-B6516940D49A}", "temp_road_id": "197293", "ownership": "DULB", "department": null, "circleCode": 9, "divCode": 11, "distCode": 4, "deptCode": 5, "enc_userid": "ULB_1002", "engineer_name": "Pankaj Kumar", "enccode": null, "gisid": "99662", "sectorNumber": null, "estateCode": null, "sectorName": null, "estateName": null, "tttt": "99662", "h_creator_name": null, "h_creator_mob": null, "v_eng_name": null, "v_eng_mob": null, "isRetired": null, "harsac_status": null, "road_status": null, "Shape__Length": 172.34978757311595}}, {"type": "Feature", "id": 67213, "geometry": {"type": "LineString", "coordinates": [[75.58047445370087, 29.68264722893432], [75.58043255986925, 29.682646210460447], [75.58001980914904, 29.682648618116996]]}, "properties": {"OBJECTID": 67213, "rd_name": "No Name", "start_pt": " ", "end_pt": " ", "width": 0, "carrriage": 0, "r_temp_id": "ulb_rat_00069", "mla_cons": "PC SIRSA (SC)", "pwd_cir": "Municipal Committee Ratia", "pwd_div": "Ward 11", "dlp__from": " ", "dlp_to": " ", "source": "NEW Survey", "ur_id": " ", "district": "04", "vs_con": "Ratia(SC)", "type": " ", "crust": " ", "date": " ", "gis_length": 0.05061366, "road_catog": "ODR", "status": "P", "remarks": null, "created_user": "SDE", "created_date": 1749053062000, "last_edited_user": "mc_jind", "last_edited_date": 1770226965000, "lengthdoc": null, "GlobalID": "{C4E1EE73-F1FD-4BDE-B2BF-FA7AFACE77E6}", "temp_road_id": "197294", "ownership": "DULB", "department": null, "circleCode": 9, "divCode": 11, "distCode": 4, "deptCode": 5, "enc_userid": "ULB_1002", "engineer_name": "Pankaj Kumar", "enccode": null, "gisid": "99663", "sectorNumber": null, "estateCode": null, "sectorName": null, "estateName": null, "tttt": "99663", "h_creator_name": null, "h_creator_mob": null, "v_eng_name": null, "v_eng_mob": null, "isRetired": null, "harsac_status": null, "road_status": null, "Shape__Length": 50.6136611702872}}, {"type": "Feature", "id": 67214, "geometry": {"type": "LineString", "coordinates": [[75.58047150183684, 29.68319584846983], [75.5809185259801, 29.683201927281527]]}, "properties": {"OBJECTID": 67214, "rd_name": "No Name", "start_pt": " ", "end_pt": " ", "width": 0, "carrriage": 0, "r_temp_id": "ulb_rat_00075", "mla_cons": "PC SIRSA (SC)", "pwd_cir": "Municipal Committee Ratia", "pwd_div": "Ward 11", "dlp__from": " ", "dlp_to": " ", "source": "NEW Survey", "ur_id": " ", "district": "04", "vs_con": "Ratia(SC)", "type": " ", "crust": " ", "date": " ", "gis_length": 0.0497686, "road_catog": "ODR", "status": "P", "remarks": null, "created_user": "SDE", "created_date": 1749053062000, "last_edited_user": "mc_jind", "last_edited_date": 1770226965000, "lengthdoc": null, "GlobalID": "{3ACA7A28-45B8-4CA3-A5E8-699F2AB323AB}", "temp_road_id": "197295", "ownership": "DULB", "department": null, "circleCode": 9, "divCode": 11, "distCode": 4, "deptCode": 5, "enc_userid": "ULB_1002", "engineer_name": "Pankaj Kumar", "enccode": null, "gisid": "99664", "sectorNumber": null, "estateCode": null, "sectorName": null, "estateName": null, "tttt": "99664", "h_creator_name": null, "h_creator_mob": null, "v_eng_name": null, "v_eng_mob": null, "isRetired": null, "harsac_status": null, "road_status": null, "Shape__Length": 49.76859543386773}}, {"type": "Feature", "id": 67215, "geometry": {"type": "LineString", "coordinates": [[75.57853602586165, 29.683212979807337], [75.57819335541168, 29.683215214193705]]}, "properties": {"OBJECTID": 67215, "rd_name": "No Name", "start_pt": " ", "end_pt": " ", "width": 0, "carrriage": 0, "r_temp_id": "ulb_rat_00078", "mla_cons": "PC SIRSA (SC)", "pwd_cir": "Municipal Committee Ratia", "pwd_div": "Ward 11", "dlp__from": " ", "dlp_to": " ", "source": "NEW Survey", "ur_id": " ", "district": "04", "vs_con": "Ratia(SC)", "type": " ", "crust": " ", "date": " ", "gis_length": 0.03814697, "road_catog": "ODR", "status": "P", "remarks": null, "created_user": "SDE", "created_date": 1749053062000, "last_edited_user": "mc_jind", "last_edited_date": 1770226965000, "lengthdoc": null, "GlobalID": "{D3B93392-68D0-4093-A998-A8AFDD555649}", "temp_road_id": "197296", "ownership": "DULB", "department": null, "circleCode": 9, "divCode": 11, "distCode": 4, "deptCode": 5, "enc_userid": "ULB_1002", "engineer_name": "Pankaj Kumar", "enccode": null, "gisid": "99665", "sectorNumber": null, "estateCode": null, "sectorName": null, "estateName": null, "tttt": "99665", "h_creator_name": null, "h_creator_mob": null, "v_eng_name": null, "v_eng_mob": null, "isRetired": null, "harsac_status": null, "road_status": null, "Shape__Length": 38.14697438198736}}, {"type": "Feature", "id": 67216, "geometry": {"type": "LineString", "coordinates": [[75.57818637729856, 29.683630193428154], [75.57819335541168, 29.683215214193705], [75.57819087336654, 29.68319269863222], [75.57819299878051, 29.682668846332028], [75.57819300596701, 29.682667100488693]]}, "properties": {"OBJECTID": 67216, "rd_name": "No Name", "start_pt": " ", "end_pt": " ", "width": 0, "carrriage": 0, "r_temp_id": "ulb_rat_00079", "mla_cons": "PC SIRSA (SC)", "pwd_cir": "Municipal Committee Ratia", "pwd_div": "Ward 11", "dlp__from": " ", "dlp_to": " ", "source": "NEW Survey", "ur_id": " ", "district": "04", "vs_con": "Ratia(SC)", "type": " ", "crust": " ", "date": " ", "gis_length": 0.12342379, "road_catog": "ODR", "status": "P", "remarks": null, "created_user": "SDE", "created_date": 1749053062000, "last_edited_user": "mc_jind", "last_edited_date": 1770226965000, "lengthdoc": null, "GlobalID": "{3ABA2DE4-1CF7-43F7-A734-ADB33481B673}", "temp_road_id": "197297", "ownership": "DULB", "department": null, "circleCode": 9, "divCode": 11, "distCode": 4, "deptCode": 5, "enc_userid": "ULB_1002", "engineer_name": "Pankaj Kumar", "enccode": null, "gisid": "99666", "sectorNumber": null, "estateCode": null, "sectorName": null, "estateName": null, "tttt": "99666", "h_creator_name": null, "h_creator_mob": null, "v_eng_name": null, "v_eng_mob": null, "isRetired": null, "harsac_status": null, "road_status": null, "Shape__Length": 123.42379282912636}}, {"type": "Feature", "id": 67217, "geometry": {"type": "LineString", "coordinates": [[75.57813598630268, 29.683630145821805], [75.5781398903809, 29.683630149723975], [75.57818637729856, 29.683630193428154], [75.57938855671067, 29.68363132505465]]}, "properties": {"OBJECTID": 67217, "rd_name": "No Name", "start_pt": " ", "end_pt": " ", "width": 0, "carrriage": 0, "r_temp_id": "ulb_rat_00080", "mla_cons": "PC SIRSA (SC)", "pwd_cir": "Municipal Committee Ratia", "pwd_div": "Ward 11", "dlp__from": " ", "dlp_to": " ", "source": "NEW Survey", "ur_id": " ", "district": "04", "vs_con": "Ratia(SC)", "type": " ", "crust": " ", "date": " ", "gis_length": 0.13943558, "road_catog": "ODR", "status": "P", "remarks": null, "created_user": "SDE", "created_date": 1749053062000, "last_edited_user": "mc_jind", "last_edited_date": 1770226965000, "lengthdoc": null, "GlobalID": "{194E23A2-9422-4A55-8617-1C10417C8497}", "temp_road_id": "197298", "ownership": "DULB", "department": null, "circleCode": 9, "divCode": 11, "distCode": 4, "deptCode": 5, "enc_userid": "ULB_1002", "engineer_name": "Pankaj Kumar", "enccode": null, "gisid": "99667", "sectorNumber": null, "estateCode": null, "sectorName": null, "estateName": null, "tttt": "99667", "h_creator_name": null, "h_creator_mob": null, "v_eng_name": null, "v_eng_mob": null, "isRetired": null, "harsac_status": null, "road_status": null, "Shape__Length": 139.43558187110185}}, {"type": "Feature", "id": 67218, "geometry": {"type": "LineString", "coordinates": [[75.57813599708248, 29.68362971346243], [75.5781287404916, 29.683629771994838], [75.57676835068996, 29.683640546639797]]}, "properties": {"OBJECTID": 67218, "rd_name": "No Name", "start_pt": " ", "end_pt": " ", "width": 0, "carrriage": 0, "r_temp_id": "ulb_rat_00083", "mla_cons": "PC SIRSA (SC)", "pwd_cir": "Municipal Committee Ratia", "pwd_div": "Ward 10", "dlp__from": " ", "dlp_to": " ", "source": "NEW Survey", "ur_id": " ", "district": "04", "vs_con": "Ratia(SC)", "type": " ", "crust": " ", "date": " ", "gis_length": 0.15225203, "road_catog": "ODR", "status": "P", "remarks": null, "created_user": "SDE", "created_date": 1749053062000, "last_edited_user": "mc_jind", "last_edited_date": 1770226965000, "lengthdoc": null, "GlobalID": "{19D36792-F19F-4927-BEF0-56FE6380B04A}", "temp_road_id": "197299", "ownership": "DULB", "department": null, "circleCode": 9, "divCode": 10, "distCode": 4, "deptCode": 5, "enc_userid": "ULB_1002", "engineer_name": "Pankaj Kumar", "enccode": null, "gisid": "99668", "sectorNumber": null, "estateCode": null, "sectorName": null, "estateName": null, "tttt": "99668", "h_creator_name": null, "h_creator_mob": null, "v_eng_name": null, "v_eng_mob": null, "isRetired": null, "harsac_status": null, "road_status": null, "Shape__Length": 152.25202787991685}}, {"type": "Feature", "id": 67219, "geometry": {"type": "LineString", "coordinates": [[75.57676412950643, 29.682612089629465], [75.57676397769116, 29.682618035801653], [75.57676257721764, 29.682672626000706], [75.57676862916769, 29.68362803007037]]}, "properties": {"OBJECTID": 67219, "rd_name": "No Name", "start_pt": " ", "end_pt": " ", "width": 0, "carrriage": 0, "r_temp_id": "ulb_rat_00084", "mla_cons": "PC SIRSA (SC)", "pwd_cir": "Municipal Committee Ratia", "pwd_div": "Ward 10", "dlp__from": " ", "dlp_to": " ", "source": "NEW Survey", "ur_id": " ", "district": "04", "vs_con": "Ratia(SC)", "type": " ", "crust": " ", "date": " ", "gis_length": 0.13017978, "road_catog": "ODR", "status": "P", "remarks": null, "created_user": "SDE", "created_date": 1749053062000, "last_edited_user": "mc_jind", "last_edited_date": 1770226965000, "lengthdoc": null, "GlobalID": "{6B929ED2-309A-4A76-BEAE-30E60E044914}", "temp_road_id": "197300", "ownership": "DULB", "department": null, "circleCode": 9, "divCode": 10, "distCode": 4, "deptCode": 5, "enc_userid": "ULB_1002", "engineer_name": "Pankaj Kumar", "enccode": null, "gisid": "99669", "sectorNumber": null, "estateCode": null, "sectorName": null, "estateName": null, "tttt": "99669", "h_creator_name": null, "h_creator_mob": null, "v_eng_name": null, "v_eng_mob": null, "isRetired": null, "harsac_status": null, "road_status": null, "Shape__Length": 130.17977828712418}}, {"type": "Feature", "id": 67220, "geometry": {"type": "LineString", "coordinates": [[75.57676862916769, 29.68362803007037], [75.57676835068996, 29.683640546639797], [75.57676181005638, 29.683933575021477]]}, "properties": {"OBJECTID": 67220, "rd_name": "No Name", "start_pt": " ", "end_pt": " ", "width": 0, "carrriage": 0, "r_temp_id": "ulb_rat_00085", "mla_cons": "PC SIRSA (SC)", "pwd_cir": "Municipal Committee Ratia", "pwd_div": "Ward 10", "dlp__from": " ", "dlp_to": " ", "source": "NEW Survey", "ur_id": " ", "district": "04", "vs_con": "Ratia(SC)", "type": " ", "crust": " ", "date": " ", "gis_length": 0.03915816, "road_catog": "ODR", "status": "P", "remarks": null, "created_user": "SDE", "created_date": 1749053062000, "last_edited_user": "mc_jind", "last_edited_date": 1770226965000, "lengthdoc": null, "GlobalID": "{7CA8013F-B814-4B56-A494-FCAE99BC5F16}", "temp_road_id": "197301", "ownership": "DULB", "department": null, "circleCode": 9, "divCode": 10, "distCode": 4, "deptCode": 5, "enc_userid": "ULB_1002", "engineer_name": "Pankaj Kumar", "enccode": null, "gisid": "99670", "sectorNumber": null, "estateCode": null, "sectorName": null, "estateName": null, "tttt": "99670", "h_creator_name": null, "h_creator_mob": null, "v_eng_name": null, "v_eng_mob": null, "isRetired": null, "harsac_status": null, "road_status": null, "Shape__Length": 39.15815845626437}}, {"type": "Feature", "id": 67221, "geometry": {"type": "LineString", "coordinates": [[75.57810835053128, 29.68392980320448], [75.5781084915668, 29.683933272214734], [75.57810853648255, 29.683934371840245], [75.57812237772445, 29.68427495236008]]}, "properties": {"OBJECTID": 67221, "rd_name": "No Name", "start_pt": " ", "end_pt": " ", "width": 0, "carrriage": 0, "r_temp_id": "ulb_rat_00088", "mla_cons": "PC SIRSA (SC)", "pwd_cir": "Municipal Committee Ratia", "pwd_div": "Ward 11", "dlp__from": " ", "dlp_to": " ", "source": "NEW Survey", "ur_id": " ", "district": "04", "vs_con": "Ratia(SC)", "type": " ", "crust": " ", "date": " ", "gis_length": 0.04425316, "road_catog": "ODR", "status": "P", "remarks": null, "created_user": "SDE", "created_date": 1749053062000, "last_edited_user": "mc_jind", "last_edited_date": 1770226965000, "lengthdoc": null, "GlobalID": "{A823BDB6-2D93-4D6A-96E8-FCC61626E7D8}", "temp_road_id": "197302", "ownership": "DULB", "department": null, "circleCode": 9, "divCode": 11, "distCode": 4, "deptCode": 5, "enc_userid": "ULB_1002", "engineer_name": "Pankaj Kumar", "enccode": null, "gisid": "99671", "sectorNumber": null, "estateCode": null, "sectorName": null, "estateName": null, "tttt": "99671", "h_creator_name": null, "h_creator_mob": null, "v_eng_name": null, "v_eng_mob": null, "isRetired": null, "harsac_status": null, "road_status": null, "Shape__Length": 44.25315782870978}}, {"type": "Feature", "id": 67222, "geometry": {"type": "LineString", "coordinates": [[75.57812237772445, 29.68427495236008], [75.5767686884565, 29.684281776414306]]}, "properties": {"OBJECTID": 67222, "rd_name": "No Name", "start_pt": " ", "end_pt": " ", "width": 0, "carrriage": 0, "r_temp_id": "ulb_rat_00089", "mla_cons": "PC SIRSA (SC)", "pwd_cir": "Municipal Committee Ratia", "pwd_div": "Ward 10", "dlp__from": " ", "dlp_to": " ", "source": "NEW Survey", "ur_id": " ", "district": "04", "vs_con": "Ratia(SC)", "type": " ", "crust": " ", "date": " ", "gis_length": 0.15069454, "road_catog": "ODR", "status": "P", "remarks": null, "created_user": "SDE", "created_date": 1749053062000, "last_edited_user": "mc_jind", "last_edited_date": 1770226965000, "lengthdoc": null, "GlobalID": "{33D8E671-7559-459B-A4F7-1F113ACFC1B2}", "temp_road_id": "197303", "ownership": "DULB", "department": null, "circleCode": 9, "divCode": 10, "distCode": 4, "deptCode": 5, "enc_userid": "ULB_1002", "engineer_name": "Pankaj Kumar", "enccode": null, "gisid": "99672", "sectorNumber": null, "estateCode": null, "sectorName": null, "estateName": null, "tttt": "99672", "h_creator_name": null, "h_creator_mob": null, "v_eng_name": null, "v_eng_mob": null, "isRetired": null, "harsac_status": null, "road_status": null, "Shape__Length": 150.6945368597017}}, {"type": "Feature", "id": 67223, "geometry": {"type": "LineString", "coordinates": [[75.57676181005638, 29.683933575021477], [75.57676207775432, 29.68394713342645], [75.5767686884565, 29.684281776414306]]}, "properties": {"OBJECTID": 67223, "rd_name": "No Name", "start_pt": " ", "end_pt": " ", "width": 0, "carrriage": 0, "r_temp_id": "ulb_rat_00090", "mla_cons": "PC SIRSA (SC)", "pwd_cir": "Municipal Committee Ratia", "pwd_div": "Ward 10", "dlp__from": " ", "dlp_to": " ", "source": "NEW Survey", "ur_id": " ", "district": "04", "vs_con": "Ratia(SC)", "type": " ", "crust": " ", "date": " ", "gis_length": 0.04462327, "road_catog": "ODR", "status": "P", "remarks": null, "created_user": "SDE", "created_date": 1749053062000, "last_edited_user": "mc_jind", "last_edited_date": 1770226965000, "lengthdoc": null, "GlobalID": "{242C4DCB-F62D-4F63-9F1D-E15EF5B335CF}", "temp_road_id": "197304", "ownership": "DULB", "department": null, "circleCode": 9, "divCode": 10, "distCode": 4, "deptCode": 5, "enc_userid": "ULB_1002", "engineer_name": "Pankaj Kumar", "enccode": null, "gisid": "99673", "sectorNumber": null, "estateCode": null, "sectorName": null, "estateName": null, "tttt": "99673", "h_creator_name": null, "h_creator_mob": null, "v_eng_name": null, "v_eng_mob": null, "isRetired": null, "harsac_status": null, "road_status": null, "Shape__Length": 44.6232698867539}}, {"type": "Feature", "id": 67224, "geometry": {"type": "LineString", "coordinates": [[75.5767686884565, 29.684281776414306], [75.57678022821464, 29.684674226650838], [75.5767809306972, 29.684698120108862]]}, "properties": {"OBJECTID": 67224, "rd_name": "No Name", "start_pt": " ", "end_pt": " ", "width": 0, "carrriage": 0, "r_temp_id": "ulb_rat_00091", "mla_cons": "PC SIRSA (SC)", "pwd_cir": "Municipal Committee Ratia", "pwd_div": "Ward 10", "dlp__from": " ", "dlp_to": " ", "source": "NEW Survey", "ur_id": " ", "district": "04", "vs_con": "Ratia(SC)", "type": " ", "crust": " ", "date": " ", "gis_length": 0.0533657, "road_catog": "ODR", "status": "P", "remarks": null, "created_user": "SDE", "created_date": 1749053062000, "last_edited_user": "mc_jind", "last_edited_date": 1770226965000, "lengthdoc": null, "GlobalID": "{508C4C31-90E9-41EC-81D1-364EADDCA8FF}", "temp_road_id": "197305", "ownership": "DULB", "department": null, "circleCode": 9, "divCode": 10, "distCode": 4, "deptCode": 5, "enc_userid": "ULB_1002", "engineer_name": "Pankaj Kumar", "enccode": null, "gisid": "99674", "sectorNumber": null, "estateCode": null, "sectorName": null, "estateName": null, "tttt": "99674", "h_creator_name": null, "h_creator_mob": null, "v_eng_name": null, "v_eng_mob": null, "isRetired": null, "harsac_status": null, "road_status": null, "Shape__Length": 53.36570374999001}}, {"type": "Feature", "id": 67225, "geometry": {"type": "LineString", "coordinates": [[75.57935124159206, 29.684542625228154], [75.57935655333037, 29.68454253704015], [75.57974388801625, 29.684536075901274], [75.57976663695251, 29.684535696614656], [75.58022217532803, 29.684528096835066]]}, "properties": {"OBJECTID": 67225, "rd_name": "No Name", "start_pt": " ", "end_pt": " ", "width": 0, "carrriage": 0, "r_temp_id": "ulb_rat_00096", "mla_cons": "PC SIRSA (SC)", "pwd_cir": "Municipal Committee Ratia", "pwd_div": "Ward 11", "dlp__from": " ", "dlp_to": " ", "source": "NEW Survey", "ur_id": " ", "district": "04", "vs_con": "Ratia(SC)", "type": " ", "crust": " ", "date": " ", "gis_length": 0.09696977, "road_catog": "ODR", "status": "P", "remarks": null, "created_user": "SDE", "created_date": 1749053062000, "last_edited_user": "mc_jind", "last_edited_date": 1770226965000, "lengthdoc": null, "GlobalID": "{DCB53A1F-6F85-4AC3-8481-1F860C05C8E2}", "temp_road_id": "197306", "ownership": "DULB", "department": null, "circleCode": 9, "divCode": 11, "distCode": 4, "deptCode": 5, "enc_userid": "ULB_1002", "engineer_name": "Pankaj Kumar", "enccode": null, "gisid": "99675", "sectorNumber": null, "estateCode": null, "sectorName": null, "estateName": null, "tttt": "99675", "h_creator_name": null, "h_creator_mob": null, "v_eng_name": null, "v_eng_mob": null, "isRetired": null, "harsac_status": null, "road_status": null, "Shape__Length": 96.96977090148448}}, {"type": "Feature", "id": 67226, "geometry": {"type": "LineString", "coordinates": [[75.57187966411657, 29.67787275991402], [75.57190219925378, 29.679011511252618], [75.5719256228248, 29.680195148715264]]}, "properties": {"OBJECTID": 67226, "rd_name": "No Name", "start_pt": " ", "end_pt": " ", "width": 0, "carrriage": 0, "r_temp_id": "ulb_rat_00097", "mla_cons": "PC SIRSA (SC)", "pwd_cir": "Municipal Committee Ratia", "pwd_div": "Ward 10", "dlp__from": " ", "dlp_to": " ", "source": "NEW Survey", "ur_id": " ", "district": "04", "vs_con": "Ratia(SC)", "type": " ", "crust": " ", "date": " ", "gis_length": 0.29760768, "road_catog": "ODR", "status": "P", "remarks": null, "created_user": "SDE", "created_date": 1749053062000, "last_edited_user": "mc_jind", "last_edited_date": 1770226965000, "lengthdoc": null, "GlobalID": "{6D77A80D-3061-47CC-B0DB-A1396A635FD4}", "temp_road_id": "197307", "ownership": "DULB", "department": null, "circleCode": 9, "divCode": 10, "distCode": 4, "deptCode": 5, "enc_userid": "ULB_1002", "engineer_name": "Pankaj Kumar", "enccode": null, "gisid": "99676", "sectorNumber": null, "estateCode": null, "sectorName": null, "estateName": null, "tttt": "99676", "h_creator_name": null, "h_creator_mob": null, "v_eng_name": null, "v_eng_mob": null, "isRetired": null, "harsac_status": null, "road_status": null, "Shape__Length": 297.60767805434745}}, {"type": "Feature", "id": 67227, "geometry": {"type": "LineString", "coordinates": [[75.57193604687535, 29.680482993202467], [75.57193639003181, 29.68049427470099], [75.57195526633085, 29.681115427918574]]}, "properties": {"OBJECTID": 67227, "rd_name": "No Name", "start_pt": " ", "end_pt": " ", "width": 0, "carrriage": 0, "r_temp_id": "ulb_rat_00100", "mla_cons": "PC SIRSA (SC)", "pwd_cir": "Municipal Committee Ratia", "pwd_div": "Ward 10", "dlp__from": " ", "dlp_to": " ", "source": "NEW Survey", "ur_id": " ", "district": "04", "vs_con": "Ratia(SC)", "type": " ", "crust": " ", "date": " ", "gis_length": 0.08106244, "road_catog": "ODR", "status": "P", "remarks": null, "created_user": "SDE", "created_date": 1749053062000, "last_edited_user": "mc_jind", "last_edited_date": 1770226965000, "lengthdoc": null, "GlobalID": "{2F98F087-04B2-487A-B121-C928C46AE08D}", "temp_road_id": "197308", "ownership": "DULB", "department": null, "circleCode": 9, "divCode": 10, "distCode": 4, "deptCode": 5, "enc_userid": "ULB_1002", "engineer_name": "Pankaj Kumar", "enccode": null, "gisid": "99677", "sectorNumber": null, "estateCode": null, "sectorName": null, "estateName": null, "tttt": "99677", "h_creator_name": null, "h_creator_mob": null, "v_eng_name": null, "v_eng_mob": null, "isRetired": null, "harsac_status": null, "road_status": null, "Shape__Length": 81.06243908223469}}, {"type": "Feature", "id": 67228, "geometry": {"type": "LineString", "coordinates": [[75.57886088541447, 29.678042232502165], [75.5788638076341, 29.678042176307972], [75.57954936502802, 29.678028948028174]]}, "properties": {"OBJECTID": 67228, "rd_name": "No Name", "start_pt": " ", "end_pt": " ", "width": 0, "carrriage": 0, "r_temp_id": "ulb_rat_00101", "mla_cons": "PC SIRSA (SC)", "pwd_cir": "Municipal Committee Ratia", "pwd_div": "Ward 12", "dlp__from": " ", "dlp_to": " ", "source": "NEW Survey", "ur_id": " ", "district": "04", "vs_con": "Ratia(SC)", "type": " ", "crust": " ", "date": " ", "gis_length": 0.0766601, "road_catog": "ODR", "status": "P", "remarks": null, "created_user": "SDE", "created_date": 1749053062000, "last_edited_user": "mc_jind", "last_edited_date": 1770226965000, "lengthdoc": null, "GlobalID": "{EAA07DE5-7FFB-40A0-BC85-A1B8A1FC3CB6}", "temp_road_id": "197309", "ownership": "DULB", "department": null, "circleCode": 9, "divCode": 12, "distCode": 4, "deptCode": 5, "enc_userid": "ULB_1002", "engineer_name": "Pankaj Kumar", "enccode": null, "gisid": "99678", "sectorNumber": null, "estateCode": null, "sectorName": null, "estateName": null, "tttt": "99678", "h_creator_name": null, "h_creator_mob": null, "v_eng_name": null, "v_eng_mob": null, "isRetired": null, "harsac_status": null, "road_status": null, "Shape__Length": 76.66009836930662}}, {"type": "Feature", "id": 67229, "geometry": {"type": "LineString", "coordinates": [[75.57886107585732, 29.677902120666236], [75.57886018023697, 29.677484775566082], [75.57927650265876, 29.67748377343002]]}, "properties": {"OBJECTID": 67229, "rd_name": "No Name", "start_pt": " ", "end_pt": " ", "width": 0, "carrriage": 0, "r_temp_id": "ulb_rat_00102", "mla_cons": "PC SIRSA (SC)", "pwd_cir": "Municipal Committee Ratia", "pwd_div": "Ward 12", "dlp__from": " ", "dlp_to": " ", "source": "NEW Survey", "ur_id": " ", "district": "04", "vs_con": "Ratia(SC)", "type": " ", "crust": " ", "date": " ", "gis_length": 0.09981807, "road_catog": "ODR", "status": "P", "remarks": null, "created_user": "SDE", "created_date": 1749053062000, "last_edited_user": "mc_jind", "last_edited_date": 1770226965000, "lengthdoc": null, "GlobalID": "{1B5929AA-508D-488F-8746-2CAC3BDF554A}", "temp_road_id": "197310", "ownership": "DULB", "department": null, "circleCode": 9, "divCode": 12, "distCode": 4, "deptCode": 5, "enc_userid": "ULB_1002", "engineer_name": "Pankaj Kumar", "enccode": null, "gisid": "99679", "sectorNumber": null, "estateCode": null, "sectorName": null, "estateName": null, "tttt": "99679", "h_creator_name": null, "h_creator_mob": null, "v_eng_name": null, "v_eng_mob": null, "isRetired": null, "harsac_status": null, "road_status": null, "Shape__Length": 99.81807081302081}}, {"type": "Feature", "id": 67230, "geometry": {"type": "LineString", "coordinates": [[75.5792673182833, 29.677816639714532], [75.57927650265876, 29.67748377343002], [75.57928319420931, 29.677241231230667]]}, "properties": {"OBJECTID": 67230, "rd_name": "No Name", "start_pt": " ", "end_pt": " ", "width": 0, "carrriage": 0, "r_temp_id": "ulb_rat_00103", "mla_cons": "PC SIRSA (SC)", "pwd_cir": "Municipal Committee Ratia", "pwd_div": "Ward 12", "dlp__from": " ", "dlp_to": " ", "source": "NEW Survey", "ur_id": " ", "district": "04", "vs_con": "Ratia(SC)", "type": " ", "crust": " ", "date": " ", "gis_length": 0.07374618, "road_catog": "ODR", "status": "P", "remarks": null, "created_user": "SDE", "created_date": 1749053062000, "last_edited_user": "mc_jind", "last_edited_date": 1770226965000, "lengthdoc": null, "GlobalID": "{AE98759F-A8A7-42CC-975C-B5CD329A2EDD}", "temp_road_id": "197311", "ownership": "DULB", "department": null, "circleCode": 9, "divCode": 12, "distCode": 4, "deptCode": 5, "enc_userid": "ULB_1002", "engineer_name": "Pankaj Kumar", "enccode": null, "gisid": "99680", "sectorNumber": null, "estateCode": null, "sectorName": null, "estateName": null, "tttt": "99680", "h_creator_name": null, "h_creator_mob": null, "v_eng_name": null, "v_eng_mob": null, "isRetired": null, "harsac_status": null, "road_status": null, "Shape__Length": 73.7461793877905}}, {"type": "Feature", "id": 67231, "geometry": {"type": "LineString", "coordinates": [[75.57885932683746, 29.67704109054924], [75.57885950470389, 29.67704108664681], [75.5788614405733, 29.67704104918363], [75.5791716566887, 29.677035051950167], [75.58022562485873, 29.677036719842928]]}, "properties": {"OBJECTID": 67231, "rd_name": "No Name", "start_pt": " ", "end_pt": " ", "width": 0, "carrriage": 0, "r_temp_id": "ulb_rat_00105", "mla_cons": "PC SIRSA (SC)", "pwd_cir": "Municipal Committee Ratia", "pwd_div": "Ward 12", "dlp__from": " ", "dlp_to": " ", "source": "NEW Survey", "ur_id": " ", "district": "04", "vs_con": "Ratia(SC)", "type": " ", "crust": " ", "date": " ", "gis_length": 0.1521044, "road_catog": "ODR", "status": "P", "remarks": null, "created_user": "SDE", "created_date": 1749053062000, "last_edited_user": "mc_jind", "last_edited_date": 1770226965000, "lengthdoc": null, "GlobalID": "{E12A3638-2E8C-46B7-A06D-0C46F1935D62}", "temp_road_id": "197312", "ownership": "DULB", "department": null, "circleCode": 9, "divCode": 12, "distCode": 4, "deptCode": 5, "enc_userid": "ULB_1002", "engineer_name": "Pankaj Kumar", "enccode": null, "gisid": "99681", "sectorNumber": null, "estateCode": null, "sectorName": null, "estateName": null, "tttt": "99681", "h_creator_name": null, "h_creator_mob": null, "v_eng_name": null, "v_eng_mob": null, "isRetired": null, "harsac_status": null, "road_status": null, "Shape__Length": 152.10440219992896}}, {"type": "Feature", "id": 67232, "geometry": {"type": "LineString", "coordinates": [[75.56895498491005, 29.681062740396335], [75.56895478368745, 29.681069124493767], [75.56895415037515, 29.68108911967149], [75.56893910449247, 29.681558241924897]]}, "properties": {"OBJECTID": 67232, "rd_name": "No Name", "start_pt": " ", "end_pt": " ", "width": 0, "carrriage": 0, "r_temp_id": "ulb_rat_00106", "mla_cons": "PC SIRSA (SC)", "pwd_cir": "Municipal Committee Ratia", "pwd_div": "Ward 16", "dlp__from": " ", "dlp_to": " ", "source": "NEW Survey", "ur_id": " ", "district": "04", "vs_con": "Ratia(SC)", "type": " ", "crust": " ", "date": " ", "gis_length": 0.06351381, "road_catog": "ODR", "status": "P", "remarks": null, "created_user": "SDE", "created_date": 1749053062000, "last_edited_user": "mc_jind", "last_edited_date": 1770226965000, "lengthdoc": null, "GlobalID": "{E6711E7F-A0CE-4041-899F-B6F4CBCD5E4C}", "temp_road_id": "197313", "ownership": "DULB", "department": null, "circleCode": 9, "divCode": 16, "distCode": 4, "deptCode": 5, "enc_userid": "ULB_1002", "engineer_name": "Pankaj Kumar", "enccode": null, "gisid": "99682", "sectorNumber": null, "estateCode": null, "sectorName": null, "estateName": null, "tttt": "99682", "h_creator_name": null, "h_creator_mob": null, "v_eng_name": null, "v_eng_mob": null, "isRetired": null, "harsac_status": null, "road_status": null, "Shape__Length": 63.51380687186487}}, {"type": "Feature", "id": 67233, "geometry": {"type": "LineString", "coordinates": [[75.57885843481039, 29.67683663026633], [75.57885970323156, 29.676836613095674], [75.57906194544306, 29.676833882959684], [75.58021287686654, 29.676836584217764]]}, "properties": {"OBJECTID": 67233, "rd_name": "No Name", "start_pt": " ", "end_pt": " ", "width": 0, "carrriage": 0, "r_temp_id": "ulb_rat_00108", "mla_cons": "PC SIRSA (SC)", "pwd_cir": "Municipal Committee Ratia", "pwd_div": "Ward 12", "dlp__from": " ", "dlp_to": " ", "source": "NEW Survey", "ur_id": " ", "district": "04", "vs_con": "Ratia(SC)", "type": " ", "crust": " ", "date": " ", "gis_length": 0.150779, "road_catog": "ODR", "status": "P", "remarks": null, "created_user": "SDE", "created_date": 1749053062000, "last_edited_user": "mc_jind", "last_edited_date": 1770226965000, "lengthdoc": null, "GlobalID": "{726C4708-F203-4312-BC6A-949279E70C76}", "temp_road_id": "197314", "ownership": "DULB", "department": null, "circleCode": 9, "divCode": 12, "distCode": 4, "deptCode": 5, "enc_userid": "ULB_1002", "engineer_name": "Pankaj Kumar", "enccode": null, "gisid": "99683", "sectorNumber": null, "estateCode": null, "sectorName": null, "estateName": null, "tttt": "99683", "h_creator_name": null, "h_creator_mob": null, "v_eng_name": null, "v_eng_mob": null, "isRetired": null, "harsac_status": null, "road_status": null, "Shape__Length": 150.7790019231494}}, {"type": "Feature", "id": 67234, "geometry": {"type": "LineString", "coordinates": [[75.57885258947283, 29.676535046570724], [75.57885248167499, 29.676523230774613], [75.5788440662574, 29.675598438082805]]}, "properties": {"OBJECTID": 67234, "rd_name": "No Name", "start_pt": " ", "end_pt": " ", "width": 0, "carrriage": 0, "r_temp_id": "ulb_rat_00110", "mla_cons": "PC SIRSA (SC)", "pwd_cir": "Municipal Committee Ratia", "pwd_div": "Ward 13", "dlp__from": " ", "dlp_to": " ", "source": "NEW Survey", "ur_id": " ", "district": "04", "vs_con": "Ratia(SC)", "type": " ", "crust": " ", "date": " ", "gis_length": 0.12000625, "road_catog": "ODR", "status": "P", "remarks": null, "created_user": "SDE", "created_date": 1749053062000, "last_edited_user": "mc_jind", "last_edited_date": 1770226965000, "lengthdoc": null, "GlobalID": "{32133BE7-F208-4AE4-8A25-4C0E7DE531CD}", "temp_road_id": "197315", "ownership": "DULB", "department": null, "circleCode": 9, "divCode": 13, "distCode": 4, "deptCode": 5, "enc_userid": "ULB_1002", "engineer_name": "Pankaj Kumar", "enccode": null, "gisid": "99684", "sectorNumber": null, "estateCode": null, "sectorName": null, "estateName": null, "tttt": "99684", "h_creator_name": null, "h_creator_mob": null, "v_eng_name": null, "v_eng_mob": null, "isRetired": null, "harsac_status": null, "road_status": null, "Shape__Length": 120.00625078621499}}, {"type": "Feature", "id": 67235, "geometry": {"type": "LineString", "coordinates": [[75.58036378035952, 29.68497955926874], [75.57962549814665, 29.684977979695375], [75.57960097593602, 29.6850122019585], [75.57960031477596, 29.685538530016373], [75.57959148523506, 29.68559064626874], [75.57955156230717, 29.685826274918057], [75.57946555670358, 29.686133656521587]]}, "properties": {"OBJECTID": 67235, "rd_name": "No Name", "start_pt": " ", "end_pt": " ", "width": 0, "carrriage": 0, "r_temp_id": "ulb_rat_00111", "mla_cons": "PC SIRSA (SC)", "pwd_cir": "Municipal Committee Ratia", "pwd_div": "Ward 6", "dlp__from": " ", "dlp_to": " ", "source": "NEW Survey", "ur_id": " ", "district": "04", "vs_con": "Ratia(SC)", "type": " ", "crust": " ", "date": " ", "gis_length": 0.23259445, "road_catog": "ODR", "status": "P", "remarks": null, "created_user": "SDE", "created_date": 1749053062000, "last_edited_user": "mc_jind", "last_edited_date": 1770226965000, "lengthdoc": null, "GlobalID": "{074C016D-5AC5-4331-9005-F13781A6BF59}", "temp_road_id": "197316", "ownership": "DULB", "department": null, "circleCode": 9, "divCode": 6, "distCode": 4, "deptCode": 5, "enc_userid": "ULB_1002", "engineer_name": "Pankaj Kumar", "enccode": null, "gisid": "99685", "sectorNumber": null, "estateCode": null, "sectorName": null, "estateName": null, "tttt": "99685", "h_creator_name": null, "h_creator_mob": null, "v_eng_name": null, "v_eng_mob": null, "isRetired": null, "harsac_status": null, "road_status": null, "Shape__Length": 232.59444677235246}}, {"type": "Feature", "id": 67236, "geometry": {"type": "LineString", "coordinates": [[75.57959148523506, 29.68559064626874], [75.57956868868807, 29.68559001413108], [75.57897906417998, 29.68560432775604], [75.5789122906083, 29.68562294849839], [75.57887670115336, 29.685918712696328], [75.57886570038441, 29.68596922578133]]}, "properties": {"OBJECTID": 67236, "rd_name": "No Name", "start_pt": " ", "end_pt": " ", "width": 0, "carrriage": 0, "r_temp_id": "ulb_rat_00112", "mla_cons": "PC SIRSA (SC)", "pwd_cir": "Municipal Committee Ratia", "pwd_div": "Ward 11", "dlp__from": " ", "dlp_to": " ", "source": "NEW Survey", "ur_id": " ", "district": "04", "vs_con": "Ratia(SC)", "type": " ", "crust": " ", "date": " ", "gis_length": 0.12070031, "road_catog": "ODR", "status": "P", "remarks": null, "created_user": "SDE", "created_date": 1749053062000, "last_edited_user": "mc_jind", "last_edited_date": 1770226965000, "lengthdoc": null, "GlobalID": "{6B19C0A5-268F-49F5-AD07-F7D8595CE676}", "temp_road_id": "197317", "ownership": "DULB", "department": null, "circleCode": 9, "divCode": 11, "distCode": 4, "deptCode": 5, "enc_userid": "ULB_1002", "engineer_name": "Pankaj Kumar", "enccode": null, "gisid": "99686", "sectorNumber": null, "estateCode": null, "sectorName": null, "estateName": null, "tttt": "99686", "h_creator_name": null, "h_creator_mob": null, "v_eng_name": null, "v_eng_mob": null, "isRetired": null, "harsac_status": null, "road_status": null, "Shape__Length": 120.70031301857932}}, {"type": "Feature", "id": 67237, "geometry": {"type": "LineString", "coordinates": [[75.57514646310572, 29.68371333360535], [75.5748809193111, 29.683717564324137], [75.57483948002707, 29.683718224569123], [75.57465348654242, 29.683718854377293], [75.57462138704238, 29.683718962857238], [75.57325421406202, 29.683723586913224], [75.57324805072086, 29.683723608765316]]}, "properties": {"OBJECTID": 67237, "rd_name": "No Name", "start_pt": " ", "end_pt": " ", "width": 0, "carrriage": 0, "r_temp_id": "ulb_rat_00116", "mla_cons": "PC SIRSA (SC)", "pwd_cir": "Municipal Committee Ratia", "pwd_div": "Ward 10", "dlp__from": " ", "dlp_to": " ", "source": "NEW Survey", "ur_id": " ", "district": "04", "vs_con": "Ratia(SC)", "type": " ", "crust": " ", "date": " ", "gis_length": 0.21133739, "road_catog": "ODR", "status": "P", "remarks": null, "created_user": "SDE", "created_date": 1749053062000, "last_edited_user": "mc_jind", "last_edited_date": 1770226965000, "lengthdoc": null, "GlobalID": "{00AAF9D6-1316-4E61-8EE1-E391354BCEB9}", "temp_road_id": "197318", "ownership": "DULB", "department": null, "circleCode": 9, "divCode": 10, "distCode": 4, "deptCode": 5, "enc_userid": "ULB_1002", "engineer_name": "Pankaj Kumar", "enccode": null, "gisid": "99687", "sectorNumber": null, "estateCode": null, "sectorName": null, "estateName": null, "tttt": "99687", "h_creator_name": null, "h_creator_mob": null, "v_eng_name": null, "v_eng_mob": null, "isRetired": null, "harsac_status": null, "road_status": null, "Shape__Length": 211.33738936162726}}, {"type": "Feature", "id": 67238, "geometry": {"type": "LineString", "coordinates": [[75.57465348654242, 29.683718854377293], [75.57465375783364, 29.68376741046643], [75.57463978274276, 29.684456083080946], [75.57463440542747, 29.684528535434016]]}, "properties": {"OBJECTID": 67238, "rd_name": "No Name", "start_pt": " ", "end_pt": " ", "width": 0, "carrriage": 0, "r_temp_id": "ulb_rat_00121", "mla_cons": "PC SIRSA (SC)", "pwd_cir": "Municipal Committee Ratia", "pwd_div": "Ward 10", "dlp__from": " ", "dlp_to": " ", "source": "NEW Survey", "ur_id": " ", "district": "04", "vs_con": "Ratia(SC)", "type": " ", "crust": " ", "date": " ", "gis_length": 0.10378136, "road_catog": "ODR", "status": "P", "remarks": null, "created_user": "SDE", "created_date": 1749053062000, "last_edited_user": "mc_jind", "last_edited_date": 1770226965000, "lengthdoc": null, "GlobalID": "{6ECF6FBF-FEDA-4052-BB48-1E6E345B715B}", "temp_road_id": "197319", "ownership": "DULB", "department": null, "circleCode": 9, "divCode": 10, "distCode": 4, "deptCode": 5, "enc_userid": "ULB_1002", "engineer_name": "Pankaj Kumar", "enccode": null, "gisid": "99688", "sectorNumber": null, "estateCode": null, "sectorName": null, "estateName": null, "tttt": "99688", "h_creator_name": null, "h_creator_mob": null, "v_eng_name": null, "v_eng_mob": null, "isRetired": null, "harsac_status": null, "road_status": null, "Shape__Length": 103.78136395693001}}, {"type": "Feature", "id": 67239, "geometry": {"type": "LineString", "coordinates": [[75.58368834730969, 29.680996716474386], [75.5836912812074, 29.681045564987077], [75.58370133425375, 29.68207219383519]]}, "properties": {"OBJECTID": 67239, "rd_name": "No Name", "start_pt": " ", "end_pt": " ", "width": 0, "carrriage": 0, "r_temp_id": "ulb_rat_00127", "mla_cons": "PC SIRSA (SC)", "pwd_cir": "Municipal Committee Ratia", "pwd_div": "Ward 12", "dlp__from": " ", "dlp_to": " ", "source": "NEW Survey", "ur_id": " ", "district": "04", "vs_con": "Ratia(SC)", "type": " ", "crust": " ", "date": " ", "gis_length": 0.13781578, "road_catog": "ODR", "status": "P", "remarks": null, "created_user": "SDE", "created_date": 1749053062000, "last_edited_user": "mc_jind", "last_edited_date": 1770226965000, "lengthdoc": null, "GlobalID": "{46352C64-5EBA-44A2-8B3E-6D120A487640}", "temp_road_id": "197320", "ownership": "DULB", "department": null, "circleCode": 9, "divCode": 12, "distCode": 4, "deptCode": 5, "enc_userid": "ULB_1002", "engineer_name": "Pankaj Kumar", "enccode": null, "gisid": "99689", "sectorNumber": null, "estateCode": null, "sectorName": null, "estateName": null, "tttt": "99689", "h_creator_name": null, "h_creator_mob": null, "v_eng_name": null, "v_eng_mob": null, "isRetired": null, "harsac_status": null, "road_status": null, "Shape__Length": 137.81577560040748}}, {"type": "Feature", "id": 67240, "geometry": {"type": "LineString", "coordinates": [[75.58580823124302, 29.682057701765945], [75.58581766624847, 29.68179781737883], [75.58644032270787, 29.68178262130736], [75.58644703671631, 29.681768986126645], [75.58643436328427, 29.68099246612973], [75.58649859462372, 29.68094537517125], [75.58650330179582, 29.680941924008312]]}, "properties": {"OBJECTID": 67240, "rd_name": "No Name", "start_pt": " ", "end_pt": " ", "width": 0, "carrriage": 0, "r_temp_id": "ulb_rat_00129", "mla_cons": "PC SIRSA (SC)", "pwd_cir": "Municipal Committee Ratia", "pwd_div": "Ward 12", "dlp__from": " ", "dlp_to": " ", "source": "NEW Survey", "ur_id": " ", "district": "04", "vs_con": "Ratia(SC)", "type": " ", "crust": " ", "date": " ", "gis_length": 0.21410547, "road_catog": "ODR", "status": "P", "remarks": null, "created_user": "SDE", "created_date": 1749053062000, "last_edited_user": "mc_jind", "last_edited_date": 1770226965000, "lengthdoc": null, "GlobalID": "{2EF849DF-97A3-473D-9CAA-5A28DE04C3A7}", "temp_road_id": "197321", "ownership": "DULB", "department": null, "circleCode": 9, "divCode": 12, "distCode": 4, "deptCode": 5, "enc_userid": "ULB_1002", "engineer_name": "Pankaj Kumar", "enccode": null, "gisid": "99690", "sectorNumber": null, "estateCode": null, "sectorName": null, "estateName": null, "tttt": "99690", "h_creator_name": null, "h_creator_mob": null, "v_eng_name": null, "v_eng_mob": null, "isRetired": null, "harsac_status": null, "road_status": null, "Shape__Length": 214.10546787579185}}, {"type": "Feature", "id": 67241, "geometry": {"type": "LineString", "coordinates": [[75.58650330179582, 29.680941924008312], [75.58819176532235, 29.680941825671198], [75.58862354954681, 29.680944547891144], [75.5893355820888, 29.680934235765832], [75.58947973384413, 29.680966215603952]]}, "properties": {"OBJECTID": 67241, "rd_name": "No Name", "start_pt": " ", "end_pt": " ", "width": 0, "carrriage": 0, "r_temp_id": "ulb_rat_00130", "mla_cons": "PC SIRSA (SC)", "pwd_cir": "Municipal Committee Ratia", "pwd_div": "Ward 12", "dlp__from": " ", "dlp_to": " ", "source": "NEW Survey", "ur_id": " ", "district": "04", "vs_con": "Ratia(SC)", "type": " ", "crust": " ", "date": " ", "gis_length": 0.33186208, "road_catog": "ODR", "status": "P", "remarks": null, "created_user": "SDE", "created_date": 1749053062000, "last_edited_user": "mc_jind", "last_edited_date": 1770226965000, "lengthdoc": null, "GlobalID": "{B8BF0B01-CD67-4EDE-9612-9E91C2983030}", "temp_road_id": "197322", "ownership": "DULB", "department": null, "circleCode": 9, "divCode": 12, "distCode": 4, "deptCode": 5, "enc_userid": "ULB_1002", "engineer_name": "Pankaj Kumar", "enccode": null, "gisid": "99691", "sectorNumber": null, "estateCode": null, "sectorName": null, "estateName": null, "tttt": "99691", "h_creator_name": null, "h_creator_mob": null, "v_eng_name": null, "v_eng_mob": null, "isRetired": null, "harsac_status": null, "road_status": null, "Shape__Length": 331.86208131443874}}, {"type": "Feature", "id": 67242, "geometry": {"type": "LineString", "coordinates": [[75.58369514575975, 29.682421459954607], [75.58368996607382, 29.6825680923148], [75.58366249828741, 29.682636753871726], [75.58363245682766, 29.68264815297496], [75.58307919612228, 29.68265613140989], [75.58307731055851, 29.682686876045107], [75.58307673653502, 29.682706707789265]]}, "properties": {"OBJECTID": 67242, "rd_name": "No Name", "start_pt": " ", "end_pt": " ", "width": 0, "carrriage": 0, "r_temp_id": "ulb_rat_00133", "mla_cons": "PC SIRSA (SC)", "pwd_cir": "Municipal Committee Ratia", "pwd_div": "Ward 12", "dlp__from": " ", "dlp_to": " ", "source": "NEW Survey", "ur_id": " ", "district": "04", "vs_con": "Ratia(SC)", "type": " ", "crust": " ", "date": " ", "gis_length": 0.09984458, "road_catog": "ODR", "status": "P", "remarks": null, "created_user": "SDE", "created_date": 1749053062000, "last_edited_user": "mc_jind", "last_edited_date": 1770226965000, "lengthdoc": null, "GlobalID": "{8D82056D-32A0-4D60-AF5C-BEE2CECD0398}", "temp_road_id": "197323", "ownership": "DULB", "department": null, "circleCode": 9, "divCode": 12, "distCode": 4, "deptCode": 5, "enc_userid": "ULB_1002", "engineer_name": "Pankaj Kumar", "enccode": null, "gisid": "99692", "sectorNumber": null, "estateCode": null, "sectorName": null, "estateName": null, "tttt": "99692", "h_creator_name": null, "h_creator_mob": null, "v_eng_name": null, "v_eng_mob": null, "isRetired": null, "harsac_status": null, "road_status": null, "Shape__Length": 99.84458258653933}}, {"type": "Feature", "id": 67243, "geometry": {"type": "LineString", "coordinates": [[75.58348185696521, 29.68481787294856], [75.5834792922751, 29.683778111736157]]}, "properties": {"OBJECTID": 67243, "rd_name": "No Name", "start_pt": " ", "end_pt": " ", "width": 0, "carrriage": 0, "r_temp_id": "ulb_rat_00136", "mla_cons": "PC SIRSA (SC)", "pwd_cir": "Municipal Committee Ratia", "pwd_div": "Ward 12", "dlp__from": " ", "dlp_to": " ", "source": "NEW Survey", "ur_id": " ", "district": "04", "vs_con": "Ratia(SC)", "type": " ", "crust": " ", "date": " ", "gis_length": 0.13323011, "road_catog": "ODR", "status": "P", "remarks": null, "created_user": "SDE", "created_date": 1749053062000, "last_edited_user": "mc_jind", "last_edited_date": 1770226965000, "lengthdoc": null, "GlobalID": "{66726993-99EA-41A5-8D16-A8601AC0DEEF}", "temp_road_id": "197324", "ownership": "DULB", "department": null, "circleCode": 9, "divCode": 12, "distCode": 4, "deptCode": 5, "enc_userid": "ULB_1002", "engineer_name": "Pankaj Kumar", "enccode": null, "gisid": "99693", "sectorNumber": null, "estateCode": null, "sectorName": null, "estateName": null, "tttt": "99693", "h_creator_name": null, "h_creator_mob": null, "v_eng_name": null, "v_eng_mob": null, "isRetired": null, "harsac_status": null, "road_status": null, "Shape__Length": 133.23010590061844}}, {"type": "Feature", "id": 67244, "geometry": {"type": "LineString", "coordinates": [[75.5858026464169, 29.683188033969174], [75.58582677606377, 29.683199491542553], [75.58583545648435, 29.684975772662952], [75.58581382505231, 29.685024095579372]]}, "properties": {"OBJECTID": 67244, "rd_name": "No Name", "start_pt": " ", "end_pt": " ", "width": 0, "carrriage": 0, "r_temp_id": "ulb_rat_00144", "mla_cons": "PC SIRSA (SC)", "pwd_cir": "Municipal Committee Ratia", "pwd_div": "Ward 5", "dlp__from": " ", "dlp_to": " ", "source": "NEW Survey", "ur_id": " ", "district": "04", "vs_con": "Ratia(SC)", "type": " ", "crust": " ", "date": " ", "gis_length": 0.23731012, "road_catog": "ODR", "status": "P", "remarks": null, "created_user": "SDE", "created_date": 1749053062000, "last_edited_user": "mc_jind", "last_edited_date": 1770226965000, "lengthdoc": null, "GlobalID": "{6542FC5F-7122-40C2-85B9-A69748702F18}", "temp_road_id": "197325", "ownership": "DULB", "department": null, "circleCode": 9, "divCode": 5, "distCode": 4, "deptCode": 5, "enc_userid": "ULB_1002", "engineer_name": "Pankaj Kumar", "enccode": null, "gisid": "99694", "sectorNumber": null, "estateCode": null, "sectorName": null, "estateName": null, "tttt": "99694", "h_creator_name": null, "h_creator_mob": null, "v_eng_name": null, "v_eng_mob": null, "isRetired": null, "harsac_status": null, "road_status": null, "Shape__Length": 237.31012075874344}}, {"type": "Feature", "id": 67245, "geometry": {"type": "LineString", "coordinates": [[75.5732944801463, 29.68427112982807], [75.57324786926118, 29.684305954040973], [75.57241156737605, 29.684930778223173], [75.57240956053971, 29.684932389794593]]}, "properties": {"OBJECTID": 67245, "rd_name": "No Name", "start_pt": " ", "end_pt": " ", "width": 0, "carrriage": 0, "r_temp_id": "ulb_rat_00145", "mla_cons": "PC SIRSA (SC)", "pwd_cir": "Municipal Committee Ratia", "pwd_div": "Ward 9", "dlp__from": " ", "dlp_to": " ", "source": "NEW Survey", "ur_id": " ", "district": "04", "vs_con": "Ratia(SC)", "type": " ", "crust": " ", "date": " ", "gis_length": 0.12993592, "road_catog": "ODR", "status": "P", "remarks": null, "created_user": "SDE", "created_date": 1749053062000, "last_edited_user": "mc_jind", "last_edited_date": 1770226965000, "lengthdoc": null, "GlobalID": "{E40D7B15-8E78-43A8-A6AC-9AE5DD3FB9EF}", "temp_road_id": "197326", "ownership": "DULB", "department": null, "circleCode": 9, "divCode": 9, "distCode": 4, "deptCode": 5, "enc_userid": "ULB_1002", "engineer_name": "Pankaj Kumar", "enccode": null, "gisid": "99695", "sectorNumber": null, "estateCode": null, "sectorName": null, "estateName": null, "tttt": "99695", "h_creator_name": null, "h_creator_mob": null, "v_eng_name": null, "v_eng_mob": null, "isRetired": null, "harsac_status": null, "road_status": null, "Shape__Length": 129.93591806932696}}, {"type": "Feature", "id": 67246, "geometry": {"type": "LineString", "coordinates": [[75.57608100744527, 29.685138351530053], [75.57606320283632, 29.685164835092362], [75.57587942998708, 29.68558143578836], [75.57587627869707, 29.685598486336335], [75.57587041808816, 29.685630193105656]]}, "properties": {"OBJECTID": 67246, "rd_name": "No Name", "start_pt": " ", "end_pt": " ", "width": 0, "carrriage": 0, "r_temp_id": "ulb_rat_00149", "mla_cons": "PC SIRSA (SC)", "pwd_cir": "Municipal Committee Ratia", "pwd_div": "Ward 7", "dlp__from": " ", "dlp_to": " ", "source": "NEW Survey", "ur_id": " ", "district": "04", "vs_con": "Ratia(SC)", "type": " ", "crust": " ", "date": " ", "gis_length": 0.06742497, "road_catog": "ODR", "status": "P", "remarks": null, "created_user": "SDE", "created_date": 1749053062000, "last_edited_user": "mc_jind", "last_edited_date": 1770226965000, "lengthdoc": null, "GlobalID": "{EDABA729-BBB3-4701-93CB-EC38C22D797A}", "temp_road_id": "197327", "ownership": "DULB", "department": null, "circleCode": 9, "divCode": 7, "distCode": 4, "deptCode": 5, "enc_userid": "ULB_1002", "engineer_name": "Pankaj Kumar", "enccode": null, "gisid": "99696", "sectorNumber": null, "estateCode": null, "sectorName": null, "estateName": null, "tttt": "99696", "h_creator_name": null, "h_creator_mob": null, "v_eng_name": null, "v_eng_mob": null, "isRetired": null, "harsac_status": null, "road_status": null, "Shape__Length": 67.42496909633726}}, {"type": "Feature", "id": 67247, "geometry": {"type": "LineString", "coordinates": [[75.57589255886495, 29.685611090067095], [75.57626058695875, 29.685741777784827], [75.57629162914172, 29.685779431274486]]}, "properties": {"OBJECTID": 67247, "rd_name": "No Name", "start_pt": " ", "end_pt": " ", "width": 0, "carrriage": 0, "r_temp_id": "ulb_rat_00152", "mla_cons": "PC SIRSA (SC)", "pwd_cir": "Municipal Committee Ratia", "pwd_div": "Ward 7", "dlp__from": " ", "dlp_to": " ", "source": "NEW Survey", "ur_id": " ", "district": "04", "vs_con": "Ratia(SC)", "type": " ", "crust": " ", "date": " ", "gis_length": 0.05019364, "road_catog": "ODR", "status": "P", "remarks": null, "created_user": "SDE", "created_date": 1749053062000, "last_edited_user": "mc_jind", "last_edited_date": 1770226965000, "lengthdoc": null, "GlobalID": "{D76B1A27-1C4B-4A96-BE9C-E361B2285DD1}", "temp_road_id": "197328", "ownership": "DULB", "department": null, "circleCode": 9, "divCode": 7, "distCode": 4, "deptCode": 5, "enc_userid": "ULB_1002", "engineer_name": "Pankaj Kumar", "enccode": null, "gisid": "99697", "sectorNumber": null, "estateCode": null, "sectorName": null, "estateName": null, "tttt": "99697", "h_creator_name": null, "h_creator_mob": null, "v_eng_name": null, "v_eng_mob": null, "isRetired": null, "harsac_status": null, "road_status": null, "Shape__Length": 50.193638052849096}}, {"type": "Feature", "id": 67248, "geometry": {"type": "LineString", "coordinates": [[75.5763033467663, 29.685835322269263], [75.57628836735894, 29.685836449968907], [75.5762569927993, 29.685838810724103], [75.57595567809007, 29.68586148957994], [75.57584316499906, 29.685869957860273], [75.57584081410795, 29.685870135014397]]}, "properties": {"OBJECTID": 67248, "rd_name": "No Name", "start_pt": " ", "end_pt": " ", "width": 0, "carrriage": 0, "r_temp_id": "ulb_rat_00156", "mla_cons": "PC SIRSA (SC)", "pwd_cir": "Municipal Committee Ratia", "pwd_div": "Ward 7", "dlp__from": " ", "dlp_to": " ", "source": "NEW Survey", "ur_id": " ", "district": "04", "vs_con": "Ratia(SC)", "type": " ", "crust": " ", "date": " ", "gis_length": 0.05168177, "road_catog": "ODR", "status": "P", "remarks": null, "created_user": "SDE", "created_date": 1749053062000, "last_edited_user": "mc_jind", "last_edited_date": 1770226965000, "lengthdoc": null, "GlobalID": "{7DE1301D-D0A9-4159-A23F-492586D50E42}", "temp_road_id": "197329", "ownership": "DULB", "department": null, "circleCode": 9, "divCode": 7, "distCode": 4, "deptCode": 5, "enc_userid": "ULB_1002", "engineer_name": "Pankaj Kumar", "enccode": null, "gisid": "99698", "sectorNumber": null, "estateCode": null, "sectorName": null, "estateName": null, "tttt": "99698", "h_creator_name": null, "h_creator_mob": null, "v_eng_name": null, "v_eng_mob": null, "isRetired": null, "harsac_status": null, "road_status": null, "Shape__Length": 51.68177202980167}}, {"type": "Feature", "id": 67249, "geometry": {"type": "LineString", "coordinates": [[75.57645861607156, 29.68639181825796], [75.57646085107999, 29.6863970657391], [75.57674502323866, 29.687063924394973], [75.57677659542765, 29.687131452074134]]}, "properties": {"OBJECTID": 67249, "rd_name": "No Name", "start_pt": " ", "end_pt": " ", "width": 0, "carrriage": 0, "r_temp_id": "ulb_rat_00158", "mla_cons": "PC SIRSA (SC)", "pwd_cir": "Municipal Committee Ratia", "pwd_div": "Ward 7", "dlp__from": " ", "dlp_to": " ", "source": "NEW Survey", "ur_id": " ", "district": "04", "vs_con": "Ratia(SC)", "type": " ", "crust": " ", "date": " ", "gis_length": 0.10117393, "road_catog": "ODR", "status": "P", "remarks": null, "created_user": "SDE", "created_date": 1749053062000, "last_edited_user": "mc_jind", "last_edited_date": 1770226965000, "lengthdoc": null, "GlobalID": "{4B4BF2D4-4348-47D2-8A1D-437D5E6B2E0D}", "temp_road_id": "197330", "ownership": "DULB", "department": null, "circleCode": 9, "divCode": 7, "distCode": 4, "deptCode": 5, "enc_userid": "ULB_1002", "engineer_name": "Pankaj Kumar", "enccode": null, "gisid": "99699", "sectorNumber": null, "estateCode": null, "sectorName": null, "estateName": null, "tttt": "99699", "h_creator_name": null, "h_creator_mob": null, "v_eng_name": null, "v_eng_mob": null, "isRetired": null, "harsac_status": null, "road_status": null, "Shape__Length": 101.17393173031789}}, {"type": "Feature", "id": 67250, "geometry": {"type": "LineString", "coordinates": [[75.57741500025229, 29.68686211993156], [75.5774326808937, 29.686857256435033], [75.57827825339254, 29.68656854053423], [75.57834491557314, 29.686553586330426]]}, "properties": {"OBJECTID": 67250, "rd_name": "No Name", "start_pt": " ", "end_pt": " ", "width": 0, "carrriage": 0, "r_temp_id": "ulb_rat_00161", "mla_cons": "PC SIRSA (SC)", "pwd_cir": "Municipal Committee Ratia", "pwd_div": "Ward 7", "dlp__from": " ", "dlp_to": " ", "source": "NEW Survey", "ur_id": " ", "district": "04", "vs_con": "Ratia(SC)", "type": " ", "crust": " ", "date": " ", "gis_length": 0.11086664, "road_catog": "ODR", "status": "P", "remarks": null, "created_user": "SDE", "created_date": 1749053062000, "last_edited_user": "mc_jind", "last_edited_date": 1770226965000, "lengthdoc": null, "GlobalID": "{D47C2702-B287-4C21-BE2C-F83E9855DE71}", "temp_road_id": "197331", "ownership": "DULB", "department": null, "circleCode": 9, "divCode": 7, "distCode": 4, "deptCode": 5, "enc_userid": "ULB_1002", "engineer_name": "Pankaj Kumar", "enccode": null, "gisid": "99700", "sectorNumber": null, "estateCode": null, "sectorName": null, "estateName": null, "tttt": "99700", "h_creator_name": null, "h_creator_mob": null, "v_eng_name": null, "v_eng_mob": null, "isRetired": null, "harsac_status": null, "road_status": null, "Shape__Length": 110.86663737654128}}, {"type": "Feature", "id": 67251, "geometry": {"type": "LineString", "coordinates": [[75.57834491557314, 29.686553586330426], [75.57833074105628, 29.68651130296], [75.57807250685313, 29.685913060935594], [75.57804554751314, 29.68583888486356], [75.57800434628263, 29.685725524846152], [75.57799138089815, 29.685689851252]]}, "properties": {"OBJECTID": 67251, "rd_name": "No Name", "start_pt": " ", "end_pt": " ", "width": 0, "carrriage": 0, "r_temp_id": "ulb_rat_00162", "mla_cons": "PC SIRSA (SC)", "pwd_cir": "Municipal Committee Ratia", "pwd_div": "Ward 6", "dlp__from": " ", "dlp_to": " ", "source": "NEW Survey", "ur_id": " ", "district": "04", "vs_con": "Ratia(SC)", "type": " ", "crust": " ", "date": " ", "gis_length": 0.11750642, "road_catog": "ODR", "status": "P", "remarks": null, "created_user": "SDE", "created_date": 1749053062000, "last_edited_user": "mc_jind", "last_edited_date": 1770226965000, "lengthdoc": null, "GlobalID": "{D8FA1CE2-9A45-4B3A-ADCC-43DF3C2021FB}", "temp_road_id": "197332", "ownership": "DULB", "department": null, "circleCode": 9, "divCode": 6, "distCode": 4, "deptCode": 5, "enc_userid": "ULB_1002", "engineer_name": "Pankaj Kumar", "enccode": null, "gisid": "99701", "sectorNumber": null, "estateCode": null, "sectorName": null, "estateName": null, "tttt": "99701", "h_creator_name": null, "h_creator_mob": null, "v_eng_name": null, "v_eng_mob": null, "isRetired": null, "harsac_status": null, "road_status": null, "Shape__Length": 117.50641803502307}}, {"type": "Feature", "id": 67252, "geometry": {"type": "LineString", "coordinates": [[75.57858461304043, 29.68728721374981], [75.57877710673444, 29.687729491746182], [75.5787855284402, 29.68774632653926]]}, "properties": {"OBJECTID": 67252, "rd_name": "No Name", "start_pt": " ", "end_pt": " ", "width": 0, "carrriage": 0, "r_temp_id": "ulb_rat_00164", "mla_cons": "PC SIRSA (SC)", "pwd_cir": "Municipal Committee Ratia", "pwd_div": "Ward 6", "dlp__from": " ", "dlp_to": " ", "source": "NEW Survey", "ur_id": " ", "district": "04", "vs_con": "Ratia(SC)", "type": " ", "crust": " ", "date": " ", "gis_length": 0.06294099, "road_catog": "ODR", "status": "P", "remarks": null, "created_user": "SDE", "created_date": 1749053062000, "last_edited_user": "mc_jind", "last_edited_date": 1770226965000, "lengthdoc": null, "GlobalID": "{CFA487ED-7D4F-4914-84FD-7BDF6DC978B0}", "temp_road_id": "197333", "ownership": "DULB", "department": null, "circleCode": 9, "divCode": 6, "distCode": 4, "deptCode": 5, "enc_userid": "ULB_1002", "engineer_name": "Pankaj Kumar", "enccode": null, "gisid": "99702", "sectorNumber": null, "estateCode": null, "sectorName": null, "estateName": null, "tttt": "99702", "h_creator_name": null, "h_creator_mob": null, "v_eng_name": null, "v_eng_mob": null, "isRetired": null, "harsac_status": null, "road_status": null, "Shape__Length": 62.940988665101564}}, {"type": "Feature", "id": 67253, "geometry": {"type": "LineString", "coordinates": [[75.5787855284402, 29.68774632653926], [75.57880417926215, 29.687762622073166], [75.57884004180494, 29.687749685381434], [75.5791964654619, 29.687662606738694], [75.57922096970623, 29.687664586615497]]}, "properties": {"OBJECTID": 67253, "rd_name": "No Name", "start_pt": " ", "end_pt": " ", "width": 0, "carrriage": 0, "r_temp_id": "ulb_rat_00165", "mla_cons": "PC SIRSA (SC)", "pwd_cir": "Municipal Committee Ratia", "pwd_div": "Ward 6", "dlp__from": " ", "dlp_to": " ", "source": "NEW Survey", "ur_id": " ", "district": "04", "vs_con": "Ratia(SC)", "type": " ", "crust": " ", "date": " ", "gis_length": 0.05122292, "road_catog": "ODR", "status": "P", "remarks": null, "created_user": "SDE", "created_date": 1749053062000, "last_edited_user": "mc_jind", "last_edited_date": 1770226965000, "lengthdoc": null, "GlobalID": "{1C9D07B2-A736-435E-AA6F-D437F453CF36}", "temp_road_id": "197334", "ownership": "DULB", "department": null, "circleCode": 9, "divCode": 6, "distCode": 4, "deptCode": 5, "enc_userid": "ULB_1002", "engineer_name": "Pankaj Kumar", "enccode": null, "gisid": "99703", "sectorNumber": null, "estateCode": null, "sectorName": null, "estateName": null, "tttt": "99703", "h_creator_name": null, "h_creator_mob": null, "v_eng_name": null, "v_eng_mob": null, "isRetired": null, "harsac_status": null, "road_status": null, "Shape__Length": 51.222915347553474}}, {"type": "Feature", "id": 67254, "geometry": {"type": "LineString", "coordinates": [[75.58158971931259, 29.687289849953448], [75.5815500110821, 29.687276615866974], [75.58114906063145, 29.687446920118553], [75.58059263695793, 29.68764525296492]]}, "properties": {"OBJECTID": 67254, "rd_name": "No Name", "start_pt": " ", "end_pt": " ", "width": 0, "carrriage": 0, "r_temp_id": "ulb_rat_00169", "mla_cons": "PC SIRSA (SC)", "pwd_cir": "Municipal Committee Ratia", "pwd_div": "Ward 4", "dlp__from": " ", "dlp_to": " ", "source": "NEW Survey", "ur_id": " ", "district": "04", "vs_con": "Ratia(SC)", "type": " ", "crust": " ", "date": " ", "gis_length": 0.12136907, "road_catog": "ODR", "status": "P", "remarks": null, "created_user": "SDE", "created_date": 1749053062000, "last_edited_user": "mc_jind", "last_edited_date": 1770226965000, "lengthdoc": null, "GlobalID": "{9D660E1D-9730-4554-A0F6-78E73277C59D}", "temp_road_id": "197335", "ownership": "DULB", "department": null, "circleCode": 9, "divCode": 4, "distCode": 4, "deptCode": 5, "enc_userid": "ULB_1002", "engineer_name": "Pankaj Kumar", "enccode": null, "gisid": "99704", "sectorNumber": null, "estateCode": null, "sectorName": null, "estateName": null, "tttt": "99704", "h_creator_name": null, "h_creator_mob": null, "v_eng_name": null, "v_eng_mob": null, "isRetired": null, "harsac_status": null, "road_status": null, "Shape__Length": 121.36906683062426}}, {"type": "Feature", "id": 67255, "geometry": {"type": "LineString", "coordinates": [[75.57858461304043, 29.68728721374981], [75.57850609309807, 29.68731447871017], [75.57832830482522, 29.687366313876907], [75.57822549713254, 29.687423382397224], [75.5780848532984, 29.687555363225144], [75.57780471996524, 29.687777830507443], [75.57724232519007, 29.6882854013146]]}, "properties": {"OBJECTID": 67255, "rd_name": "No Name", "start_pt": " ", "end_pt": " ", "width": 0, "carrriage": 0, "r_temp_id": "ulb_rat_00171", "mla_cons": "PC SIRSA (SC)", "pwd_cir": "Municipal Committee Ratia", "pwd_div": "Ward 6", "dlp__from": " ", "dlp_to": " ", "source": "NEW Survey", "ur_id": " ", "district": "04", "vs_con": "Ratia(SC)", "type": " ", "crust": " ", "date": " ", "gis_length": 0.19944282, "road_catog": "ODR", "status": "P", "remarks": null, "created_user": "SDE", "created_date": 1749053062000, "last_edited_user": "mc_jind", "last_edited_date": 1770226965000, "lengthdoc": null, "GlobalID": "{8B64140A-DD77-435F-B4EA-1D8660932C4C}", "temp_road_id": "197336", "ownership": "DULB", "department": null, "circleCode": 9, "divCode": 6, "distCode": 4, "deptCode": 5, "enc_userid": "ULB_1002", "engineer_name": "Pankaj Kumar", "enccode": null, "gisid": "99705", "sectorNumber": null, "estateCode": null, "sectorName": null, "estateName": null, "tttt": "99705", "h_creator_name": null, "h_creator_mob": null, "v_eng_name": null, "v_eng_mob": null, "isRetired": null, "harsac_status": null, "road_status": null, "Shape__Length": 199.44281644723057}}, {"type": "Feature", "id": 67256, "geometry": {"type": "LineString", "coordinates": [[75.57609806824914, 29.687831084201466], [75.57597588748902, 29.68776515915361], [75.57592852920557, 29.687739607293917], [75.57560824117921, 29.68763778374747], [75.57539846659405, 29.687528408930028], [75.57537455074626, 29.687503422021233], [75.57535732285574, 29.687485422827383]]}, "properties": {"OBJECTID": 67256, "rd_name": "No Name", "start_pt": " ", "end_pt": " ", "width": 0, "carrriage": 0, "r_temp_id": "ulb_rat_00174", "mla_cons": "PC SIRSA (SC)", "pwd_cir": "Municipal Committee Ratia", "pwd_div": "Ward 7", "dlp__from": " ", "dlp_to": " ", "source": "NEW Survey", "ur_id": " ", "district": "04", "vs_con": "Ratia(SC)", "type": " ", "crust": " ", "date": " ", "gis_length": 0.09458215, "road_catog": "ODR", "status": "P", "remarks": null, "created_user": "SDE", "created_date": 1749053062000, "last_edited_user": "mc_jind", "last_edited_date": 1770226965000, "lengthdoc": null, "GlobalID": "{17A7B13F-C2DF-4C11-8EED-27DE3F8696AE}", "temp_road_id": "197337", "ownership": "DULB", "department": null, "circleCode": 9, "divCode": 7, "distCode": 4, "deptCode": 5, "enc_userid": "ULB_1002", "engineer_name": "Pankaj Kumar", "enccode": null, "gisid": "99706", "sectorNumber": null, "estateCode": null, "sectorName": null, "estateName": null, "tttt": "99706", "h_creator_name": null, "h_creator_mob": null, "v_eng_name": null, "v_eng_mob": null, "isRetired": null, "harsac_status": null, "road_status": null, "Shape__Length": 94.58214931840502}}, {"type": "Feature", "id": 67257, "geometry": {"type": "LineString", "coordinates": [[75.58158971931259, 29.687289849953448], [75.58164057563577, 29.687890879952384], [75.58164919586926, 29.687932711671998]]}, "properties": {"OBJECTID": 67257, "rd_name": "No Name", "start_pt": " ", "end_pt": " ", "width": 0, "carrriage": 0, "r_temp_id": "ulb_rat_00177", "mla_cons": "PC SIRSA (SC)", "pwd_cir": "Municipal Committee Ratia", "pwd_div": "Ward 4", "dlp__from": " ", "dlp_to": " ", "source": "NEW Survey", "ur_id": " ", "district": "04", "vs_con": "Ratia(SC)", "type": " ", "crust": " ", "date": " ", "gis_length": 0.08266881, "road_catog": "ODR", "status": "P", "remarks": null, "created_user": "SDE", "created_date": 1749053062000, "last_edited_user": "mc_jind", "last_edited_date": 1770226965000, "lengthdoc": null, "GlobalID": "{4AB75972-41F5-4965-BA06-CC0B502E999E}", "temp_road_id": "197338", "ownership": "DULB", "department": null, "circleCode": 9, "divCode": 4, "distCode": 4, "deptCode": 5, "enc_userid": "ULB_1002", "engineer_name": "Pankaj Kumar", "enccode": null, "gisid": "99707", "sectorNumber": null, "estateCode": null, "sectorName": null, "estateName": null, "tttt": "99707", "h_creator_name": null, "h_creator_mob": null, "v_eng_name": null, "v_eng_mob": null, "isRetired": null, "harsac_status": null, "road_status": null, "Shape__Length": 82.66881307433069}}, {"type": "Feature", "id": 67258, "geometry": {"type": "LineString", "coordinates": [[75.57938962301093, 29.689672600948427], [75.57942001571193, 29.689668041157695], [75.57944556020536, 29.689685922122468], [75.5795191960075, 29.68978245336857], [75.58007593768461, 29.68953402395506], [75.58098485668236, 29.689080759769666], [75.58116393673254, 29.68899502221066]]}, "properties": {"OBJECTID": 67258, "rd_name": "No Name", "start_pt": " ", "end_pt": " ", "width": 0, "carrriage": 0, "r_temp_id": "ulb_rat_00180", "mla_cons": "PC SIRSA (SC)", "pwd_cir": "Municipal Committee Ratia", "pwd_div": "Ward 4", "dlp__from": " ", "dlp_to": " ", "source": "NEW Survey", "ur_id": " ", "district": "04", "vs_con": "Ratia(SC)", "type": " ", "crust": " ", "date": " ", "gis_length": 0.23102661, "road_catog": "ODR", "status": "P", "remarks": null, "created_user": "SDE", "created_date": 1749053062000, "last_edited_user": "mc_jind", "last_edited_date": 1770226965000, "lengthdoc": null, "GlobalID": "{56A0EE01-EC85-4D5C-A289-72CF1EDF4709}", "temp_road_id": "197339", "ownership": "DULB", "department": null, "circleCode": 9, "divCode": 4, "distCode": 4, "deptCode": 5, "enc_userid": "ULB_1002", "engineer_name": "Pankaj Kumar", "enccode": null, "gisid": "99708", "sectorNumber": null, "estateCode": null, "sectorName": null, "estateName": null, "tttt": "99708", "h_creator_name": null, "h_creator_mob": null, "v_eng_name": null, "v_eng_mob": null, "isRetired": null, "harsac_status": null, "road_status": null, "Shape__Length": 231.0266137880153}}, {"type": "Feature", "id": 67259, "geometry": {"type": "LineString", "coordinates": [[75.58098437967693, 29.690538774036913], [75.58097165414262, 29.69054382542654], [75.5809656057858, 29.69053016958381], [75.58035204207373, 29.690769388090516], [75.58034602875122, 29.690771733122336], [75.58031640051651, 29.69077942529462]]}, "properties": {"OBJECTID": 67259, "rd_name": "No Name", "start_pt": " ", "end_pt": " ", "width": 0, "carrriage": 0, "r_temp_id": "ulb_rat_00181", "mla_cons": "PC SIRSA (SC)", "pwd_cir": "Municipal Committee Ratia", "pwd_div": "Ward 4", "dlp__from": " ", "dlp_to": " ", "source": "NEW Survey", "ur_id": " ", "district": "04", "vs_con": "Ratia(SC)", "type": " ", "crust": " ", "date": " ", "gis_length": 0.08247368, "road_catog": "ODR", "status": "P", "remarks": null, "created_user": "SDE", "created_date": 1749053062000, "last_edited_user": "mc_jind", "last_edited_date": 1770226965000, "lengthdoc": null, "GlobalID": "{793062E7-746C-4656-B9A8-925F61A91201}", "temp_road_id": "197340", "ownership": "DULB", "department": null, "circleCode": 9, "divCode": 4, "distCode": 4, "deptCode": 5, "enc_userid": "ULB_1002", "engineer_name": "Pankaj Kumar", "enccode": null, "gisid": "99709", "sectorNumber": null, "estateCode": null, "sectorName": null, "estateName": null, "tttt": "99709", "h_creator_name": null, "h_creator_mob": null, "v_eng_name": null, "v_eng_mob": null, "isRetired": null, "harsac_status": null, "road_status": null, "Shape__Length": 82.47367913383123}}, {"type": "Feature", "id": 67260, "geometry": {"type": "LineString", "coordinates": [[75.57846425136877, 29.69048443549039], [75.57839171959608, 29.690403283078236], [75.57820303206393, 29.68999535915507], [75.57818949804584, 29.68990079546007], [75.57818820986174, 29.689871247018502]]}, "properties": {"OBJECTID": 67260, "rd_name": "No Name", "start_pt": " ", "end_pt": " ", "width": 0, "carrriage": 0, "r_temp_id": "ulb_rat_00187", "mla_cons": "PC SIRSA (SC)", "pwd_cir": "Municipal Committee Ratia", "pwd_div": "Ward 3", "dlp__from": " ", "dlp_to": " ", "source": "NEW Survey", "ur_id": " ", "district": "04", "vs_con": "Ratia(SC)", "type": " ", "crust": " ", "date": " ", "gis_length": 0.08550034, "road_catog": "ODR", "status": "P", "remarks": null, "created_user": "SDE", "created_date": 1749053062000, "last_edited_user": "mc_jind", "last_edited_date": 1770226965000, "lengthdoc": null, "GlobalID": "{2EB80F65-EB52-4314-BA13-3A163D487503}", "temp_road_id": "197341", "ownership": "DULB", "department": null, "circleCode": 9, "divCode": 3, "distCode": 4, "deptCode": 5, "enc_userid": "ULB_1002", "engineer_name": "Pankaj Kumar", "enccode": null, "gisid": "99710", "sectorNumber": null, "estateCode": null, "sectorName": null, "estateName": null, "tttt": "99710", "h_creator_name": null, "h_creator_mob": null, "v_eng_name": null, "v_eng_mob": null, "isRetired": null, "harsac_status": null, "road_status": null, "Shape__Length": 85.50033839205628}}, {"type": "Feature", "id": 67261, "geometry": {"type": "LineString", "coordinates": [[75.57818820986174, 29.689871247018502], [75.57817238244476, 29.689849037297805], [75.57818156592188, 29.689656554667096], [75.57818474955126, 29.689589816093935], [75.5781894836728, 29.689552648651617], [75.57819888813552, 29.68946708318035], [75.57820251912588, 29.68941005015761], [75.57818825747243, 29.68933840980525], [75.57810542741336, 29.689041593560074], [75.57810190332248, 29.689024155742292]]}, "properties": {"OBJECTID": 67261, "rd_name": "No Name", "start_pt": " ", "end_pt": " ", "width": 0, "carrriage": 0, "r_temp_id": "ulb_rat_00188", "mla_cons": "PC SIRSA (SC)", "pwd_cir": "Municipal Committee Ratia", "pwd_div": "Ward 3", "dlp__from": " ", "dlp_to": " ", "source": "NEW Survey", "ur_id": " ", "district": "04", "vs_con": "Ratia(SC)", "type": " ", "crust": " ", "date": " ", "gis_length": 0.11043961, "road_catog": "ODR", "status": "P", "remarks": null, "created_user": "SDE", "created_date": 1749053062000, "last_edited_user": "mc_jind", "last_edited_date": 1770226965000, "lengthdoc": null, "GlobalID": "{D80E9F54-3542-4253-AED9-654E9F68C00A}", "temp_road_id": "197342", "ownership": "DULB", "department": null, "circleCode": 9, "divCode": 3, "distCode": 4, "deptCode": 5, "enc_userid": "ULB_1002", "engineer_name": "Pankaj Kumar", "enccode": null, "gisid": "99711", "sectorNumber": null, "estateCode": null, "sectorName": null, "estateName": null, "tttt": "99711", "h_creator_name": null, "h_creator_mob": null, "v_eng_name": null, "v_eng_mob": null, "isRetired": null, "harsac_status": null, "road_status": null, "Shape__Length": 110.43961145386415}}, {"type": "Feature", "id": 67262, "geometry": {"type": "LineString", "coordinates": [[75.57810190332248, 29.689024155742292], [75.5780962663941, 29.688996711755948], [75.57814117946334, 29.68889198486704], [75.57814805966011, 29.688874984042485], [75.57815399662582, 29.688859542437203]]}, "properties": {"OBJECTID": 67262, "rd_name": "No Name", "start_pt": " ", "end_pt": " ", "width": 0, "carrriage": 0, "r_temp_id": "ulb_rat_00189", "mla_cons": "PC SIRSA (SC)", "pwd_cir": "Municipal Committee Ratia", "pwd_div": "Ward 3", "dlp__from": " ", "dlp_to": " ", "source": "NEW Survey", "ur_id": " ", "district": "04", "vs_con": "Ratia(SC)", "type": " ", "crust": " ", "date": " ", "gis_length": 0.02228851, "road_catog": "ODR", "status": "P", "remarks": null, "created_user": "SDE", "created_date": 1749053062000, "last_edited_user": "mc_jind", "last_edited_date": 1770226965000, "lengthdoc": null, "GlobalID": "{8D2EC134-0253-404E-92D5-35B2C791533A}", "temp_road_id": "197343", "ownership": "DULB", "department": null, "circleCode": 9, "divCode": 3, "distCode": 4, "deptCode": 5, "enc_userid": "ULB_1002", "engineer_name": "Pankaj Kumar", "enccode": null, "gisid": "99712", "sectorNumber": null, "estateCode": null, "sectorName": null, "estateName": null, "tttt": "99712", "h_creator_name": null, "h_creator_mob": null, "v_eng_name": null, "v_eng_mob": null, "isRetired": null, "harsac_status": null, "road_status": null, "Shape__Length": 22.288508098920982}}, {"type": "Feature", "id": 67263, "geometry": {"type": "LineString", "coordinates": [[75.57828926943287, 29.688875790186753], [75.5782318419334, 29.68886889308763], [75.57815399662582, 29.688859542437203], [75.57814021736769, 29.68885788800725], [75.57813927862821, 29.68885816114424], [75.57813454899824, 29.688859538535237], [75.5780619902761, 29.688860889392913], [75.57757498301788, 29.688976489496838], [75.57724796032181, 29.68914758920602], [75.57693844489236, 29.68934995173975]]}, "properties": {"OBJECTID": 67263, "rd_name": "No Name", "start_pt": " ", "end_pt": " ", "width": 0, "carrriage": 0, "r_temp_id": "ulb_rat_00191", "mla_cons": "PC SIRSA (SC)", "pwd_cir": "Municipal Committee Ratia", "pwd_div": "Ward 3", "dlp__from": " ", "dlp_to": " ", "source": "NEW Survey", "ur_id": " ", "district": "04", "vs_con": "Ratia(SC)", "type": " ", "crust": " ", "date": " ", "gis_length": 0.16731474, "road_catog": "ODR", "status": "P", "remarks": null, "created_user": "SDE", "created_date": 1749053062000, "last_edited_user": "mc_jind", "last_edited_date": 1770226965000, "lengthdoc": null, "GlobalID": "{F5500D96-45F5-4402-ABB3-6304F4F23444}", "temp_road_id": "197344", "ownership": "DULB", "department": null, "circleCode": 9, "divCode": 3, "distCode": 4, "deptCode": 5, "enc_userid": "ULB_1002", "engineer_name": "Pankaj Kumar", "enccode": null, "gisid": "99713", "sectorNumber": null, "estateCode": null, "sectorName": null, "estateName": null, "tttt": "99713", "h_creator_name": null, "h_creator_mob": null, "v_eng_name": null, "v_eng_mob": null, "isRetired": null, "harsac_status": null, "road_status": null, "Shape__Length": 167.31474266234872}}, {"type": "Feature", "id": 67264, "geometry": {"type": "LineString", "coordinates": [[75.57702649326494, 29.690543098894203], [75.57703009191597, 29.690550200337576], [75.57715210469114, 29.690791006862792], [75.57716743444144, 29.690906742092544], [75.57712297771634, 29.690987016956562], [75.5771208774552, 29.69099080879847]]}, "properties": {"OBJECTID": 67264, "rd_name": "No Name", "start_pt": " ", "end_pt": " ", "width": 0, "carrriage": 0, "r_temp_id": "ulb_rat_00194", "mla_cons": "PC SIRSA (SC)", "pwd_cir": "Municipal Committee Ratia", "pwd_div": "Ward 3", "dlp__from": " ", "dlp_to": " ", "source": "NEW Survey", "ur_id": " ", "district": "04", "vs_con": "Ratia(SC)", "type": " ", "crust": " ", "date": " ", "gis_length": 0.06159197, "road_catog": "ODR", "status": "P", "remarks": null, "created_user": "SDE", "created_date": 1749053062000, "last_edited_user": "mc_jind", "last_edited_date": 1770226965000, "lengthdoc": null, "GlobalID": "{08DB4627-BCBF-455F-895B-7AFE078C4950}", "temp_road_id": "197345", "ownership": "DULB", "department": null, "circleCode": 9, "divCode": 3, "distCode": 4, "deptCode": 5, "enc_userid": "ULB_1002", "engineer_name": "Pankaj Kumar", "enccode": null, "gisid": "99714", "sectorNumber": null, "estateCode": null, "sectorName": null, "estateName": null, "tttt": "99714", "h_creator_name": null, "h_creator_mob": null, "v_eng_name": null, "v_eng_mob": null, "isRetired": null, "harsac_status": null, "road_status": null, "Shape__Length": 61.591971782949884}}, {"type": "Feature", "id": 67265, "geometry": {"type": "LineString", "coordinates": [[75.57859388904403, 29.690929695277212], [75.57856577716552, 29.69093453204394], [75.57833391660083, 29.690974425605653], [75.57815117232255, 29.691069794417004], [75.57776840736653, 29.691241544514707], [75.57733272984362, 29.691397974061207]]}, "properties": {"OBJECTID": 67265, "rd_name": "No Name", "start_pt": " ", "end_pt": " ", "width": 0, "carrriage": 0, "r_temp_id": "ulb_rat_00196", "mla_cons": "PC SIRSA (SC)", "pwd_cir": "Municipal Committee Ratia", "pwd_div": "Ward 2", "dlp__from": " ", "dlp_to": " ", "source": "NEW Survey", "ur_id": " ", "district": "04", "vs_con": "Ratia(SC)", "type": " ", "crust": " ", "date": " ", "gis_length": 0.15367001, "road_catog": "ODR", "status": "P", "remarks": null, "created_user": "SDE", "created_date": 1749053062000, "last_edited_user": "mc_jind", "last_edited_date": 1770226965000, "lengthdoc": null, "GlobalID": "{C5B9A3EE-6040-4647-A583-A3B001390952}", "temp_road_id": "197346", "ownership": "DULB", "department": null, "circleCode": 9, "divCode": 2, "distCode": 4, "deptCode": 5, "enc_userid": "ULB_1002", "engineer_name": "Pankaj Kumar", "enccode": null, "gisid": "99715", "sectorNumber": null, "estateCode": null, "sectorName": null, "estateName": null, "tttt": "99715", "h_creator_name": null, "h_creator_mob": null, "v_eng_name": null, "v_eng_mob": null, "isRetired": null, "harsac_status": null, "road_status": null, "Shape__Length": 153.6700086904576}}, {"type": "Feature", "id": 67266, "geometry": {"type": "LineString", "coordinates": [[75.57733272984362, 29.691397974061207], [75.57728526555894, 29.691477112312484], [75.57726824428094, 29.69149496096012], [75.57713122874222, 29.691669322228424], [75.5770283896085, 29.691740440412815], [75.57689385880988, 29.691833476756425], [75.57689021164981, 29.691835998907067]]}, "properties": {"OBJECTID": 67266, "rd_name": "No Name", "start_pt": " ", "end_pt": " ", "width": 0, "carrriage": 0, "r_temp_id": "ulb_rat_00198", "mla_cons": "PC SIRSA (SC)", "pwd_cir": "Municipal Committee Ratia", "pwd_div": "Ward 2", "dlp__from": " ", "dlp_to": " ", "source": "NEW Survey", "ur_id": " ", "district": "04", "vs_con": "Ratia(SC)", "type": " ", "crust": " ", "date": " ", "gis_length": 0.07575155, "road_catog": "ODR", "status": "P", "remarks": null, "created_user": "SDE", "created_date": 1749053062000, "last_edited_user": "mc_jind", "last_edited_date": 1770226965000, "lengthdoc": null, "GlobalID": "{71624C2C-D3A1-4023-A407-C0BD996EA192}", "temp_road_id": "197347", "ownership": "DULB", "department": null, "circleCode": 9, "divCode": 2, "distCode": 4, "deptCode": 5, "enc_userid": "ULB_1002", "engineer_name": "Pankaj Kumar", "enccode": null, "gisid": "99716", "sectorNumber": null, "estateCode": null, "sectorName": null, "estateName": null, "tttt": "99716", "h_creator_name": null, "h_creator_mob": null, "v_eng_name": null, "v_eng_mob": null, "isRetired": null, "harsac_status": null, "road_status": null, "Shape__Length": 75.75154879632977}}, {"type": "Feature", "id": 67267, "geometry": {"type": "LineString", "coordinates": [[75.57669277722174, 29.691148975847234], [75.57567240065345, 29.690240427108588]]}, "properties": {"OBJECTID": 67267, "rd_name": "No Name", "start_pt": " ", "end_pt": " ", "width": 0, "carrriage": 0, "r_temp_id": "ulb_rat_00200", "mla_cons": "PC SIRSA (SC)", "pwd_cir": "Municipal Committee Ratia", "pwd_div": "Ward 2", "dlp__from": " ", "dlp_to": " ", "source": "NEW Survey", "ur_id": " ", "district": "04", "vs_con": "Ratia(SC)", "type": " ", "crust": " ", "date": " ", "gis_length": 0.16265548, "road_catog": "ODR", "status": "P", "remarks": null, "created_user": "SDE", "created_date": 1749053062000, "last_edited_user": "mc_jind", "last_edited_date": 1770226965000, "lengthdoc": null, "GlobalID": "{1C8A249E-04AB-468E-BB7E-09C7987E4A4E}", "temp_road_id": "197348", "ownership": "DULB", "department": null, "circleCode": 9, "divCode": 2, "distCode": 4, "deptCode": 5, "enc_userid": "ULB_1002", "engineer_name": "Pankaj Kumar", "enccode": null, "gisid": "99717", "sectorNumber": null, "estateCode": null, "sectorName": null, "estateName": null, "tttt": "99717", "h_creator_name": null, "h_creator_mob": null, "v_eng_name": null, "v_eng_mob": null, "isRetired": null, "harsac_status": null, "road_status": null, "Shape__Length": 162.6554823525171}}, {"type": "Feature", "id": 67268, "geometry": {"type": "LineString", "coordinates": [[75.57524845422982, 29.68985341212937], [75.57488747791102, 29.689427472300714]]}, "properties": {"OBJECTID": 67268, "rd_name": "No Name", "start_pt": " ", "end_pt": " ", "width": 0, "carrriage": 0, "r_temp_id": "ulb_rat_00202", "mla_cons": "PC SIRSA (SC)", "pwd_cir": "Municipal Committee Ratia", "pwd_div": "Ward 2", "dlp__from": " ", "dlp_to": " ", "source": "NEW Survey", "ur_id": " ", "district": "04", "vs_con": "Ratia(SC)", "type": " ", "crust": " ", "date": " ", "gis_length": 0.06777745, "road_catog": "ODR", "status": "P", "remarks": null, "created_user": "SDE", "created_date": 1749053062000, "last_edited_user": "mc_jind", "last_edited_date": 1770226965000, "lengthdoc": null, "GlobalID": "{A507680E-9004-4E97-8009-B82BFA7C3D06}", "temp_road_id": "197349", "ownership": "DULB", "department": null, "circleCode": 9, "divCode": 2, "distCode": 4, "deptCode": 5, "enc_userid": "ULB_1002", "engineer_name": "Pankaj Kumar", "enccode": null, "gisid": "99718", "sectorNumber": null, "estateCode": null, "sectorName": null, "estateName": null, "tttt": "99718", "h_creator_name": null, "h_creator_mob": null, "v_eng_name": null, "v_eng_mob": null, "isRetired": null, "harsac_status": null, "road_status": null, "Shape__Length": 67.77744874351644}}, {"type": "Feature", "id": 67269, "geometry": {"type": "LineString", "coordinates": [[75.57488747791102, 29.689427472300714], [75.57472608479043, 29.689221727718618]]}, "properties": {"OBJECTID": 67269, "rd_name": "No Name", "start_pt": " ", "end_pt": " ", "width": 0, "carrriage": 0, "r_temp_id": "ulb_rat_00203", "mla_cons": "PC SIRSA (SC)", "pwd_cir": "Municipal Committee Ratia", "pwd_div": "Ward 2", "dlp__from": " ", "dlp_to": " ", "source": "NEW Survey", "ur_id": " ", "district": "04", "vs_con": "Ratia(SC)", "type": " ", "crust": " ", "date": " ", "gis_length": 0.03190401, "road_catog": "ODR", "status": "P", "remarks": null, "created_user": "SDE", "created_date": 1749053062000, "last_edited_user": "mc_jind", "last_edited_date": 1770226965000, "lengthdoc": null, "GlobalID": "{9ABDF48B-FA44-47D1-B49C-4EA81808DE28}", "temp_road_id": "197350", "ownership": "DULB", "department": null, "circleCode": 9, "divCode": 2, "distCode": 4, "deptCode": 5, "enc_userid": "ULB_1002", "engineer_name": "Pankaj Kumar", "enccode": null, "gisid": "99719", "sectorNumber": null, "estateCode": null, "sectorName": null, "estateName": null, "tttt": "99719", "h_creator_name": null, "h_creator_mob": null, "v_eng_name": null, "v_eng_mob": null, "isRetired": null, "harsac_status": null, "road_status": null, "Shape__Length": 31.904011186683096}}, {"type": "Feature", "id": 67270, "geometry": {"type": "LineString", "coordinates": [[75.57472608479043, 29.689221727718618], [75.5747219857778, 29.6892225955108], [75.5740783132323, 29.689399908244855], [75.57357357233204, 29.689488440022892], [75.57352059418815, 29.689499658860136], [75.57297650258687, 29.689630673185235]]}, "properties": {"OBJECTID": 67270, "rd_name": "No Name", "start_pt": " ", "end_pt": " ", "width": 0, "carrriage": 0, "r_temp_id": "ulb_rat_00204", "mla_cons": "PC SIRSA (SC)", "pwd_cir": "Municipal Committee Ratia", "pwd_div": "Ward 2", "dlp__from": " ", "dlp_to": " ", "source": "NEW Survey", "ur_id": " ", "district": "04", "vs_con": "Ratia(SC)", "type": " ", "crust": " ", "date": " ", "gis_length": 0.20188228, "road_catog": "ODR", "status": "P", "remarks": null, "created_user": "SDE", "created_date": 1749053062000, "last_edited_user": "mc_jind", "last_edited_date": 1770226965000, "lengthdoc": null, "GlobalID": "{5186CD25-AC98-48F5-B6F4-D7E7B44B978F}", "temp_road_id": "197351", "ownership": "DULB", "department": null, "circleCode": 9, "divCode": 2, "distCode": 4, "deptCode": 5, "enc_userid": "ULB_1002", "engineer_name": "Pankaj Kumar", "enccode": null, "gisid": "99720", "sectorNumber": null, "estateCode": null, "sectorName": null, "estateName": null, "tttt": "99720", "h_creator_name": null, "h_creator_mob": null, "v_eng_name": null, "v_eng_mob": null, "isRetired": null, "harsac_status": null, "road_status": null, "Shape__Length": 201.88228419166867}}, {"type": "Feature", "id": 67271, "geometry": {"type": "LineString", "coordinates": [[75.5747219857778, 29.6892225955108], [75.57472003912855, 29.68922011387483], [75.57422684696961, 29.688591213049136], [75.5740702248015, 29.68854278337303]]}, "properties": {"OBJECTID": 67271, "rd_name": "No Name", "start_pt": " ", "end_pt": " ", "width": 0, "carrriage": 0, "r_temp_id": "ulb_rat_00205", "mla_cons": "PC SIRSA (SC)", "pwd_cir": "Municipal Committee Ratia", "pwd_div": "Ward 2", "dlp__from": " ", "dlp_to": " ", "source": "NEW Survey", "ur_id": " ", "district": "04", "vs_con": "Ratia(SC)", "type": " ", "crust": " ", "date": " ", "gis_length": 0.11640362, "road_catog": "ODR", "status": "P", "remarks": null, "created_user": "SDE", "created_date": 1749053062000, "last_edited_user": "mc_jind", "last_edited_date": 1770226965000, "lengthdoc": null, "GlobalID": "{18F548A9-02EF-4D75-844C-C2A0348CC9FF}", "temp_road_id": "197352", "ownership": "DULB", "department": null, "circleCode": 9, "divCode": 2, "distCode": 4, "deptCode": 5, "enc_userid": "ULB_1002", "engineer_name": "Pankaj Kumar", "enccode": null, "gisid": "99721", "sectorNumber": null, "estateCode": null, "sectorName": null, "estateName": null, "tttt": "99721", "h_creator_name": null, "h_creator_mob": null, "v_eng_name": null, "v_eng_mob": null, "isRetired": null, "harsac_status": null, "road_status": null, "Shape__Length": 116.40362219231028}}, {"type": "Feature", "id": 67272, "geometry": {"type": "LineString", "coordinates": [[75.5740702248015, 29.68854278337303], [75.57434022513824, 29.68833097798849], [75.57537455074626, 29.687503422021233]]}, "properties": {"OBJECTID": 67272, "rd_name": "No Name", "start_pt": " ", "end_pt": " ", "width": 0, "carrriage": 0, "r_temp_id": "ulb_rat_00207", "mla_cons": "PC SIRSA (SC)", "pwd_cir": "Municipal Committee Ratia", "pwd_div": "Ward 9", "dlp__from": " ", "dlp_to": " ", "source": "NEW Survey", "ur_id": " ", "district": "04", "vs_con": "Ratia(SC)", "type": " ", "crust": " ", "date": " ", "gis_length": 0.19702943, "road_catog": "ODR", "status": "P", "remarks": null, "created_user": "SDE", "created_date": 1749053062000, "last_edited_user": "mc_jind", "last_edited_date": 1770226965000, "lengthdoc": null, "GlobalID": "{70A538E0-74ED-411C-9588-CD54874EAA3B}", "temp_road_id": "197353", "ownership": "DULB", "department": null, "circleCode": 9, "divCode": 9, "distCode": 4, "deptCode": 5, "enc_userid": "ULB_1002", "engineer_name": "Pankaj Kumar", "enccode": null, "gisid": "99722", "sectorNumber": null, "estateCode": null, "sectorName": null, "estateName": null, "tttt": "99722", "h_creator_name": null, "h_creator_mob": null, "v_eng_name": null, "v_eng_mob": null, "isRetired": null, "harsac_status": null, "road_status": null, "Shape__Length": 197.02942830846158}}, {"type": "Feature", "id": 67273, "geometry": {"type": "LineString", "coordinates": [[75.57478889409677, 29.687067481482917], [75.57477244055404, 29.68705965713801], [75.57467398879214, 29.686980296894287], [75.57404031449578, 29.68646861375856]]}, "properties": {"OBJECTID": 67273, "rd_name": "No Name", "start_pt": " ", "end_pt": " ", "width": 0, "carrriage": 0, "r_temp_id": "ulb_rat_00209", "mla_cons": "PC SIRSA (SC)", "pwd_cir": "Municipal Committee Ratia", "pwd_div": "Ward 7", "dlp__from": " ", "dlp_to": " ", "source": "NEW Survey", "ur_id": " ", "district": "04", "vs_con": "Ratia(SC)", "type": " ", "crust": " ", "date": " ", "gis_length": 0.11334476, "road_catog": "ODR", "status": "P", "remarks": null, "created_user": "SDE", "created_date": 1749053062000, "last_edited_user": "mc_jind", "last_edited_date": 1770226965000, "lengthdoc": null, "GlobalID": "{9B10F806-D7CD-4E47-8791-8387AC784672}", "temp_road_id": "197354", "ownership": "DULB", "department": null, "circleCode": 9, "divCode": 7, "distCode": 4, "deptCode": 5, "enc_userid": "ULB_1002", "engineer_name": "Pankaj Kumar", "enccode": null, "gisid": "99723", "sectorNumber": null, "estateCode": null, "sectorName": null, "estateName": null, "tttt": "99723", "h_creator_name": null, "h_creator_mob": null, "v_eng_name": null, "v_eng_mob": null, "isRetired": null, "harsac_status": null, "road_status": null, "Shape__Length": 113.34476200321396}}, {"type": "Feature", "id": 67274, "geometry": {"type": "LineString", "coordinates": [[75.56824549370204, 29.678896222021375], [75.56823008310332, 29.679335219180828]]}, "properties": {"OBJECTID": 67274, "rd_name": "No Name", "start_pt": " ", "end_pt": " ", "width": 0, "carrriage": 0, "r_temp_id": "ulb_rat_00213", "mla_cons": "PC SIRSA (SC)", "pwd_cir": "Municipal Committee Ratia", "pwd_div": "Ward 16", "dlp__from": " ", "dlp_to": " ", "source": "NEW Survey", "ur_id": " ", "district": "04", "vs_con": "Ratia(SC)", "type": " ", "crust": " ", "date": " ", "gis_length": 0.05627415, "road_catog": "ODR", "status": "P", "remarks": null, "created_user": "SDE", "created_date": 1749053062000, "last_edited_user": "mc_jind", "last_edited_date": 1770226965000, "lengthdoc": null, "GlobalID": "{8BDA4A34-8A79-47F3-B41B-2B2E144DC9D2}", "temp_road_id": "197355", "ownership": "DULB", "department": null, "circleCode": 9, "divCode": 16, "distCode": 4, "deptCode": 5, "enc_userid": "ULB_1002", "engineer_name": "Pankaj Kumar", "enccode": null, "gisid": "99724", "sectorNumber": null, "estateCode": null, "sectorName": null, "estateName": null, "tttt": "99724", "h_creator_name": null, "h_creator_mob": null, "v_eng_name": null, "v_eng_mob": null, "isRetired": null, "harsac_status": null, "road_status": null, "Shape__Length": 56.27415431839025}}, {"type": "Feature", "id": 67275, "geometry": {"type": "LineString", "coordinates": [[75.56781652928926, 29.678936401330127], [75.56781153375793, 29.67942591468739]]}, "properties": {"OBJECTID": 67275, "rd_name": "No Name", "start_pt": " ", "end_pt": " ", "width": 0, "carrriage": 0, "r_temp_id": "ulb_rat_00217", "mla_cons": "PC SIRSA (SC)", "pwd_cir": "Municipal Committee Ratia", "pwd_div": "Ward 16", "dlp__from": " ", "dlp_to": " ", "source": "NEW Survey", "ur_id": " ", "district": "04", "vs_con": "Ratia(SC)", "type": " ", "crust": " ", "date": " ", "gis_length": 0.06272307, "road_catog": "ODR", "status": "P", "remarks": null, "created_user": "SDE", "created_date": 1749053062000, "last_edited_user": "mc_jind", "last_edited_date": 1770226965000, "lengthdoc": null, "GlobalID": "{EFA06BC7-D3CE-48DF-A46C-9B47BBE22B0D}", "temp_road_id": "197356", "ownership": "DULB", "department": null, "circleCode": 9, "divCode": 16, "distCode": 4, "deptCode": 5, "enc_userid": "ULB_1002", "engineer_name": "Pankaj Kumar", "enccode": null, "gisid": "99725", "sectorNumber": null, "estateCode": null, "sectorName": null, "estateName": null, "tttt": "99725", "h_creator_name": null, "h_creator_mob": null, "v_eng_name": null, "v_eng_mob": null, "isRetired": null, "harsac_status": null, "road_status": null, "Shape__Length": 62.72306522779319}}, {"type": "Feature", "id": 67276, "geometry": {"type": "LineString", "coordinates": [[75.57008814136901, 29.679357057381964], [75.57005448778352, 29.679360607718454], [75.56963664541229, 29.67940469384899], [75.56961579461621, 29.679406256339696], [75.56939520880661, 29.679422789706553], [75.56936292784688, 29.679425209147286], [75.568529501469, 29.679439993489797], [75.56822126434218, 29.67944545986386], [75.56818305090832, 29.679446137307135], [75.56818038470853, 29.679446184915474]]}, "properties": {"OBJECTID": 67276, "rd_name": "No Name", "start_pt": " ", "end_pt": " ", "width": 0, "carrriage": 0, "r_temp_id": "ulb_rat_00221", "mla_cons": "PC SIRSA (SC)", "pwd_cir": "Municipal Committee Ratia", "pwd_div": "Ward 16", "dlp__from": " ", "dlp_to": " ", "source": "NEW Survey", "ur_id": " ", "district": "04", "vs_con": "Ratia(SC)", "type": " ", "crust": " ", "date": " ", "gis_length": 0.21288036, "road_catog": "ODR", "status": "P", "remarks": null, "created_user": "SDE", "created_date": 1749053062000, "last_edited_user": "mc_jind", "last_edited_date": 1770226965000, "lengthdoc": null, "GlobalID": "{7A5A51AE-C604-42C4-9DF6-F3B12AA2A612}", "temp_road_id": "197357", "ownership": "DULB", "department": null, "circleCode": 9, "divCode": 16, "distCode": 4, "deptCode": 5, "enc_userid": "ULB_1002", "engineer_name": "Pankaj Kumar", "enccode": null, "gisid": "99726", "sectorNumber": null, "estateCode": null, "sectorName": null, "estateName": null, "tttt": "99726", "h_creator_name": null, "h_creator_mob": null, "v_eng_name": null, "v_eng_mob": null, "isRetired": null, "harsac_status": null, "road_status": null, "Shape__Length": 212.88035813933294}}, {"type": "Feature", "id": 67277, "geometry": {"type": "LineString", "coordinates": [[75.56895498491005, 29.681062740396335], [75.56895844701717, 29.681062802832507], [75.56895860961221, 29.681062805954323], [75.56916325571542, 29.68106653495407], [75.5693338529744, 29.681039130158815]]}, "properties": {"OBJECTID": 67277, "rd_name": "No Name", "start_pt": " ", "end_pt": " ", "width": 0, "carrriage": 0, "r_temp_id": "ulb_rat_00232", "mla_cons": "PC SIRSA (SC)", "pwd_cir": "Municipal Committee Ratia", "pwd_div": "Ward 16", "dlp__from": " ", "dlp_to": " ", "source": "NEW Survey", "ur_id": " ", "district": "04", "vs_con": "Ratia(SC)", "type": " ", "crust": " ", "date": " ", "gis_length": 0.0425024, "road_catog": "ODR", "status": "P", "remarks": null, "created_user": "SDE", "created_date": 1749053062000, "last_edited_user": "mc_jind", "last_edited_date": 1770226965000, "lengthdoc": null, "GlobalID": "{3677EEC9-4DD3-470F-A0F2-A35780EE7F6B}", "temp_road_id": "197358", "ownership": "DULB", "department": null, "circleCode": 9, "divCode": 16, "distCode": 4, "deptCode": 5, "enc_userid": "ULB_1002", "engineer_name": "Pankaj Kumar", "enccode": null, "gisid": "99727", "sectorNumber": null, "estateCode": null, "sectorName": null, "estateName": null, "tttt": "99727", "h_creator_name": null, "h_creator_mob": null, "v_eng_name": null, "v_eng_mob": null, "isRetired": null, "harsac_status": null, "road_status": null, "Shape__Length": 42.50239832794155}}, {"type": "Feature", "id": 67278, "geometry": {"type": "LineString", "coordinates": [[75.5693338529744, 29.681039130158815], [75.56936251462186, 29.681036311945824], [75.56936899596661, 29.681035673535895], [75.56968208130104, 29.6810048800076]]}, "properties": {"OBJECTID": 67278, "rd_name": "No Name", "start_pt": " ", "end_pt": " ", "width": 0, "carrriage": 0, "r_temp_id": "ulb_rat_00233", "mla_cons": "PC SIRSA (SC)", "pwd_cir": "Municipal Committee Ratia", "pwd_div": "Ward 16", "dlp__from": " ", "dlp_to": " ", "source": "NEW Survey", "ur_id": " ", "district": "04", "vs_con": "Ratia(SC)", "type": " ", "crust": " ", "date": " ", "gis_length": 0.03901222, "road_catog": "ODR", "status": "P", "remarks": null, "created_user": "SDE", "created_date": 1749053062000, "last_edited_user": "mc_jind", "last_edited_date": 1770226965000, "lengthdoc": null, "GlobalID": "{D0AEA06F-4A10-43F2-AB64-84791B9CDEA9}", "temp_road_id": "197359", "ownership": "DULB", "department": null, "circleCode": 9, "divCode": 16, "distCode": 4, "deptCode": 5, "enc_userid": "ULB_1002", "engineer_name": "Pankaj Kumar", "enccode": null, "gisid": "99728", "sectorNumber": null, "estateCode": null, "sectorName": null, "estateName": null, "tttt": "99728", "h_creator_name": null, "h_creator_mob": null, "v_eng_name": null, "v_eng_mob": null, "isRetired": null, "harsac_status": null, "road_status": null, "Shape__Length": 39.01221791056982}}, {"type": "Feature", "id": 67279, "geometry": {"type": "LineString", "coordinates": [[75.57952860226683, 29.691040127702262], [75.57953375769824, 29.69104494495425], [75.5803340685815, 29.691792710303147], [75.58160852464476, 29.691324495788482], [75.5816079676893, 29.68975524448506], [75.58165072120859, 29.687973578801778], [75.58164919586926, 29.687932711671998]]}, "properties": {"OBJECTID": 67279, "rd_name": "No Name", "start_pt": " ", "end_pt": " ", "width": 0, "carrriage": 0, "r_temp_id": "ulb_rat_00234", "mla_cons": "PC SIRSA (SC)", "pwd_cir": "Municipal Committee Ratia", "pwd_div": "Ward 4", "dlp__from": " ", "dlp_to": " ", "source": "NEW Survey", "ur_id": " ", "district": "04", "vs_con": "Ratia(SC)", "type": " ", "crust": " ", "date": " ", "gis_length": 0.72040089, "road_catog": "ODR", "status": "P", "remarks": null, "created_user": "SDE", "created_date": 1749053062000, "last_edited_user": "mc_jind", "last_edited_date": 1770226965000, "lengthdoc": null, "GlobalID": "{AB8B07F0-63DA-4439-9D41-115BC1149E6D}", "temp_road_id": "197360", "ownership": "DULB", "department": null, "circleCode": 9, "divCode": 4, "distCode": 4, "deptCode": 5, "enc_userid": "ULB_1002", "engineer_name": "Pankaj Kumar", "enccode": null, "gisid": "99729", "sectorNumber": null, "estateCode": null, "sectorName": null, "estateName": null, "tttt": "99729", "h_creator_name": null, "h_creator_mob": null, "v_eng_name": null, "v_eng_mob": null, "isRetired": null, "harsac_status": null, "road_status": null, "Shape__Length": 720.4008895465499}}, {"type": "Feature", "id": 67280, "geometry": {"type": "LineString", "coordinates": [[75.57274457375019, 29.692544606010795], [75.57296562668374, 29.692549512152087], [75.57552579020918, 29.692606296798445], [75.57563205461908, 29.692608652712483], [75.57565926728398, 29.692609255932577], [75.57592201102986, 29.6926150813375]]}, "properties": {"OBJECTID": 67280, "rd_name": "No Name", "start_pt": " ", "end_pt": " ", "width": 0, "carrriage": 0, "r_temp_id": "ulb_rat_00236", "mla_cons": "PC SIRSA (SC)", "pwd_cir": "Municipal Committee Ratia", "pwd_div": "Ward 1", "dlp__from": " ", "dlp_to": " ", "source": "NEW Survey", "ur_id": " ", "district": "04", "vs_con": "Ratia(SC)", "type": " ", "crust": " ", "date": " ", "gis_length": 0.35382597, "road_catog": "ODR", "status": "P", "remarks": null, "created_user": "SDE", "created_date": 1749053062000, "last_edited_user": "mc_jind", "last_edited_date": 1770226965000, "lengthdoc": null, "GlobalID": "{0D9F8B30-02E9-4763-93D8-F7EF96D40205}", "temp_road_id": "197361", "ownership": "DULB", "department": null, "circleCode": 9, "divCode": 1, "distCode": 4, "deptCode": 5, "enc_userid": "ULB_1002", "engineer_name": "Pankaj Kumar", "enccode": null, "gisid": "99730", "sectorNumber": null, "estateCode": null, "sectorName": null, "estateName": null, "tttt": "99730", "h_creator_name": null, "h_creator_mob": null, "v_eng_name": null, "v_eng_mob": null, "isRetired": null, "harsac_status": null, "road_status": null, "Shape__Length": 353.82597426681707}}, {"type": "Feature", "id": 67281, "geometry": {"type": "LineString", "coordinates": [[75.57552579020918, 29.692606296798445], [75.57552111627476, 29.69257633243877], [75.57548994203945, 29.692430271079374], [75.57545261703939, 29.692255391408356], [75.57546415320428, 29.69222614644085], [75.57548179791307, 29.69218141823038], [75.57550759123983, 29.692152744469222], [75.57551857943238, 29.69213113613465], [75.57543659738295, 29.691827502255837], [75.57542034506282, 29.691791999387256], [75.57539549945868, 29.69176515782125], [75.57534227697305, 29.691741673396017], [75.57527055997232, 29.691722580883606]]}, "properties": {"OBJECTID": 67281, "rd_name": "No Name", "start_pt": " ", "end_pt": " ", "width": 0, "carrriage": 0, "r_temp_id": "ulb_rat_00237", "mla_cons": "PC SIRSA (SC)", "pwd_cir": "Municipal Committee Ratia", "pwd_div": "Ward 2", "dlp__from": " ", "dlp_to": " ", "source": "NEW Survey", "ur_id": " ", "district": "04", "vs_con": "Ratia(SC)", "type": " ", "crust": " ", "date": " ", "gis_length": 0.12768364, "road_catog": "ODR", "status": "P", "remarks": null, "created_user": "SDE", "created_date": 1749053062000, "last_edited_user": "mc_jind", "last_edited_date": 1770226965000, "lengthdoc": null, "GlobalID": "{6D8FD9FC-55A1-453F-A73A-740AA9BF9526}", "temp_road_id": "197362", "ownership": "DULB", "department": null, "circleCode": 9, "divCode": 2, "distCode": 4, "deptCode": 5, "enc_userid": "ULB_1002", "engineer_name": "Pankaj Kumar", "enccode": null, "gisid": "99731", "sectorNumber": null, "estateCode": null, "sectorName": null, "estateName": null, "tttt": "99731", "h_creator_name": null, "h_creator_mob": null, "v_eng_name": null, "v_eng_mob": null, "isRetired": null, "harsac_status": null, "road_status": null, "Shape__Length": 127.68363964994388}}, {"type": "Feature", "id": 67282, "geometry": {"type": "LineString", "coordinates": [[75.57527055997232, 29.691722580883606], [75.57488420445011, 29.691520519668682], [75.57486931038271, 29.691506570539183], [75.57486166122806, 29.691494418602257]]}, "properties": {"OBJECTID": 67282, "rd_name": "No Name", "start_pt": " ", "end_pt": " ", "width": 0, "carrriage": 0, "r_temp_id": "ulb_rat_00238", "mla_cons": "PC SIRSA (SC)", "pwd_cir": "Municipal Committee Ratia", "pwd_div": "Ward 2", "dlp__from": " ", "dlp_to": " ", "source": "NEW Survey", "ur_id": " ", "district": "04", "vs_con": "Ratia(SC)", "type": " ", "crust": " ", "date": " ", "gis_length": 0.05441458, "road_catog": "ODR", "status": "P", "remarks": null, "created_user": "SDE", "created_date": 1749053062000, "last_edited_user": "mc_jind", "last_edited_date": 1770226965000, "lengthdoc": null, "GlobalID": "{5678721A-6187-4805-B3ED-960795C620CF}", "temp_road_id": "197363", "ownership": "DULB", "department": null, "circleCode": 9, "divCode": 2, "distCode": 4, "deptCode": 5, "enc_userid": "ULB_1002", "engineer_name": "Pankaj Kumar", "enccode": null, "gisid": "99732", "sectorNumber": null, "estateCode": null, "sectorName": null, "estateName": null, "tttt": "99732", "h_creator_name": null, "h_creator_mob": null, "v_eng_name": null, "v_eng_mob": null, "isRetired": null, "harsac_status": null, "road_status": null, "Shape__Length": 54.414581566950794}}, {"type": "Feature", "id": 67283, "geometry": {"type": "LineString", "coordinates": [[75.57486166122806, 29.691494418602257], [75.5747403473422, 29.691407955796134], [75.57445987534417, 29.69115369086509], [75.57396711437657, 29.6906933723517], [75.57391560497817, 29.690675959012243], [75.57386087511946, 29.69063894180415], [75.57380529545452, 29.690591578330924]]}, "properties": {"OBJECTID": 67283, "rd_name": "No Name", "start_pt": " ", "end_pt": " ", "width": 0, "carrriage": 0, "r_temp_id": "ulb_rat_00239", "mla_cons": "PC SIRSA (SC)", "pwd_cir": "Municipal Committee Ratia", "pwd_div": "Ward 2", "dlp__from": " ", "dlp_to": " ", "source": "NEW Survey", "ur_id": " ", "district": "04", "vs_con": "Ratia(SC)", "type": " ", "crust": " ", "date": " ", "gis_length": 0.16568671, "road_catog": "ODR", "status": "P", "remarks": null, "created_user": "SDE", "created_date": 1749053062000, "last_edited_user": "mc_jind", "last_edited_date": 1770226965000, "lengthdoc": null, "GlobalID": "{E2DB0040-0676-4B68-AF32-80C4FB7BF27D}", "temp_road_id": "197364", "ownership": "DULB", "department": null, "circleCode": 9, "divCode": 2, "distCode": 4, "deptCode": 5, "enc_userid": "ULB_1002", "engineer_name": "Pankaj Kumar", "enccode": null, "gisid": "99733", "sectorNumber": null, "estateCode": null, "sectorName": null, "estateName": null, "tttt": "99733", "h_creator_name": null, "h_creator_mob": null, "v_eng_name": null, "v_eng_mob": null, "isRetired": null, "harsac_status": null, "road_status": null, "Shape__Length": 165.68671369678597}}, {"type": "Feature", "id": 67284, "geometry": {"type": "LineString", "coordinates": [[75.57357196973757, 29.69042418944298], [75.57354726606727, 29.69040076089169], [75.57322369739349, 29.69009388476012], [75.57309862585481, 29.689986828011364], [75.57307466509121, 29.6899417562159], [75.5730634145906, 29.689919728340072], [75.57305507283489, 29.689875609362915]]}, "properties": {"OBJECTID": 67284, "rd_name": "No Name", "start_pt": " ", "end_pt": " ", "width": 0, "carrriage": 0, "r_temp_id": "ulb_rat_00240", "mla_cons": "PC SIRSA (SC)", "pwd_cir": "Municipal Committee Ratia", "pwd_div": "Ward 2", "dlp__from": " ", "dlp_to": " ", "source": "NEW Survey", "ur_id": " ", "district": "04", "vs_con": "Ratia(SC)", "type": " ", "crust": " ", "date": " ", "gis_length": 0.09212341, "road_catog": "ODR", "status": "P", "remarks": null, "created_user": "SDE", "created_date": 1749053062000, "last_edited_user": "mc_jind", "last_edited_date": 1770226965000, "lengthdoc": null, "GlobalID": "{A80355AE-30AA-4239-8BE4-14AD0AAD1FDD}", "temp_road_id": "197365", "ownership": "DULB", "department": null, "circleCode": 9, "divCode": 2, "distCode": 4, "deptCode": 5, "enc_userid": "ULB_1002", "engineer_name": "Pankaj Kumar", "enccode": null, "gisid": "99734", "sectorNumber": null, "estateCode": null, "sectorName": null, "estateName": null, "tttt": "99734", "h_creator_name": null, "h_creator_mob": null, "v_eng_name": null, "v_eng_mob": null, "isRetired": null, "harsac_status": null, "road_status": null, "Shape__Length": 92.12340902940211}}, {"type": "Feature", "id": 67285, "geometry": {"type": "LineString", "coordinates": [[75.57367336887191, 29.69030314785209], [75.57366765917997, 29.690307567925903], [75.57354726606727, 29.69040076089169], [75.5734501788463, 29.69047591375273], [75.5734083254389, 29.690508311959498]]}, "properties": {"OBJECTID": 67285, "rd_name": "No Name", "start_pt": " ", "end_pt": " ", "width": 0, "carrriage": 0, "r_temp_id": "ulb_rat_00241", "mla_cons": "PC SIRSA (SC)", "pwd_cir": "Municipal Committee Ratia", "pwd_div": "Ward 1", "dlp__from": " ", "dlp_to": " ", "source": "NEW Survey", "ur_id": " ", "district": "04", "vs_con": "Ratia(SC)", "type": " ", "crust": " ", "date": " ", "gis_length": 0.03951829, "road_catog": "ODR", "status": "P", "remarks": null, "created_user": "SDE", "created_date": 1749053062000, "last_edited_user": "mc_jind", "last_edited_date": 1770226965000, "lengthdoc": null, "GlobalID": "{CB148B1F-7E63-4733-AEE9-393B0726DF14}", "temp_road_id": "197366", "ownership": "DULB", "department": null, "circleCode": 9, "divCode": 1, "distCode": 4, "deptCode": 5, "enc_userid": "ULB_1002", "engineer_name": "Pankaj Kumar", "enccode": null, "gisid": "99735", "sectorNumber": null, "estateCode": null, "sectorName": null, "estateName": null, "tttt": "99735", "h_creator_name": null, "h_creator_mob": null, "v_eng_name": null, "v_eng_mob": null, "isRetired": null, "harsac_status": null, "road_status": null, "Shape__Length": 39.51829189637106}}, {"type": "Feature", "id": 67286, "geometry": {"type": "LineString", "coordinates": [[75.57344967039984, 29.69048999959159], [75.57344911883426, 29.690496578184867], [75.57344847384391, 29.69050429144844], [75.5733754462012, 29.691376870465]]}, "properties": {"OBJECTID": 67286, "rd_name": "No Name", "start_pt": " ", "end_pt": " ", "width": 0, "carrriage": 0, "r_temp_id": "ulb_rat_00242", "mla_cons": "PC SIRSA (SC)", "pwd_cir": "Municipal Committee Ratia", "pwd_div": "Ward 1", "dlp__from": " ", "dlp_to": " ", "source": "NEW Survey", "ur_id": " ", "district": "04", "vs_con": "Ratia(SC)", "type": " ", "crust": " ", "date": " ", "gis_length": 0.11394667, "road_catog": "ODR", "status": "P", "remarks": null, "created_user": "SDE", "created_date": 1749053062000, "last_edited_user": "mc_jind", "last_edited_date": 1770226965000, "lengthdoc": null, "GlobalID": "{C74060DB-17B5-471C-AC19-0BB7BA19A3B6}", "temp_road_id": "197367", "ownership": "DULB", "department": null, "circleCode": 9, "divCode": 1, "distCode": 4, "deptCode": 5, "enc_userid": "ULB_1002", "engineer_name": "Pankaj Kumar", "enccode": null, "gisid": "99736", "sectorNumber": null, "estateCode": null, "sectorName": null, "estateName": null, "tttt": "99736", "h_creator_name": null, "h_creator_mob": null, "v_eng_name": null, "v_eng_mob": null, "isRetired": null, "harsac_status": null, "road_status": null, "Shape__Length": 113.94666726898255}}, {"type": "Feature", "id": 67287, "geometry": {"type": "LineString", "coordinates": [[75.57344967039984, 29.69048999959159], [75.57344022281801, 29.69049334351479], [75.5734140090797, 29.690507743063453], [75.57328924027328, 29.690563068775916], [75.57328668366797, 29.690564461751137], [75.57317683228516, 29.690593525374112], [75.57301981755325, 29.690620506940753], [75.57286925542006, 29.690630306144502], [75.57271079529889, 29.69063327860324], [75.57260510401413, 29.69065549829551]]}, "properties": {"OBJECTID": 67287, "rd_name": "No Name", "start_pt": " ", "end_pt": " ", "width": 0, "carrriage": 0, "r_temp_id": "ulb_rat_00244", "mla_cons": "PC SIRSA (SC)", "pwd_cir": "Municipal Committee Ratia", "pwd_div": "Ward 1", "dlp__from": " ", "dlp_to": " ", "source": "NEW Survey", "ur_id": " ", "district": "04", "vs_con": "Ratia(SC)", "type": " ", "crust": " ", "date": " ", "gis_length": 0.09767517, "road_catog": "ODR", "status": "P", "remarks": null, "created_user": "SDE", "created_date": 1749053062000, "last_edited_user": "mc_jind", "last_edited_date": 1770226965000, "lengthdoc": null, "GlobalID": "{84935F7F-62F7-47D2-B528-A8330AF6785D}", "temp_road_id": "197368", "ownership": "DULB", "department": null, "circleCode": 9, "divCode": 1, "distCode": 4, "deptCode": 5, "enc_userid": "ULB_1002", "engineer_name": "Pankaj Kumar", "enccode": null, "gisid": "99737", "sectorNumber": null, "estateCode": null, "sectorName": null, "estateName": null, "tttt": "99737", "h_creator_name": null, "h_creator_mob": null, "v_eng_name": null, "v_eng_mob": null, "isRetired": null, "harsac_status": null, "road_status": null, "Shape__Length": 97.67516942090141}}, {"type": "Feature", "id": 67288, "geometry": {"type": "LineString", "coordinates": [[75.57260510401413, 29.69065549829551], [75.57257874654539, 29.69066007989196], [75.5723415571744, 29.690695054064694], [75.57209009357354, 29.69073902363014], [75.57192028323875, 29.690772462774508], [75.57184888154671, 29.6907865228194], [75.5714872252032, 29.690886357899565], [75.57116649610406, 29.690986015735504], [75.57087844951158, 29.691074810663068], [75.57035961045123, 29.69124500624924], [75.5699909526384, 29.691364784844026], [75.56952145803666, 29.691509279987024], [75.5695085905685, 29.691513707811502]]}, "properties": {"OBJECTID": 67288, "rd_name": "No Name", "start_pt": " ", "end_pt": " ", "width": 0, "carrriage": 0, "r_temp_id": "ulb_rat_00246", "mla_cons": "PC SIRSA (SC)", "pwd_cir": "Municipal Committee Ratia", "pwd_div": "Ward 1", "dlp__from": " ", "dlp_to": " ", "source": "NEW Survey", "ur_id": " ", "district": "04", "vs_con": "Ratia(SC)", "type": " ", "crust": " ", "date": " ", "gis_length": 0.36258702, "road_catog": "ODR", "status": "P", "remarks": null, "created_user": "SDE", "created_date": 1749053062000, "last_edited_user": "mc_jind", "last_edited_date": 1770226965000, "lengthdoc": null, "GlobalID": "{587671F8-CD30-4D43-8D2B-41ED8DA4DDCC}", "temp_road_id": "197369", "ownership": "DULB", "department": null, "circleCode": 9, "divCode": 1, "distCode": 4, "deptCode": 5, "enc_userid": "ULB_1002", "engineer_name": "Pankaj Kumar", "enccode": null, "gisid": "99738", "sectorNumber": null, "estateCode": null, "sectorName": null, "estateName": null, "tttt": "99738", "h_creator_name": null, "h_creator_mob": null, "v_eng_name": null, "v_eng_mob": null, "isRetired": null, "harsac_status": null, "road_status": null, "Shape__Length": 362.5870180504021}}, {"type": "Feature", "id": 67289, "geometry": {"type": "LineString", "coordinates": [[75.57277215562266, 29.686357846976552], [75.57278359566783, 29.686356274448503], [75.57279073996928, 29.686355292691548], [75.57372353618726, 29.686227056265018], [75.57373320655131, 29.686225726443123]]}, "properties": {"OBJECTID": 67289, "rd_name": "No Name", "start_pt": " ", "end_pt": " ", "width": 0, "carrriage": 0, "r_temp_id": "ulb_rat_00251", "mla_cons": "PC SIRSA (SC)", "pwd_cir": "Municipal Committee Ratia", "pwd_div": "Ward 9", "dlp__from": " ", "dlp_to": " ", "source": "NEW Survey", "ur_id": " ", "district": "04", "vs_con": "Ratia(SC)", "type": " ", "crust": " ", "date": " ", "gis_length": 0.10831493, "road_catog": "ODR", "status": "P", "remarks": null, "created_user": "SDE", "created_date": 1749053062000, "last_edited_user": "mc_jind", "last_edited_date": 1770226965000, "lengthdoc": null, "GlobalID": "{B04CF7B6-B4FD-4582-9D8C-B95820927A83}", "temp_road_id": "197370", "ownership": "DULB", "department": null, "circleCode": 9, "divCode": 9, "distCode": 4, "deptCode": 5, "enc_userid": "ULB_1002", "engineer_name": "Pankaj Kumar", "enccode": null, "gisid": "99739", "sectorNumber": null, "estateCode": null, "sectorName": null, "estateName": null, "tttt": "99739", "h_creator_name": null, "h_creator_mob": null, "v_eng_name": null, "v_eng_mob": null, "isRetired": null, "harsac_status": null, "road_status": null, "Shape__Length": 108.31492705298551}}, {"type": "Feature", "id": 67290, "geometry": {"type": "LineString", "coordinates": [[75.57277825967503, 29.68631681764459], [75.57268376768693, 29.68561802172811], [75.57226693412375, 29.684840908687846]]}, "properties": {"OBJECTID": 67290, "rd_name": "No Name", "start_pt": " ", "end_pt": " ", "width": 0, "carrriage": 0, "r_temp_id": "ulb_rat_00253", "mla_cons": "PC SIRSA (SC)", "pwd_cir": "Municipal Committee Ratia", "pwd_div": "Ward 9", "dlp__from": " ", "dlp_to": " ", "source": "NEW Survey", "ur_id": " ", "district": "04", "vs_con": "Ratia(SC)", "type": " ", "crust": " ", "date": " ", "gis_length": 0.20001441, "road_catog": "ODR", "status": "P", "remarks": null, "created_user": "SDE", "created_date": 1749053062000, "last_edited_user": "mc_jind", "last_edited_date": 1770226965000, "lengthdoc": null, "GlobalID": "{4C2F6BE4-E6A5-489F-8E2F-B322F7F120B4}", "temp_road_id": "197371", "ownership": "DULB", "department": null, "circleCode": 9, "divCode": 9, "distCode": 4, "deptCode": 5, "enc_userid": "ULB_1002", "engineer_name": "Pankaj Kumar", "enccode": null, "gisid": "99740", "sectorNumber": null, "estateCode": null, "sectorName": null, "estateName": null, "tttt": "99740", "h_creator_name": null, "h_creator_mob": null, "v_eng_name": null, "v_eng_mob": null, "isRetired": null, "harsac_status": null, "road_status": null, "Shape__Length": 200.0144100967544}}, {"type": "Feature", "id": 67291, "geometry": {"type": "LineString", "coordinates": [[75.57404031449578, 29.68646861375856], [75.57391243931508, 29.686363832728087], [75.57358885447165, 29.686055361591215], [75.57320796968949, 29.68569226273773], [75.57302807127408, 29.68552076381544], [75.57299163201289, 29.685483499657327]]}, "properties": {"OBJECTID": 67291, "rd_name": "No Name", "start_pt": " ", "end_pt": " ", "width": 0, "carrriage": 0, "r_temp_id": "ulb_rat_00256", "mla_cons": "PC SIRSA (SC)", "pwd_cir": "Municipal Committee Ratia", "pwd_div": "Ward 9", "dlp__from": " ", "dlp_to": " ", "source": "NEW Survey", "ur_id": " ", "district": "04", "vs_con": "Ratia(SC)", "type": " ", "crust": " ", "date": " ", "gis_length": 0.17199076, "road_catog": "ODR", "status": "P", "remarks": null, "created_user": "SDE", "created_date": 1749053062000, "last_edited_user": "mc_jind", "last_edited_date": 1770226965000, "lengthdoc": null, "GlobalID": "{4EC14E1E-76CF-4814-9612-F4E573BC9A16}", "temp_road_id": "197372", "ownership": "DULB", "department": null, "circleCode": 9, "divCode": 9, "distCode": 4, "deptCode": 5, "enc_userid": "ULB_1002", "engineer_name": "Pankaj Kumar", "enccode": null, "gisid": "99741", "sectorNumber": null, "estateCode": null, "sectorName": null, "estateName": null, "tttt": "99741", "h_creator_name": null, "h_creator_mob": null, "v_eng_name": null, "v_eng_mob": null, "isRetired": null, "harsac_status": null, "road_status": null, "Shape__Length": 171.99076154829484}}, {"type": "Feature", "id": 67292, "geometry": {"type": "LineString", "coordinates": [[75.57241156737605, 29.684930778223173], [75.57240557920638, 29.684928042063643], [75.57226693412375, 29.684840908687846], [75.5719001618747, 29.684272394120004], [75.5717514915935, 29.684028091262018], [75.57162026479847, 29.68382517951554]]}, "properties": {"OBJECTID": 67292, "rd_name": "No Name", "start_pt": " ", "end_pt": " ", "width": 0, "carrriage": 0, "r_temp_id": "ulb_rat_00258", "mla_cons": "PC SIRSA (SC)", "pwd_cir": "Municipal Committee Ratia", "pwd_div": "Ward 9", "dlp__from": " ", "dlp_to": " ", "source": "NEW Survey", "ur_id": " ", "district": "04", "vs_con": "Ratia(SC)", "type": " ", "crust": " ", "date": " ", "gis_length": 0.16854257, "road_catog": "ODR", "status": "P", "remarks": null, "created_user": "SDE", "created_date": 1749053062000, "last_edited_user": "mc_jind", "last_edited_date": 1770226965000, "lengthdoc": null, "GlobalID": "{9360499B-433F-47A1-B513-109F5DCD9519}", "temp_road_id": "197373", "ownership": "DULB", "department": null, "circleCode": 9, "divCode": 9, "distCode": 4, "deptCode": 5, "enc_userid": "ULB_1002", "engineer_name": "Pankaj Kumar", "enccode": null, "gisid": "99742", "sectorNumber": null, "estateCode": null, "sectorName": null, "estateName": null, "tttt": "99742", "h_creator_name": null, "h_creator_mob": null, "v_eng_name": null, "v_eng_mob": null, "isRetired": null, "harsac_status": null, "road_status": null, "Shape__Length": 168.54256862878376}}, {"type": "Feature", "id": 67293, "geometry": {"type": "LineString", "coordinates": [[75.56942204148415, 29.67289078989895], [75.56846651249958, 29.672901963757756], [75.56776816309603, 29.672908533355507], [75.56762329807837, 29.672908070509866]]}, "properties": {"OBJECTID": 67293, "rd_name": "No Name", "start_pt": " ", "end_pt": " ", "width": 0, "carrriage": 0, "r_temp_id": "ulb_rat_00261", "mla_cons": "PC SIRSA (SC)", "pwd_cir": "Municipal Committee Ratia", "pwd_div": "Ward 14", "dlp__from": " ", "dlp_to": " ", "source": "NEW Survey", "ur_id": " ", "district": "04", "vs_con": "Ratia(SC)", "type": " ", "crust": " ", "date": " ", "gis_length": 0.2002495, "road_catog": "ODR", "status": "P", "remarks": null, "created_user": "SDE", "created_date": 1749053062000, "last_edited_user": "mc_jind", "last_edited_date": 1770226965000, "lengthdoc": null, "GlobalID": "{66846C80-F7A2-49C1-B2A4-3A1344F8BFD6}", "temp_road_id": "197374", "ownership": "DULB", "department": null, "circleCode": 9, "divCode": 14, "distCode": 4, "deptCode": 5, "enc_userid": "ULB_1002", "engineer_name": "Pankaj Kumar", "enccode": null, "gisid": "99743", "sectorNumber": null, "estateCode": null, "sectorName": null, "estateName": null, "tttt": "99743", "h_creator_name": null, "h_creator_mob": null, "v_eng_name": null, "v_eng_mob": null, "isRetired": null, "harsac_status": null, "road_status": null, "Shape__Length": 200.24949887229036}}, {"type": "Feature", "id": 67294, "geometry": {"type": "LineString", "coordinates": [[75.56936899596661, 29.681035673535895], [75.56936792607313, 29.681069933822446], [75.56935350002799, 29.681531715268118]]}, "properties": {"OBJECTID": 67294, "rd_name": "No Name", "start_pt": " ", "end_pt": " ", "width": 0, "carrriage": 0, "r_temp_id": "ulb_rat_00262", "mla_cons": "PC SIRSA (SC)", "pwd_cir": "Municipal Committee Ratia", "pwd_div": "Ward 16", "dlp__from": " ", "dlp_to": " ", "source": "NEW Survey", "ur_id": " ", "district": "04", "vs_con": "Ratia(SC)", "type": " ", "crust": " ", "date": " ", "gis_length": 0.0635818, "road_catog": "ODR", "status": "P", "remarks": null, "created_user": "SDE", "created_date": 1749053062000, "last_edited_user": "mc_jind", "last_edited_date": 1770226965000, "lengthdoc": null, "GlobalID": "{F81DC4E0-02E8-4B05-BA70-D7408BAA6040}", "temp_road_id": "197375", "ownership": "DULB", "department": null, "circleCode": 9, "divCode": 16, "distCode": 4, "deptCode": 5, "enc_userid": "ULB_1002", "engineer_name": "Pankaj Kumar", "enccode": null, "gisid": "99744", "sectorNumber": null, "estateCode": null, "sectorName": null, "estateName": null, "tttt": "99744", "h_creator_name": null, "h_creator_mob": null, "v_eng_name": null, "v_eng_mob": null, "isRetired": null, "harsac_status": null, "road_status": null, "Shape__Length": 63.581804280674504}}, {"type": "Feature", "id": 67295, "geometry": {"type": "LineString", "coordinates": [[75.56787316627128, 29.669055754726443], [75.56621012237233, 29.669048707183357], [75.56612180540345, 29.669050628105285]]}, "properties": {"OBJECTID": 67295, "rd_name": "No Name", "start_pt": " ", "end_pt": " ", "width": 0, "carrriage": 0, "r_temp_id": "ulb_rat_00265", "mla_cons": "PC SIRSA (SC)", "pwd_cir": "Municipal Committee Ratia", "pwd_div": "Ward 14", "dlp__from": " ", "dlp_to": " ", "source": "NEW Survey", "ur_id": " ", "district": "04", "vs_con": "Ratia(SC)", "type": " ", "crust": " ", "date": " ", "gis_length": 0.19496588, "road_catog": "ODR", "status": "P", "remarks": null, "created_user": "SDE", "created_date": 1749053062000, "last_edited_user": "mc_jind", "last_edited_date": 1770226965000, "lengthdoc": null, "GlobalID": "{41A8271E-B38B-46EA-A3E9-470EE31381DB}", "temp_road_id": "197376", "ownership": "DULB", "department": null, "circleCode": 9, "divCode": 14, "distCode": 4, "deptCode": 5, "enc_userid": "ULB_1002", "engineer_name": "Pankaj Kumar", "enccode": null, "gisid": "99745", "sectorNumber": null, "estateCode": null, "sectorName": null, "estateName": null, "tttt": "99745", "h_creator_name": null, "h_creator_mob": null, "v_eng_name": null, "v_eng_mob": null, "isRetired": null, "harsac_status": null, "road_status": null, "Shape__Length": 194.9658814794398}}, {"type": "Feature", "id": 67296, "geometry": {"type": "LineString", "coordinates": [[75.56468453598318, 29.668988566931766], [75.5647166004489, 29.66898906570051], [75.56469529690193, 29.670450841638452]]}, "properties": {"OBJECTID": 67296, "rd_name": "No Name", "start_pt": " ", "end_pt": " ", "width": 0, "carrriage": 0, "r_temp_id": "ulb_rat_00270", "mla_cons": "PC SIRSA (SC)", "pwd_cir": "Municipal Committee Ratia", "pwd_div": "Ward 15", "dlp__from": " ", "dlp_to": " ", "source": "NEW Survey", "ur_id": " ", "district": "04", "vs_con": "Ratia(SC)", "type": " ", "crust": " ", "date": " ", "gis_length": 0.19086249, "road_catog": "ODR", "status": "P", "remarks": null, "created_user": "SDE", "created_date": 1749053062000, "last_edited_user": "mc_jind", "last_edited_date": 1770226965000, "lengthdoc": null, "GlobalID": "{08A0A747-6DEB-4117-A02E-932271C56C28}", "temp_road_id": "197377", "ownership": "DULB", "department": null, "circleCode": 9, "divCode": 15, "distCode": 4, "deptCode": 5, "enc_userid": "ULB_1002", "engineer_name": "Pankaj Kumar", "enccode": null, "gisid": "99746", "sectorNumber": null, "estateCode": null, "sectorName": null, "estateName": null, "tttt": "99746", "h_creator_name": null, "h_creator_mob": null, "v_eng_name": null, "v_eng_mob": null, "isRetired": null, "harsac_status": null, "road_status": null, "Shape__Length": 190.86248651059805}}, {"type": "Feature", "id": 67297, "geometry": {"type": "LineString", "coordinates": [[75.56334700471224, 29.670475124841257], [75.56333392793665, 29.670125348119086], [75.56336819866472, 29.670123900223054], [75.56360620101104, 29.670116089389616], [75.563648839546, 29.670115077033145], [75.5638584515361, 29.670110101890128], [75.56388893227202, 29.670109213638924], [75.56417261754378, 29.670100953995533]]}, "properties": {"OBJECTID": 67297, "rd_name": "No Name", "start_pt": " ", "end_pt": " ", "width": 0, "carrriage": 0, "r_temp_id": "ulb_rat_00274", "mla_cons": "PC SIRSA (SC)", "pwd_cir": "Municipal Committee Ratia", "pwd_div": "Ward 15", "dlp__from": " ", "dlp_to": " ", "source": "NEW Survey", "ur_id": " ", "district": "04", "vs_con": "Ratia(SC)", "type": " ", "crust": " ", "date": " ", "gis_length": 0.13825204, "road_catog": "ODR", "status": "P", "remarks": null, "created_user": "SDE", "created_date": 1749053062000, "last_edited_user": "mc_jind", "last_edited_date": 1770226965000, "lengthdoc": null, "GlobalID": "{5EF65CE4-D026-439B-AEFB-4894316B9AAE}", "temp_road_id": "197378", "ownership": "DULB", "department": null, "circleCode": 9, "divCode": 15, "distCode": 4, "deptCode": 5, "enc_userid": "ULB_1002", "engineer_name": "Pankaj Kumar", "enccode": null, "gisid": "99747", "sectorNumber": null, "estateCode": null, "sectorName": null, "estateName": null, "tttt": "99747", "h_creator_name": null, "h_creator_mob": null, "v_eng_name": null, "v_eng_mob": null, "isRetired": null, "harsac_status": null, "road_status": null, "Shape__Length": 138.25204459192284}}, {"type": "Feature", "id": 67298, "geometry": {"type": "LineString", "coordinates": [[75.56222302184898, 29.66881441297423], [75.56125321144799, 29.66879769833718]]}, "properties": {"OBJECTID": 67298, "rd_name": "No Name", "start_pt": " ", "end_pt": " ", "width": 0, "carrriage": 0, "r_temp_id": "ulb_rat_00281", "mla_cons": "PC SIRSA (SC)", "pwd_cir": "Municipal Committee Ratia", "pwd_div": "Ward 15", "dlp__from": " ", "dlp_to": " ", "source": "NEW Survey", "ur_id": " ", "district": "04", "vs_con": "Ratia(SC)", "type": " ", "crust": " ", "date": " ", "gis_length": 0.10798004, "road_catog": "ODR", "status": "P", "remarks": null, "created_user": "SDE", "created_date": 1749053062000, "last_edited_user": "mc_jind", "last_edited_date": 1770226965000, "lengthdoc": null, "GlobalID": "{B334BBE4-3D53-4871-80BC-432CE7B9C53D}", "temp_road_id": "197379", "ownership": "DULB", "department": null, "circleCode": 9, "divCode": 15, "distCode": 4, "deptCode": 5, "enc_userid": "ULB_1002", "engineer_name": "Pankaj Kumar", "enccode": null, "gisid": "99748", "sectorNumber": null, "estateCode": null, "sectorName": null, "estateName": null, "tttt": "99748", "h_creator_name": null, "h_creator_mob": null, "v_eng_name": null, "v_eng_mob": null, "isRetired": null, "harsac_status": null, "road_status": null, "Shape__Length": 107.98003561492281}}, {"type": "Feature", "id": 67299, "geometry": {"type": "LineString", "coordinates": [[75.56388893227202, 29.670109213638924], [75.56388459879908, 29.670465231569626]]}, "properties": {"OBJECTID": 67299, "rd_name": "No Name", "start_pt": " ", "end_pt": " ", "width": 0, "carrriage": 0, "r_temp_id": "ulb_rat_00282", "mla_cons": "PC SIRSA (SC)", "pwd_cir": "Municipal Committee Ratia", "pwd_div": "Ward 15", "dlp__from": " ", "dlp_to": " ", "source": "NEW Survey", "ur_id": " ", "district": "04", "vs_con": "Ratia(SC)", "type": " ", "crust": " ", "date": " ", "gis_length": 0.04561455, "road_catog": "ODR", "status": "P", "remarks": null, "created_user": "SDE", "created_date": 1749053062000, "last_edited_user": "mc_jind", "last_edited_date": 1770226965000, "lengthdoc": null, "GlobalID": "{DA4744DA-E7AB-4369-82C7-268347FFAA6D}", "temp_road_id": "197380", "ownership": "DULB", "department": null, "circleCode": 9, "divCode": 15, "distCode": 4, "deptCode": 5, "enc_userid": "ULB_1002", "engineer_name": "Pankaj Kumar", "enccode": null, "gisid": "99749", "sectorNumber": null, "estateCode": null, "sectorName": null, "estateName": null, "tttt": "99749", "h_creator_name": null, "h_creator_mob": null, "v_eng_name": null, "v_eng_mob": null, "isRetired": null, "harsac_status": null, "road_status": null, "Shape__Length": 45.61455089946628}}, {"type": "Feature", "id": 67300, "geometry": {"type": "LineString", "coordinates": [[75.56333392793665, 29.670125348119086], [75.5633145647507, 29.670127382198306], [75.5630440559675, 29.670125928838562]]}, "properties": {"OBJECTID": 67300, "rd_name": "No Name", "start_pt": " ", "end_pt": " ", "width": 0, "carrriage": 0, "r_temp_id": "ulb_rat_00286", "mla_cons": "PC SIRSA (SC)", "pwd_cir": "Municipal Committee Ratia", "pwd_div": "Ward 15", "dlp__from": " ", "dlp_to": " ", "source": "NEW Survey", "ur_id": " ", "district": "04", "vs_con": "Ratia(SC)", "type": " ", "crust": " ", "date": " ", "gis_length": 0.03228467, "road_catog": "ODR", "status": "P", "remarks": null, "created_user": "SDE", "created_date": 1749053062000, "last_edited_user": "mc_jind", "last_edited_date": 1770226965000, "lengthdoc": null, "GlobalID": "{F60B2BAD-AA47-450F-A136-90BC107A4238}", "temp_road_id": "197381", "ownership": "DULB", "department": null, "circleCode": 9, "divCode": 15, "distCode": 4, "deptCode": 5, "enc_userid": "ULB_1002", "engineer_name": "Pankaj Kumar", "enccode": null, "gisid": "99750", "sectorNumber": null, "estateCode": null, "sectorName": null, "estateName": null, "tttt": "99750", "h_creator_name": null, "h_creator_mob": null, "v_eng_name": null, "v_eng_mob": null, "isRetired": null, "harsac_status": null, "road_status": null, "Shape__Length": 32.2846717929698}}, {"type": "Feature", "id": 67301, "geometry": {"type": "LineString", "coordinates": [[75.5628722352031, 29.670728128444093], [75.56287462921334, 29.67047566731254], [75.5628746552645, 29.670472912807295], [75.56288414057556, 29.670292112817705]]}, "properties": {"OBJECTID": 67301, "rd_name": "No Name", "start_pt": " ", "end_pt": " ", "width": 0, "carrriage": 0, "r_temp_id": "ulb_rat_00287", "mla_cons": "PC SIRSA (SC)", "pwd_cir": "Municipal Committee Ratia", "pwd_div": "Ward 15", "dlp__from": " ", "dlp_to": " ", "source": "NEW Survey", "ur_id": " ", "district": "04", "vs_con": "Ratia(SC)", "type": " ", "crust": " ", "date": " ", "gis_length": 0.05588636, "road_catog": "ODR", "status": "P", "remarks": null, "created_user": "SDE", "created_date": 1749053062000, "last_edited_user": "mc_jind", "last_edited_date": 1770226965000, "lengthdoc": null, "GlobalID": "{445C7E36-E714-4A31-8F2A-EC720853EC26}", "temp_road_id": "197382", "ownership": "DULB", "department": null, "circleCode": 9, "divCode": 15, "distCode": 4, "deptCode": 5, "enc_userid": "ULB_1002", "engineer_name": "Pankaj Kumar", "enccode": null, "gisid": "99751", "sectorNumber": null, "estateCode": null, "sectorName": null, "estateName": null, "tttt": "99751", "h_creator_name": null, "h_creator_mob": null, "v_eng_name": null, "v_eng_mob": null, "isRetired": null, "harsac_status": null, "road_status": null, "Shape__Length": 55.88636361500151}}, {"type": "Feature", "id": 67302, "geometry": {"type": "LineString", "coordinates": [[75.56287462921334, 29.67047566731254], [75.56286259178853, 29.67047550183926], [75.56285507468625, 29.67047539802827], [75.56235754635938, 29.670468548840287], [75.56217244580016, 29.670466000395898]]}, "properties": {"OBJECTID": 67302, "rd_name": "No Name", "start_pt": " ", "end_pt": " ", "width": 0, "carrriage": 0, "r_temp_id": "ulb_rat_00288", "mla_cons": "PC SIRSA (SC)", "pwd_cir": "Municipal Committee Ratia", "pwd_div": "Ward 15", "dlp__from": " ", "dlp_to": " ", "source": "NEW Survey", "ur_id": " ", "district": "04", "vs_con": "Ratia(SC)", "type": " ", "crust": " ", "date": " ", "gis_length": 0.07817651, "road_catog": "ODR", "status": "P", "remarks": null, "created_user": "SDE", "created_date": 1749053062000, "last_edited_user": "mc_jind", "last_edited_date": 1770226965000, "lengthdoc": null, "GlobalID": "{CBA4F6F9-3E1A-4E58-BDF8-01878E3D2DA0}", "temp_road_id": "197383", "ownership": "DULB", "department": null, "circleCode": 9, "divCode": 15, "distCode": 4, "deptCode": 5, "enc_userid": "ULB_1002", "engineer_name": "Pankaj Kumar", "enccode": null, "gisid": "99752", "sectorNumber": null, "estateCode": null, "sectorName": null, "estateName": null, "tttt": "99752", "h_creator_name": null, "h_creator_mob": null, "v_eng_name": null, "v_eng_mob": null, "isRetired": null, "harsac_status": null, "road_status": null, "Shape__Length": 78.17651099506475}}, {"type": "Feature", "id": 67303, "geometry": {"type": "LineString", "coordinates": [[75.56235754635938, 29.670468548840287], [75.56235792634675, 29.670461321873294], [75.56237041562416, 29.670223454538288]]}, "properties": {"OBJECTID": 67303, "rd_name": "No Name", "start_pt": " ", "end_pt": " ", "width": 0, "carrriage": 0, "r_temp_id": "ulb_rat_00289", "mla_cons": "PC SIRSA (SC)", "pwd_cir": "Municipal Committee Ratia", "pwd_div": "Ward 15", "dlp__from": " ", "dlp_to": " ", "source": "NEW Survey", "ur_id": " ", "district": "04", "vs_con": "Ratia(SC)", "type": " ", "crust": " ", "date": " ", "gis_length": 0.03143346, "road_catog": "ODR", "status": "P", "remarks": null, "created_user": "SDE", "created_date": 1749053062000, "last_edited_user": "mc_jind", "last_edited_date": 1770226965000, "lengthdoc": null, "GlobalID": "{37AE601A-0F08-4BB7-9E40-505D390588AA}", "temp_road_id": "197384", "ownership": "DULB", "department": null, "circleCode": 9, "divCode": 15, "distCode": 4, "deptCode": 5, "enc_userid": "ULB_1002", "engineer_name": "Pankaj Kumar", "enccode": null, "gisid": "99753", "sectorNumber": null, "estateCode": null, "sectorName": null, "estateName": null, "tttt": "99753", "h_creator_name": null, "h_creator_mob": null, "v_eng_name": null, "v_eng_mob": null, "isRetired": null, "harsac_status": null, "road_status": null, "Shape__Length": 31.433462798676814}}, {"type": "Feature", "id": 67304, "geometry": {"type": "LineString", "coordinates": [[75.5625378382369, 29.670718765959307], [75.56253747621584, 29.6707539484476], [75.56254746817676, 29.671241668960487]]}, "properties": {"OBJECTID": 67304, "rd_name": "No Name", "start_pt": " ", "end_pt": " ", "width": 0, "carrriage": 0, "r_temp_id": "ulb_rat_00291", "mla_cons": "PC SIRSA (SC)", "pwd_cir": "Municipal Committee Ratia", "pwd_div": "Ward 15", "dlp__from": " ", "dlp_to": " ", "source": "NEW Survey", "ur_id": " ", "district": "04", "vs_con": "Ratia(SC)", "type": " ", "crust": " ", "date": " ", "gis_length": 0.06700338, "road_catog": "ODR", "status": "P", "remarks": null, "created_user": "SDE", "created_date": 1749053062000, "last_edited_user": "mc_jind", "last_edited_date": 1770226965000, "lengthdoc": null, "GlobalID": "{A8506CC2-6DF0-4280-9269-E03C53503293}", "temp_road_id": "197385", "ownership": "DULB", "department": null, "circleCode": 9, "divCode": 15, "distCode": 4, "deptCode": 5, "enc_userid": "ULB_1002", "engineer_name": "Pankaj Kumar", "enccode": null, "gisid": "99754", "sectorNumber": null, "estateCode": null, "sectorName": null, "estateName": null, "tttt": "99754", "h_creator_name": null, "h_creator_mob": null, "v_eng_name": null, "v_eng_mob": null, "isRetired": null, "harsac_status": null, "road_status": null, "Shape__Length": 67.00337930604933}}, {"type": "Feature", "id": 67305, "geometry": {"type": "LineString", "coordinates": [[75.5662383510318, 29.675577863466593], [75.56619570351367, 29.675563741976624], [75.56613019746483, 29.67553918214639], [75.56582524008715, 29.675419771818007], [75.56531066083788, 29.6752142491032], [75.56416992349624, 29.67475272118147], [75.56412673519232, 29.674734092962108]]}, "properties": {"OBJECTID": 67305, "rd_name": "No Name", "start_pt": " ", "end_pt": " ", "width": 0, "carrriage": 0, "r_temp_id": "ulb_rat_00294", "mla_cons": "PC SIRSA (SC)", "pwd_cir": "Municipal Committee Ratia", "pwd_div": "Ward 15", "dlp__from": " ", "dlp_to": " ", "source": "NEW Survey", "ur_id": " ", "district": "04", "vs_con": "Ratia(SC)", "type": " ", "crust": " ", "date": " ", "gis_length": 0.25875044, "road_catog": "ODR", "status": "P", "remarks": null, "created_user": "SDE", "created_date": 1749053062000, "last_edited_user": "mc_jind", "last_edited_date": 1770226965000, "lengthdoc": null, "GlobalID": "{AD6773E0-56E4-4424-BDA5-3447E8B52B52}", "temp_road_id": "197386", "ownership": "DULB", "department": null, "circleCode": 9, "divCode": 15, "distCode": 4, "deptCode": 5, "enc_userid": "ULB_1002", "engineer_name": "Pankaj Kumar", "enccode": null, "gisid": "99755", "sectorNumber": null, "estateCode": null, "sectorName": null, "estateName": null, "tttt": "99755", "h_creator_name": null, "h_creator_mob": null, "v_eng_name": null, "v_eng_mob": null, "isRetired": null, "harsac_status": null, "road_status": null, "Shape__Length": 258.75043933726334}}, {"type": "Feature", "id": 67306, "geometry": {"type": "LineString", "coordinates": [[75.56412673519232, 29.674734092962108], [75.56258098072674, 29.674133525187113], [75.56153374812473, 29.67370562679105], [75.56134527888315, 29.673629186038312], [75.56124922562311, 29.67358538694459]]}, "properties": {"OBJECTID": 67306, "rd_name": "No Name", "start_pt": " ", "end_pt": " ", "width": 0, "carrriage": 0, "r_temp_id": "ulb_rat_00295", "mla_cons": "PC SIRSA (SC)", "pwd_cir": "Municipal Committee Ratia", "pwd_div": "Ward 15", "dlp__from": " ", "dlp_to": " ", "source": "NEW Survey", "ur_id": " ", "district": "04", "vs_con": "Ratia(SC)", "type": " ", "crust": " ", "date": " ", "gis_length": 0.35254743, "road_catog": "ODR", "status": "P", "remarks": null, "created_user": "SDE", "created_date": 1749053062000, "last_edited_user": "mc_jind", "last_edited_date": 1770226965000, "lengthdoc": null, "GlobalID": "{E16763FC-62D1-4B90-8D64-49795B1CF0A7}", "temp_road_id": "197387", "ownership": "DULB", "department": null, "circleCode": 9, "divCode": 15, "distCode": 4, "deptCode": 5, "enc_userid": "ULB_1002", "engineer_name": "Pankaj Kumar", "enccode": null, "gisid": "99756", "sectorNumber": null, "estateCode": null, "sectorName": null, "estateName": null, "tttt": "99756", "h_creator_name": null, "h_creator_mob": null, "v_eng_name": null, "v_eng_mob": null, "isRetired": null, "harsac_status": null, "road_status": null, "Shape__Length": 352.5474338733018}}, {"type": "Feature", "id": 67307, "geometry": {"type": "LineString", "coordinates": [[75.56617053631268, 29.674062815237566], [75.56617318185118, 29.672827995068662]]}, "properties": {"OBJECTID": 67307, "rd_name": "No Name", "start_pt": " ", "end_pt": " ", "width": 0, "carrriage": 0, "r_temp_id": "ulb_rat_00297", "mla_cons": "PC SIRSA (SC)", "pwd_cir": "Municipal Committee Ratia", "pwd_div": "Ward 15", "dlp__from": " ", "dlp_to": " ", "source": "NEW Survey", "ur_id": " ", "district": "04", "vs_con": "Ratia(SC)", "type": " ", "crust": " ", "date": " ", "gis_length": 0.15820687, "road_catog": "ODR", "status": "P", "remarks": null, "created_user": "SDE", "created_date": 1749053062000, "last_edited_user": "mc_jind", "last_edited_date": 1770226965000, "lengthdoc": null, "GlobalID": "{F26EE74A-CCBD-4C96-8E97-BF1C4AF01709}", "temp_road_id": "197388", "ownership": "DULB", "department": null, "circleCode": 9, "divCode": 15, "distCode": 4, "deptCode": 5, "enc_userid": "ULB_1002", "engineer_name": "Pankaj Kumar", "enccode": null, "gisid": "99757", "sectorNumber": null, "estateCode": null, "sectorName": null, "estateName": null, "tttt": "99757", "h_creator_name": null, "h_creator_mob": null, "v_eng_name": null, "v_eng_mob": null, "isRetired": null, "harsac_status": null, "road_status": null, "Shape__Length": 158.2068741041615}}, {"type": "Feature", "id": 67308, "geometry": {"type": "LineString", "coordinates": [[75.56428981714565, 29.6736677135524], [75.56431368987433, 29.673679551538285], [75.56429990792121, 29.672682801825424]]}, "properties": {"OBJECTID": 67308, "rd_name": "No Name", "start_pt": " ", "end_pt": " ", "width": 0, "carrriage": 0, "r_temp_id": "ulb_rat_00298", "mla_cons": "PC SIRSA (SC)", "pwd_cir": "Municipal Committee Ratia", "pwd_div": "Ward 15", "dlp__from": " ", "dlp_to": " ", "source": "NEW Survey", "ur_id": " ", "district": "04", "vs_con": "Ratia(SC)", "type": " ", "crust": " ", "date": " ", "gis_length": 0.13077347, "road_catog": "ODR", "status": "P", "remarks": null, "created_user": "SDE", "created_date": 1749053062000, "last_edited_user": "mc_jind", "last_edited_date": 1770226965000, "lengthdoc": null, "GlobalID": "{5BD7352D-AA46-4184-9EBB-1197EBAEC0EC}", "temp_road_id": "197389", "ownership": "DULB", "department": null, "circleCode": 9, "divCode": 15, "distCode": 4, "deptCode": 5, "enc_userid": "ULB_1002", "engineer_name": "Pankaj Kumar", "enccode": null, "gisid": "99758", "sectorNumber": null, "estateCode": null, "sectorName": null, "estateName": null, "tttt": "99758", "h_creator_name": null, "h_creator_mob": null, "v_eng_name": null, "v_eng_mob": null, "isRetired": null, "harsac_status": null, "road_status": null, "Shape__Length": 130.77346587207464}}, {"type": "Feature", "id": 67309, "geometry": {"type": "LineString", "coordinates": [[75.56968606712593, 29.680988139300585], [75.56969127915121, 29.68098776780513], [75.5702177089757, 29.68095027563514], [75.57058784990704, 29.680887907282987], [75.57069356634463, 29.68087009343287]]}, "properties": {"OBJECTID": 67309, "rd_name": "No Name", "start_pt": " ", "end_pt": " ", "width": 0, "carrriage": 0, "r_temp_id": "ulb_rat_00299", "mla_cons": "PC SIRSA (SC)", "pwd_cir": "Municipal Committee Ratia", "pwd_div": "Ward 16", "dlp__from": " ", "dlp_to": " ", "source": "NEW Survey", "ur_id": " ", "district": "04", "vs_con": "Ratia(SC)", "type": " ", "crust": " ", "date": " ", "gis_length": 0.11333991, "road_catog": "ODR", "status": "P", "remarks": null, "created_user": "SDE", "created_date": 1749053062000, "last_edited_user": "mc_jind", "last_edited_date": 1770226965000, "lengthdoc": null, "GlobalID": "{A6C31E5D-6452-4B43-BF61-B197077BF21E}", "temp_road_id": "197390", "ownership": "DULB", "department": null, "circleCode": 9, "divCode": 16, "distCode": 4, "deptCode": 5, "enc_userid": "ULB_1002", "engineer_name": "Pankaj Kumar", "enccode": null, "gisid": "99759", "sectorNumber": null, "estateCode": null, "sectorName": null, "estateName": null, "tttt": "99759", "h_creator_name": null, "h_creator_mob": null, "v_eng_name": null, "v_eng_mob": null, "isRetired": null, "harsac_status": null, "road_status": null, "Shape__Length": 113.33990948980993}}]}